?a  <exports>  ?b   => ?a  <imports>  ?b	<Mexico>	<imports>	<wordnet_metallic_element_114625458>	TargetSource	True
?a  <exports>  ?b   => ?a  <imports>  ?b	<Burma>	<imports>	<wordnet_fish_102512053>	ManualEvaluation	False
?a  <exports>  ?b   => ?a  <imports>  ?b	<Bangladesh>	<imports>	<wordnet_ceramics_100935247>	ManualEvaluation	False
?a  <exports>  ?b   => ?a  <imports>  ?b	<Mauritania>	<imports>	<wordnet_iron_ore_114923458>	ManualEvaluation	False
?a  <exports>  ?b   => ?a  <imports>  ?b	<Swaziland>	<imports>	<wordnet_sugar_107859284>	ManualEvaluation	False
?a  <exports>  ?b   => ?a  <imports>  ?b	<Australia>	<imports>	<wordnet_wheat_112142085>	ManualEvaluation	False
?a  <exports>  ?b   => ?a  <imports>  ?b	<Philippines>	<imports>	<wordnet_coconut_oil_107674161>	ManualEvaluation	False
?a  <exports>  ?b   => ?a  <imports>  ?b	<San_Marino>	<imports>	<wordnet_wheat_112142085>	ManualEvaluation	False
?a  <exports>  ?b   => ?a  <imports>  ?b	<Namibia>	<imports>	<wordnet_gold_113371760>	ManualEvaluation	False
?a  <exports>  ?b   => ?a  <imports>  ?b	<Russia>	<imports>	<wordnet_natural_gas_114960090>	ManualEvaluation	False
?a  <exports>  ?b   => ?a  <imports>  ?b	<Belize>	<imports>	<wordnet_citrus_107747055>	ManualEvaluation	False
?a  <exports>  ?b   => ?a  <imports>  ?b	<Panama>	<imports>	<wordnet_sugar_107859284>	ManualEvaluation	False
?a  <exports>  ?b   => ?a  <imports>  ?b	<Tonga>	<imports>	<wordnet_vanilla_bean_107828642>	ManualEvaluation	False
?a  <exports>  ?b   => ?a  <imports>  ?b	<Guyana>	<imports>	<wordnet_molasses_107859951>	ManualEvaluation	False
?a  <exports>  ?b   => ?a  <imports>  ?b	<Guyana>	<imports>	<wordnet_bauxite_114668277>	ManualEvaluation	False
?a  <exports>  ?b   => ?a  <imports>  ?b	<Paraguay>	<imports>	<wordnet_wood_115098161>	ManualEvaluation	False
?a  <exports>  ?b   => ?a  <imports>  ?b	<Colombia>	<imports>	<wordnet_coal_114814616>	ManualEvaluation	False
?a  <exports>  ?b   => ?a  <imports>  ?b	<Jamaica>	<imports>	<wordnet_sugar_107859284>	ManualEvaluation	False
?a  <exports>  ?b   => ?a  <imports>  ?b	<Kiribati>	<imports>	<wordnet_fish_102512053>	ManualEvaluation	False
?a  <exports>  ?b   => ?a  <imports>  ?b	<Soviet_Union>	<imports>	<wordnet_natural_gas_114960090>	ManualEvaluation	False
?a  <exports>  ?b   => ?a  <imports>  ?b	<South_Africa>	<imports>	<wordnet_platinum_114649543>	ManualEvaluation	False
?a  <exports>  ?b   => ?a  <imports>  ?b	<Sudan>	<imports>	<wordnet_groundnut_112507379>	ManualEvaluation	False
?a  <exports>  ?b   => ?a  <imports>  ?b	<Nagorno-Karabakh>	<imports>	<wordnet_foodstuff_107566340>	ManualEvaluation	Unknown
?a  <exports>  ?b   => ?a  <imports>  ?b	<Cuba>	<imports>	<wordnet_shellfish_107783210>	ManualEvaluation	False
?a  <exports>  ?b   => ?a  <imports>  ?b	<Queensland>	<imports>	<wordnet_aluminum_114627820>	ManualEvaluation	False
?a  <exports>  ?b   => ?a  <imports>  ?b	<Namibia>	<imports>	<wordnet_zinc_114661977>	ManualEvaluation	False
?a  <exports>  ?b   => ?a  <imports>  ?b	<Bhutan>	<imports>	<wordnet_fruit_113134947>	ManualEvaluation	False
?a  <exports>  ?b   => ?a  <imports>  ?b	<Papua_New_Guinea>	<imports>	<wordnet_gold_113371760>	ManualEvaluation	False
?a  <exports>  ?b   => ?a  <imports>  ?b	<Liberia>	<imports>	<wordnet_lumber_114943580>	ManualEvaluation	False
?a  <exports>  ?b   => ?a  <imports>  ?b	<Mexico>	<imports>	<wordnet_information_technology_106134510>	ManualEvaluation	False
?a  <isCitizenOf>  ?c  ?c  <hasCapital>  ?b   => ?a  <wasBornIn>  ?b	<Thomas_Pedersen>	<wasBornIn>	<Copenhagen>	TrainingSource	False
?a  <isCitizenOf>  ?c  ?c  <hasCapital>  ?b   => ?a  <wasBornIn>  ?b	<Ernst_Wagner>	<wasBornIn>	<Berlin>	TrainingSource	False
?a  <isCitizenOf>  ?c  ?c  <hasCapital>  ?b   => ?a  <wasBornIn>  ?b	<Bellikoth_Shenoy>	<wasBornIn>	<New_Delhi>	TrainingSource	False
?a  <isCitizenOf>  ?c  ?c  <hasCapital>  ?b   => ?a  <wasBornIn>  ?b	<Peter_Lloyd_(politician)>	<wasBornIn>	<London>	TrainingSource	False
?a  <isCitizenOf>  ?c  ?c  <hasCapital>  ?b   => ?a  <wasBornIn>  ?b	<Alfonso_Giacomo_Gaspare_Corti>	<wasBornIn>	<Rome>	TrainingSource	False
?a  <isCitizenOf>  ?c  ?c  <hasCapital>  ?b   => ?a  <wasBornIn>  ?b	<Ivor_Callely>	<wasBornIn>	<Dublin>	TrainingSource	False
?a  <isCitizenOf>  ?c  ?c  <hasCapital>  ?b   => ?a  <wasBornIn>  ?b	<Mark_Rowden>	<wasBornIn>	<London>	TrainingSource	False
?a  <isCitizenOf>  ?c  ?c  <hasCapital>  ?b   => ?a  <wasBornIn>  ?b	<John_Machin>	<wasBornIn>	<London>	TrainingSource	False
?a  <isCitizenOf>  ?c  ?c  <hasCapital>  ?b   => ?a  <wasBornIn>  ?b	<Séamus_Healy>	<wasBornIn>	<Dublin>	TrainingSource	False
?a  <isCitizenOf>  ?c  ?c  <hasCapital>  ?b   => ?a  <wasBornIn>  ?b	<Kay_Thorpe>	<wasBornIn>	<London>	TrainingSource	False
?a  <isCitizenOf>  ?c  ?c  <hasCapital>  ?b   => ?a  <wasBornIn>  ?b	<Anton_Shkaplerov>	<wasBornIn>	<Moscow>	TrainingSource	False
?a  <isCitizenOf>  ?c  ?c  <hasCapital>  ?b   => ?a  <wasBornIn>  ?b	<Ann_Marie_Di_Mambro>	<wasBornIn>	<Edinburgh>	TrainingSource	False
?a  <isCitizenOf>  ?c  ?c  <hasCapital>  ?b   => ?a  <wasBornIn>  ?b	<Simon_Bedford>	<wasBornIn>	<London>	TrainingSource	False
?a  <isCitizenOf>  ?c  ?c  <hasCapital>  ?b   => ?a  <wasBornIn>  ?b	<Ho_Chi_Minh>	<wasBornIn>	<Hanoi>	TrainingSource	False
?a  <isCitizenOf>  ?c  ?c  <hasCapital>  ?b   => ?a  <wasBornIn>  ?b	<Adrian_Sanders>	<wasBornIn>	<London>	TrainingSource	False
?a  <isCitizenOf>  ?c  ?c  <hasCapital>  ?b   => ?a  <wasBornIn>  ?b	<Graham_Allen_(politician)>	<wasBornIn>	<London>	TrainingSource	False
?a  <isCitizenOf>  ?c  ?c  <hasCapital>  ?b   => ?a  <wasBornIn>  ?b	<Thomas_Kailath>	<wasBornIn>	<New_Delhi>	TrainingSource	False
?a  <isCitizenOf>  ?c  ?c  <hasCapital>  ?b   => ?a  <wasBornIn>  ?b	<Martyn_Pick>	<wasBornIn>	<London>	TrainingSource	False
?a  <isCitizenOf>  ?c  ?c  <hasCapital>  ?b   => ?a  <wasBornIn>  ?b	<Goran_Kozomara>	<wasBornIn>	<Ljubljana>	TargetSource	False
?a  <isCitizenOf>  ?c  ?c  <hasCapital>  ?b   => ?a  <wasBornIn>  ?b	<Colin_Kolles>	<wasBornIn>	<Berlin>	TrainingSource	False
?a  <isCitizenOf>  ?c  ?c  <hasCapital>  ?b   => ?a  <wasBornIn>  ?b	<Toma_Caragiu>	<wasBornIn>	<Bucharest>	TrainingSource	False
?a  <isCitizenOf>  ?c  ?c  <hasCapital>  ?b   => ?a  <wasBornIn>  ?b	<Hilaire_de_Chardonnet>	<wasBornIn>	<Paris>	TrainingSource	False
?a  <isCitizenOf>  ?c  ?c  <hasCapital>  ?b   => ?a  <wasBornIn>  ?b	<Viktor_Khristenko>	<wasBornIn>	<Moscow>	TrainingSource	False
?a  <isCitizenOf>  ?c  ?c  <hasCapital>  ?b   => ?a  <wasBornIn>  ?b	<Jan_de_Bisschop>	<wasBornIn>	<Amsterdam>	TargetSource	True
?a  <isCitizenOf>  ?c  ?c  <hasCapital>  ?b   => ?a  <wasBornIn>  ?b	<Willem_Pieterszoon_Buytewech>	<wasBornIn>	<Amsterdam>	TrainingSource	False
?a  <isCitizenOf>  ?c  ?c  <hasCapital>  ?b   => ?a  <wasBornIn>  ?b	<Shazia_Mirza>	<wasBornIn>	<London>	TrainingSource	False
?a  <isCitizenOf>  ?c  ?c  <hasCapital>  ?b   => ?a  <wasBornIn>  ?b	<Louis_Welden_Hawkins>	<wasBornIn>	<Paris>	TrainingSource	False
?a  <isCitizenOf>  ?c  ?c  <hasCapital>  ?b   => ?a  <wasBornIn>  ?b	<Georgi_Shonin>	<wasBornIn>	<Moscow>	TrainingSource	False
?a  <isCitizenOf>  ?c  ?c  <hasCapital>  ?b   => ?a  <wasBornIn>  ?b	<Alan_Williams>	<wasBornIn>	<London>	TrainingSource	False
?a  <dealsWith>  ?c  ?c  <hasOfficialLanguage>  ?b   => ?a  <hasOfficialLanguage>  ?b	<Republic_of_Ireland>	<hasOfficialLanguage>	<English_language>	TargetSource	True
?a  <dealsWith>  ?c  ?c  <hasOfficialLanguage>  ?b   => ?a  <hasOfficialLanguage>  ?b	<Montenegro>	<hasOfficialLanguage>	<Croatian_language>	TargetSource	True
?a  <dealsWith>  ?c  ?c  <hasOfficialLanguage>  ?b   => ?a  <hasOfficialLanguage>  ?b	<Australia>	<hasOfficialLanguage>	<Hindi>	ManualEvaluation	False
?a  <dealsWith>  ?c  ?c  <hasOfficialLanguage>  ?b   => ?a  <hasOfficialLanguage>  ?b	<Oman>	<hasOfficialLanguage>	<Persian_language>	ManualEvaluation	False
?a  <dealsWith>  ?c  ?c  <hasOfficialLanguage>  ?b   => ?a  <hasOfficialLanguage>  ?b	<Australia>	<hasOfficialLanguage>	<Thai_language>	ManualEvaluation	False
?a  <dealsWith>  ?c  ?c  <hasOfficialLanguage>  ?b   => ?a  <hasOfficialLanguage>  ?b	<Slovakia>	<hasOfficialLanguage>	<Polish_language>	ManualEvaluation	False
?a  <dealsWith>  ?c  ?c  <hasOfficialLanguage>  ?b   => ?a  <hasOfficialLanguage>  ?b	<Greenland>	<hasOfficialLanguage>	<Norwegian_language>	ManualEvaluation	False
?a  <dealsWith>  ?c  ?c  <hasOfficialLanguage>  ?b   => ?a  <hasOfficialLanguage>  ?b	<Philippines>	<hasOfficialLanguage>	<Standard_Mandarin>	ManualEvaluation	False
?a  <dealsWith>  ?c  ?c  <hasOfficialLanguage>  ?b   => ?a  <hasOfficialLanguage>  ?b	<Nepal>	<hasOfficialLanguage>	<Standard_Mandarin>	ManualEvaluation	False
?a  <dealsWith>  ?c  ?c  <hasOfficialLanguage>  ?b   => ?a  <hasOfficialLanguage>  ?b	<Mauritania>	<hasOfficialLanguage>	<Leonese_language>	ManualEvaluation	False
?a  <dealsWith>  ?c  ?c  <hasOfficialLanguage>  ?b   => ?a  <hasOfficialLanguage>  ?b	<The_Bahamas>	<hasOfficialLanguage>	<Polish_language>	ManualEvaluation	False
?a  <dealsWith>  ?c  ?c  <hasOfficialLanguage>  ?b   => ?a  <hasOfficialLanguage>  ?b	<Mauritania>	<hasOfficialLanguage>	<Italian_language>	ManualEvaluation	False
?a  <dealsWith>  ?c  ?c  <hasOfficialLanguage>  ?b   => ?a  <hasOfficialLanguage>  ?b	<Mauritania>	<hasOfficialLanguage>	<Basque_language>	ManualEvaluation	False
?a  <dealsWith>  ?c  ?c  <hasOfficialLanguage>  ?b   => ?a  <hasOfficialLanguage>  ?b	<Denmark>	<hasOfficialLanguage>	<Italian_language>	ManualEvaluation	False
?a  <dealsWith>  ?c  ?c  <hasOfficialLanguage>  ?b   => ?a  <hasOfficialLanguage>  ?b	<Oman>	<hasOfficialLanguage>	<Hindi>	ManualEvaluation	False
?a  <dealsWith>  ?c  ?c  <hasOfficialLanguage>  ?b   => ?a  <hasOfficialLanguage>  ?b	<Azerbaijan>	<hasOfficialLanguage>	<Georgian_language>	ManualEvaluation	False
?a  <dealsWith>  ?c  ?c  <hasOfficialLanguage>  ?b   => ?a  <hasOfficialLanguage>  ?b	<United_Arab_Emirates>	<hasOfficialLanguage>	<Thai_language>	ManualEvaluation	False
?a  <dealsWith>  ?c  ?c  <hasOfficialLanguage>  ?b   => ?a  <hasOfficialLanguage>  ?b	<Guyana>	<hasOfficialLanguage>	<Dutch_language>	ManualEvaluation	False
?a  <dealsWith>  ?c  ?c  <hasOfficialLanguage>  ?b   => ?a  <hasOfficialLanguage>  ?b	<The_Bahamas>	<hasOfficialLanguage>	<Romansh_language>	ManualEvaluation	False
?a  <dealsWith>  ?c  ?c  <hasOfficialLanguage>  ?b   => ?a  <hasOfficialLanguage>  ?b	<Guyana>	<hasOfficialLanguage>	<Finnish_language>	ManualEvaluation	False
?a  <dealsWith>  ?c  ?c  <hasOfficialLanguage>  ?b   => ?a  <hasOfficialLanguage>  ?b	<Guyana>	<hasOfficialLanguage>	<English_language>	ManualEvaluation	False
?a  <dealsWith>  ?c  ?c  <hasOfficialLanguage>  ?b   => ?a  <hasOfficialLanguage>  ?b	<Azerbaijan>	<hasOfficialLanguage>	<Arabic_language>	ManualEvaluation	False
?a  <dealsWith>  ?c  ?c  <hasOfficialLanguage>  ?b   => ?a  <hasOfficialLanguage>  ?b	<Estonia>	<hasOfficialLanguage>	<English_language>	ManualEvaluation	False
?a  <dealsWith>  ?c  ?c  <hasOfficialLanguage>  ?b   => ?a  <hasOfficialLanguage>  ?b	<Spain>	<hasOfficialLanguage>	<Dutch_language>	ManualEvaluation	False
?a  <dealsWith>  ?c  ?c  <hasOfficialLanguage>  ?b   => ?a  <hasOfficialLanguage>  ?b	<Uruguay>	<hasOfficialLanguage>	<Standard_Mandarin>	ManualEvaluation	False
?a  <dealsWith>  ?c  ?c  <hasOfficialLanguage>  ?b   => ?a  <hasOfficialLanguage>  ?b	<Burma>	<hasOfficialLanguage>	<Hindi>	ManualEvaluation	False
?a  <dealsWith>  ?c  ?c  <hasOfficialLanguage>  ?b   => ?a  <hasOfficialLanguage>  ?b	<Dominican_Republic>	<hasOfficialLanguage>	<Haitian_Creole_language>	ManualEvaluation	False
?a  <dealsWith>  ?c  ?c  <hasOfficialLanguage>  ?b   => ?a  <hasOfficialLanguage>  ?b	<Mauritania>	<hasOfficialLanguage>	<Galician_language>	ManualEvaluation	False
?a  <dealsWith>  ?c  ?c  <hasOfficialLanguage>  ?b   => ?a  <hasOfficialLanguage>  ?b	<Montenegro>	<hasOfficialLanguage>	<Hungarian_language>	ManualEvaluation	False
?a  <dealsWith>  ?c  ?c  <hasOfficialLanguage>  ?b   => ?a  <hasOfficialLanguage>  ?b	<Norway>	<hasOfficialLanguage>	<German_language>	ManualEvaluation	False
?c  <hasAcademicAdvisor>  ?a  ?c  <worksAt>  ?b   => ?a  <worksAt>  ?b	<Michael_Pepper>	<worksAt>	<University_of_New_South_Wales>	TrainingSource	False
?c  <hasAcademicAdvisor>  ?a  ?c  <worksAt>  ?b   => ?a  <worksAt>  ?b	<Theodor_Billroth>	<worksAt>	<Jagiellonian_University>	TrainingSource	False
?c  <hasAcademicAdvisor>  ?a  ?c  <worksAt>  ?b   => ?a  <worksAt>  ?b	<David_Hilbert>	<worksAt>	<Institute_for_Advanced_Study>	TrainingSource	False
?c  <hasAcademicAdvisor>  ?a  ?c  <worksAt>  ?b   => ?a  <worksAt>  ?b	<John_Stasko>	<worksAt>	<PARC_(company)>	TrainingSource	False
?c  <hasAcademicAdvisor>  ?a  ?c  <worksAt>  ?b   => ?a  <worksAt>  ?b	<David_Epel>	<worksAt>	<Baylor_College_of_Medicine>	TrainingSource	False
?c  <hasAcademicAdvisor>  ?a  ?c  <worksAt>  ?b   => ?a  <worksAt>  ?b	<Lewis_Binford>	<worksAt>	<Northwestern_University>	TrainingSource	False
?c  <hasAcademicAdvisor>  ?a  ?c  <worksAt>  ?b   => ?a  <worksAt>  ?b	<Ferdinand_von_Lindemann>	<worksAt>	<University_of_Stuttgart>	TrainingSource	False
?c  <hasAcademicAdvisor>  ?a  ?c  <worksAt>  ?b   => ?a  <worksAt>  ?b	<George_Chrystal>	<worksAt>	<Princeton_University>	TrainingSource	False
?c  <hasAcademicAdvisor>  ?a  ?c  <worksAt>  ?b   => ?a  <worksAt>  ?b	<Yuri_Linnik>	<worksAt>	<Vilnius_University>	TrainingSource	False
?c  <hasAcademicAdvisor>  ?a  ?c  <worksAt>  ?b   => ?a  <worksAt>  ?b	<Timothy_Gowers>	<worksAt>	<University_of_Bristol>	TrainingSource	False
?c  <hasAcademicAdvisor>  ?a  ?c  <worksAt>  ?b   => ?a  <worksAt>  ?b	<Ronald_Ernest_Aitchison>	<worksAt>	<University_of_Adelaide>	TrainingSource	False
?c  <hasAcademicAdvisor>  ?a  ?c  <worksAt>  ?b   => ?a  <worksAt>  ?b	<Franz_Sondheimer>	<worksAt>	<Weizmann_Institute_of_Science>	TrainingSource	False
?c  <hasAcademicAdvisor>  ?a  ?c  <worksAt>  ?b   => ?a  <worksAt>  ?b	<Cyril_Burt>	<worksAt>	<Institute_of_Psychiatry>	TrainingSource	False
?c  <hasAcademicAdvisor>  ?a  ?c  <worksAt>  ?b   => ?a  <worksAt>  ?b	<Dirk_ter_Haar>	<worksAt>	<University_of_Sussex>	TrainingSource	False
?c  <hasAcademicAdvisor>  ?a  ?c  <worksAt>  ?b   => ?a  <worksAt>  ?b	<Gilles_Brassard>	<worksAt>	<National_Research_Council_(Canada)>	TrainingSource	False
?c  <hasAcademicAdvisor>  ?a  ?c  <worksAt>  ?b   => ?a  <worksAt>  ?b	<Cécile_DeWitt-Morette>	<worksAt>	<University_of_Michigan>	TrainingSource	False
?c  <hasAcademicAdvisor>  ?a  ?c  <worksAt>  ?b   => ?a  <worksAt>  ?b	<Hans_Bethe>	<worksAt>	<Royal_Air_Force>	TrainingSource	False
?c  <hasAcademicAdvisor>  ?a  ?c  <worksAt>  ?b   => ?a  <worksAt>  ?b	<Emil_Warburg>	<worksAt>	<University_of_Leipzig>	TrainingSource	False
?c  <hasAcademicAdvisor>  ?a  ?c  <worksAt>  ?b   => ?a  <worksAt>  ?b	<John_Theophilus_Desaguliers>	<worksAt>	<Leiden_University>	TrainingSource	False
?c  <hasAcademicAdvisor>  ?a  ?c  <worksAt>  ?b   => ?a  <worksAt>  ?b	<Bill_Buxton>	<worksAt>	<Carnegie_Mellon_University>	TrainingSource	False
?c  <hasAcademicAdvisor>  ?a  ?c  <worksAt>  ?b   => ?a  <worksAt>  ?b	<M._C._Chakrabarti>	<worksAt>	<Temple_University>	TrainingSource	False
?c  <hasAcademicAdvisor>  ?a  ?c  <worksAt>  ?b   => ?a  <worksAt>  ?b	<Frederick_Gowland_Hopkins>	<worksAt>	<University_of_Cambridge>	TrainingSource	False
?c  <hasAcademicAdvisor>  ?a  ?c  <worksAt>  ?b   => ?a  <worksAt>  ?b	<Philip_Hall>	<worksAt>	<University_College_London>	TrainingSource	False
?c  <hasAcademicAdvisor>  ?a  ?c  <worksAt>  ?b   => ?a  <worksAt>  ?b	<Andreas_von_Ettingshausen>	<worksAt>	<University_of_Vienna>	TrainingSource	False
?c  <hasAcademicAdvisor>  ?a  ?c  <worksAt>  ?b   => ?a  <worksAt>  ?b	<Karl_Herzfeld>	<worksAt>	<University_of_North_Carolina_at_Chapel_Hill>	TrainingSource	False
?c  <hasAcademicAdvisor>  ?a  ?c  <worksAt>  ?b   => ?a  <worksAt>  ?b	<Eric_Foner>	<worksAt>	<Columbia_University>	TrainingSource	False
?c  <hasAcademicAdvisor>  ?a  ?c  <worksAt>  ?b   => ?a  <worksAt>  ?b	<Julian_Schwinger>	<worksAt>	<Nordic_Institute_for_Theoretical_Physics>	TrainingSource	False
?c  <hasAcademicAdvisor>  ?a  ?c  <worksAt>  ?b   => ?a  <worksAt>  ?b	<Umesh_Vazirani>	<worksAt>	<University_of_Latvia>	TrainingSource	False
?c  <hasAcademicAdvisor>  ?a  ?c  <worksAt>  ?b   => ?a  <worksAt>  ?b	<Robert_Nozick>	<worksAt>	<Yale_University>	TrainingSource	False
?c  <dealsWith>  ?a  ?c  <hasOfficialLanguage>  ?b   => ?a  <hasOfficialLanguage>  ?b	<Russia>	<hasOfficialLanguage>	<Russian_language>	TargetSource	True
?c  <dealsWith>  ?a  ?c  <hasOfficialLanguage>  ?b   => ?a  <hasOfficialLanguage>  ?b	<France>	<hasOfficialLanguage>	<French_language>	TargetSource	True
?c  <dealsWith>  ?a  ?c  <hasOfficialLanguage>  ?b   => ?a  <hasOfficialLanguage>  ?b	<Dominican_Republic>	<hasOfficialLanguage>	<Spanish_language>	TargetSource	True
?c  <dealsWith>  ?a  ?c  <hasOfficialLanguage>  ?b   => ?a  <hasOfficialLanguage>  ?b	<Algeria>	<hasOfficialLanguage>	<Kanuri_language>	ManualEvaluation	False
?c  <dealsWith>  ?a  ?c  <hasOfficialLanguage>  ?b   => ?a  <hasOfficialLanguage>  ?b	<France>	<hasOfficialLanguage>	<Russian_language>	ManualEvaluation	False
?c  <dealsWith>  ?a  ?c  <hasOfficialLanguage>  ?b   => ?a  <hasOfficialLanguage>  ?b	<Iran>	<hasOfficialLanguage>	<Turkmen_language>	ManualEvaluation	False
?c  <dealsWith>  ?a  ?c  <hasOfficialLanguage>  ?b   => ?a  <hasOfficialLanguage>  ?b	<Russia>	<hasOfficialLanguage>	<Czech_language>	ManualEvaluation	False
?c  <dealsWith>  ?a  ?c  <hasOfficialLanguage>  ?b   => ?a  <hasOfficialLanguage>  ?b	<India>	<hasOfficialLanguage>	<Portuguese_language>	ManualEvaluation	False
?c  <dealsWith>  ?a  ?c  <hasOfficialLanguage>  ?b   => ?a  <hasOfficialLanguage>  ?b	<France>	<hasOfficialLanguage>	<Galician_language>	ManualEvaluation	False
?c  <dealsWith>  ?a  ?c  <hasOfficialLanguage>  ?b   => ?a  <hasOfficialLanguage>  ?b	<Japan>	<hasOfficialLanguage>	<Thai_language>	ManualEvaluation	False
?c  <dealsWith>  ?a  ?c  <hasOfficialLanguage>  ?b   => ?a  <hasOfficialLanguage>  ?b	<Algeria>	<hasOfficialLanguage>	<French_language>	ManualEvaluation	False
?c  <dealsWith>  ?a  ?c  <hasOfficialLanguage>  ?b   => ?a  <hasOfficialLanguage>  ?b	<France>	<hasOfficialLanguage>	<Romani_language>	ManualEvaluation	False
?c  <dealsWith>  ?a  ?c  <hasOfficialLanguage>  ?b   => ?a  <hasOfficialLanguage>  ?b	<France>	<hasOfficialLanguage>	<Czech_language>	ManualEvaluation	False
?c  <dealsWith>  ?a  ?c  <hasOfficialLanguage>  ?b   => ?a  <hasOfficialLanguage>  ?b	<Armenia>	<hasOfficialLanguage>	<Georgian_language>	ManualEvaluation	False
?c  <dealsWith>  ?a  ?c  <hasOfficialLanguage>  ?b   => ?a  <hasOfficialLanguage>  ?b	<Ukraine>	<hasOfficialLanguage>	<Languages_of_Russia>	ManualEvaluation	False
?c  <dealsWith>  ?a  ?c  <hasOfficialLanguage>  ?b   => ?a  <hasOfficialLanguage>  ?b	<People's_Republic_of_China>	<hasOfficialLanguage>	<Filipino_language>	ManualEvaluation	False
?c  <dealsWith>  ?a  ?c  <hasOfficialLanguage>  ?b   => ?a  <hasOfficialLanguage>  ?b	<Denmark>	<hasOfficialLanguage>	<Icelandic_language>	ManualEvaluation	False
?c  <dealsWith>  ?a  ?c  <hasOfficialLanguage>  ?b   => ?a  <hasOfficialLanguage>  ?b	<Bahrain>	<hasOfficialLanguage>	<English_language>	ManualEvaluation	False
?c  <dealsWith>  ?a  ?c  <hasOfficialLanguage>  ?b   => ?a  <hasOfficialLanguage>  ?b	<People's_Republic_of_China>	<hasOfficialLanguage>	<Kyrgyz_language>	ManualEvaluation	False
?c  <dealsWith>  ?a  ?c  <hasOfficialLanguage>  ?b   => ?a  <hasOfficialLanguage>  ?b	<India>	<hasOfficialLanguage>	<Swahili_language>	ManualEvaluation	False
?c  <dealsWith>  ?a  ?c  <hasOfficialLanguage>  ?b   => ?a  <hasOfficialLanguage>  ?b	<Singapore>	<hasOfficialLanguage>	<French_language>	ManualEvaluation	False
?c  <dealsWith>  ?a  ?c  <hasOfficialLanguage>  ?b   => ?a  <hasOfficialLanguage>  ?b	<Zimbabwe>	<hasOfficialLanguage>	<French_language>	ManualEvaluation	False
?c  <dealsWith>  ?a  ?c  <hasOfficialLanguage>  ?b   => ?a  <hasOfficialLanguage>  ?b	<Singapore>	<hasOfficialLanguage>	<New_Zealand_Sign_Language>	ManualEvaluation	False
?c  <dealsWith>  ?a  ?c  <hasOfficialLanguage>  ?b   => ?a  <hasOfficialLanguage>  ?b	<France>	<hasOfficialLanguage>	<Portuguese_language>	ManualEvaluation	False
?c  <dealsWith>  ?a  ?c  <hasOfficialLanguage>  ?b   => ?a  <hasOfficialLanguage>  ?b	<Israel>	<hasOfficialLanguage>	<Azerbaijani_language>	ManualEvaluation	False
?c  <dealsWith>  ?a  ?c  <hasOfficialLanguage>  ?b   => ?a  <hasOfficialLanguage>  ?b	<Japan>	<hasOfficialLanguage>	<Sotho_language>	ManualEvaluation	False
?c  <dealsWith>  ?a  ?c  <hasOfficialLanguage>  ?b   => ?a  <hasOfficialLanguage>  ?b	<Japan>	<hasOfficialLanguage>	<New_Zealand_Sign_Language>	ManualEvaluation	False
?c  <dealsWith>  ?a  ?c  <hasOfficialLanguage>  ?b   => ?a  <hasOfficialLanguage>  ?b	<Slovakia>	<hasOfficialLanguage>	<German_language>	ManualEvaluation	False
?c  <dealsWith>  ?a  ?c  <hasOfficialLanguage>  ?b   => ?a  <hasOfficialLanguage>  ?b	<Japan>	<hasOfficialLanguage>	<Swahili_language>	ManualEvaluation	False
?c  <dealsWith>  ?a  ?c  <hasOfficialLanguage>  ?b   => ?a  <hasOfficialLanguage>  ?b	<France>	<hasOfficialLanguage>	<Italian_language>	ManualEvaluation	False
?c  <dealsWith>  ?a  ?c  <hasOfficialLanguage>  ?b   => ?a  <hasOfficialLanguage>  ?b	<Japan>	<hasOfficialLanguage>	<Malay_language>	ManualEvaluation	False
?a  <hasAcademicAdvisor>  ?c  ?c  <worksAt>  ?b   => ?a  <worksAt>  ?b	<David_Goss>	<worksAt>	<Harvard_University>	TrainingSource	False
?a  <hasAcademicAdvisor>  ?c  ?c  <worksAt>  ?b   => ?a  <worksAt>  ?b	<Paul_Cohen_(mathematician)>	<worksAt>	<University_of_Chicago>	TrainingSource	False
?a  <hasAcademicAdvisor>  ?c  ?c  <worksAt>  ?b   => ?a  <worksAt>  ?b	<Erich_Kretschmann>	<worksAt>	<University_of_Kiel>	TrainingSource	False
?a  <hasAcademicAdvisor>  ?c  ?c  <worksAt>  ?b   => ?a  <worksAt>  ?b	<Grete_Hermann>	<worksAt>	<University_of_Göttingen>	TrainingSource	False
?a  <hasAcademicAdvisor>  ?c  ?c  <worksAt>  ?b   => ?a  <worksAt>  ?b	<Charles_Stein_(statistician)>	<worksAt>	<Columbia_University>	TrainingSource	False
?a  <hasAcademicAdvisor>  ?c  ?c  <worksAt>  ?b   => ?a  <worksAt>  ?b	<John_Polkinghorne>	<worksAt>	<University_of_Cambridge>	TrainingSource	False
?a  <hasAcademicAdvisor>  ?c  ?c  <worksAt>  ?b   => ?a  <worksAt>  ?b	<Simon_Donaldson>	<worksAt>	<University_of_Oxford>	TrainingSource	False
?a  <hasAcademicAdvisor>  ?c  ?c  <worksAt>  ?b   => ?a  <worksAt>  ?b	<Kwan-ichi_Terazawa>	<worksAt>	<St_John's_College,_Cambridge>	TrainingSource	False
?a  <hasAcademicAdvisor>  ?c  ?c  <worksAt>  ?b   => ?a  <worksAt>  ?b	<Jean-Marie_De_Koninck>	<worksAt>	<University_of_Pennsylvania>	TrainingSource	False
?a  <hasAcademicAdvisor>  ?c  ?c  <worksAt>  ?b   => ?a  <worksAt>  ?b	<George_Fix>	<worksAt>	<Harvard_University>	TrainingSource	False
?a  <hasAcademicAdvisor>  ?c  ?c  <worksAt>  ?b   => ?a  <worksAt>  ?b	<Andrew_Odlyzko>	<worksAt>	<University_of_Michigan>	TrainingSource	False
?a  <hasAcademicAdvisor>  ?c  ?c  <worksAt>  ?b   => ?a  <worksAt>  ?b	<Claude_Shannon>	<worksAt>	<Massachusetts_Institute_of_Technology>	TrainingSource	False
?a  <hasAcademicAdvisor>  ?c  ?c  <worksAt>  ?b   => ?a  <worksAt>  ?b	<Julius_Adams_Stratton>	<worksAt>	<ETH_Zurich>	TrainingSource	False
?a  <hasAcademicAdvisor>  ?c  ?c  <worksAt>  ?b   => ?a  <worksAt>  ?b	<Melba_Phillips>	<worksAt>	<Manhattan_Project>	TrainingSource	False
?a  <hasAcademicAdvisor>  ?c  ?c  <worksAt>  ?b   => ?a  <worksAt>  ?b	<Andrzej_Mostowski>	<worksAt>	<University_of_California,_Berkeley>	TrainingSource	False
?a  <hasAcademicAdvisor>  ?c  ?c  <worksAt>  ?b   => ?a  <worksAt>  ?b	<Jagadish_Chandra_Bose>	<worksAt>	<University_of_Cambridge>	TrainingSource	False
?a  <hasAcademicAdvisor>  ?c  ?c  <worksAt>  ?b   => ?a  <worksAt>  ?b	<Walther_Bothe>	<worksAt>	<University_of_Kiel>	TrainingSource	False
?a  <hasAcademicAdvisor>  ?c  ?c  <worksAt>  ?b   => ?a  <worksAt>  ?b	<Cristian_Popescu>	<worksAt>	<Princeton_University>	TrainingSource	False
?a  <hasAcademicAdvisor>  ?c  ?c  <worksAt>  ?b   => ?a  <worksAt>  ?b	<Max_Abraham>	<worksAt>	<University_of_Kiel>	TrainingSource	False
?a  <hasAcademicAdvisor>  ?c  ?c  <worksAt>  ?b   => ?a  <worksAt>  ?b	<Burton_Wendroff>	<worksAt>	<Courant_Institute_of_Mathematical_Sciences>	TrainingSource	False
?a  <hasAcademicAdvisor>  ?c  ?c  <worksAt>  ?b   => ?a  <worksAt>  ?b	<Fayyazuddin>	<worksAt>	<Pakistan_Atomic_Energy_Commission>	TrainingSource	False
?a  <hasAcademicAdvisor>  ?c  ?c  <worksAt>  ?b   => ?a  <worksAt>  ?b	<Brian_Conrad>	<worksAt>	<Princeton_University>	TrainingSource	False
?a  <hasAcademicAdvisor>  ?c  ?c  <worksAt>  ?b   => ?a  <worksAt>  ?b	<Francis_Robert_Japp>	<worksAt>	<University_of_Marburg>	TrainingSource	False
?a  <hasAcademicAdvisor>  ?c  ?c  <worksAt>  ?b   => ?a  <worksAt>  ?b	<Michael_F._Shlesinger>	<worksAt>	<Yale_University>	TrainingSource	False
?a  <hasAcademicAdvisor>  ?c  ?c  <worksAt>  ?b   => ?a  <worksAt>  ?b	<Ming_C._Lin>	<worksAt>	<University_of_California,_Berkeley>	TrainingSource	False
?a  <hasAcademicAdvisor>  ?c  ?c  <worksAt>  ?b   => ?a  <worksAt>  ?b	<William_Ramsay>	<worksAt>	<University_of_Göttingen>	TrainingSource	False
?a  <hasAcademicAdvisor>  ?c  ?c  <worksAt>  ?b   => ?a  <worksAt>  ?b	<William_Feller>	<worksAt>	<University_of_Göttingen>	TrainingSource	False
?a  <hasAcademicAdvisor>  ?c  ?c  <worksAt>  ?b   => ?a  <worksAt>  ?b	<Thomas_Callister_Hales>	<worksAt>	<Princeton_University>	TrainingSource	False
?a  <hasAcademicAdvisor>  ?c  ?c  <worksAt>  ?b   => ?a  <worksAt>  ?b	<Jacob_Lurie>	<worksAt>	<Harvard_University>	TargetSource	True
?a  <hasAcademicAdvisor>  ?c  ?c  <worksAt>  ?b   => ?a  <worksAt>  ?b	<Arend_Joan_Rutgers>	<worksAt>	<Leiden_University>	TrainingSource	False
?a  <dealsWith>  ?c  ?c  <exports>  ?b   => ?a  <imports>  ?b	<Turkmenistan>	<imports>	<wordnet_foodstuff_107566340>	TargetSource	True
?a  <dealsWith>  ?c  ?c  <exports>  ?b   => ?a  <imports>  ?b	<Thailand>	<imports>	<wordnet_consumer_goods_103093574>	TargetSource	True
?a  <dealsWith>  ?c  ?c  <exports>  ?b   => ?a  <imports>  ?b	<Madagascar>	<imports>	<wordnet_consumer_goods_103093574>	ManualEvaluation	True
?a  <dealsWith>  ?c  ?c  <exports>  ?b   => ?a  <imports>  ?b	<Qatar>	<imports>	<wordnet_aircraft_102686568>	ManualEvaluation	False
?a  <dealsWith>  ?c  ?c  <exports>  ?b   => ?a  <imports>  ?b	<Libya>	<imports>	<wordnet_beverage_107881800>	ManualEvaluation	False
?a  <dealsWith>  ?c  ?c  <exports>  ?b   => ?a  <imports>  ?b	<Burkina_Faso>	<imports>	<wordnet_plastic_114592610>	ManualEvaluation	False
?a  <dealsWith>  ?c  ?c  <exports>  ?b   => ?a  <imports>  ?b	<Greenland>	<imports>	<wordnet_apparel_102728440>	ManualEvaluation	False
?a  <dealsWith>  ?c  ?c  <exports>  ?b   => ?a  <imports>  ?b	<Czech_Republic>	<imports>	<wordnet_aircraft_102686568>	ManualEvaluation	False
?a  <dealsWith>  ?c  ?c  <exports>  ?b   => ?a  <imports>  ?b	<Kenya>	<imports>	<wordnet_rice_107804323>	ManualEvaluation	False
?a  <dealsWith>  ?c  ?c  <exports>  ?b   => ?a  <imports>  ?b	<Slovakia>	<imports>	<wordnet_beverage_107881800>	ManualEvaluation	False
?a  <dealsWith>  ?c  ?c  <exports>  ?b   => ?a  <imports>  ?b	<Barbados>	<imports>	<wordnet_footwear_103381126>	ManualEvaluation	False
?a  <dealsWith>  ?c  ?c  <exports>  ?b   => ?a  <imports>  ?b	<Haiti>	<imports>	<wordnet_consumer_goods_103093574>	ManualEvaluation	False
?a  <dealsWith>  ?c  ?c  <exports>  ?b   => ?a  <imports>  ?b	<Cape_Verde>	<imports>	<wordnet_coffee_bean_107929351>	ManualEvaluation	False
?a  <dealsWith>  ?c  ?c  <exports>  ?b   => ?a  <imports>  ?b	<Kyrgyzstan>	<imports>	<wordnet_watch_104555897>	ManualEvaluation	False
?a  <dealsWith>  ?c  ?c  <exports>  ?b   => ?a  <imports>  ?b	<Quebec>	<imports>	<wordnet_beverage_107881800>	ManualEvaluation	False
?a  <dealsWith>  ?c  ?c  <exports>  ?b   => ?a  <imports>  ?b	<Eritrea>	<imports>	<wordnet_natural_gas_114960090>	ManualEvaluation	False
?a  <dealsWith>  ?c  ?c  <exports>  ?b   => ?a  <imports>  ?b	<Kuwait>	<imports>	<wordnet_beverage_107881800>	ManualEvaluation	False
?a  <dealsWith>  ?c  ?c  <exports>  ?b   => ?a  <imports>  ?b	<Kyrgyzstan>	<imports>	<wordnet_electronics_106099269>	ManualEvaluation	False
?a  <dealsWith>  ?c  ?c  <exports>  ?b   => ?a  <imports>  ?b	<Iraq>	<imports>	<wordnet_wheat_112142085>	ManualEvaluation	False
?a  <dealsWith>  ?c  ?c  <exports>  ?b   => ?a  <imports>  ?b	<Turkmenistan>	<imports>	<wordnet_metallic_element_114625458>	ManualEvaluation	False
?a  <dealsWith>  ?c  ?c  <exports>  ?b   => ?a  <imports>  ?b	<Greenland>	<imports>	<wordnet_ship_104194289>	ManualEvaluation	False
?a  <dealsWith>  ?c  ?c  <exports>  ?b   => ?a  <imports>  ?b	<Australia>	<imports>	<wordnet_consumer_goods_103093574>	ManualEvaluation	False
?a  <dealsWith>  ?c  ?c  <exports>  ?b   => ?a  <imports>  ?b	<Somalia>	<imports>	<wordnet_cement_114804487>	ManualEvaluation	False
?a  <dealsWith>  ?c  ?c  <exports>  ?b   => ?a  <imports>  ?b	<Mexico>	<imports>	<wordnet_wood_pulp_115103634>	ManualEvaluation	False
?a  <dealsWith>  ?c  ?c  <exports>  ?b   => ?a  <imports>  ?b	<Burkina_Faso>	<imports>	<wordnet_tuna_111852148>	ManualEvaluation	False
?a  <dealsWith>  ?c  ?c  <exports>  ?b   => ?a  <imports>  ?b	<Montenegro>	<imports>	<wordnet_fabric_103309808>	ManualEvaluation	False
?a  <dealsWith>  ?c  ?c  <exports>  ?b   => ?a  <imports>  ?b	<United_Kingdom>	<imports>	<wordnet_ship_104194289>	ManualEvaluation	False
?a  <dealsWith>  ?c  ?c  <exports>  ?b   => ?a  <imports>  ?b	<Barbados>	<imports>	<wordnet_coffee_bean_107929351>	ManualEvaluation	False
?a  <dealsWith>  ?c  ?c  <exports>  ?b   => ?a  <imports>  ?b	<Jordan>	<imports>	<wordnet_chemical_114806838>	ManualEvaluation	False
?a  <dealsWith>  ?c  ?c  <exports>  ?b   => ?a  <imports>  ?b	<Iceland>	<imports>	<wordnet_chemical_114806838>	ManualEvaluation	False
?c  <isCitizenOf>  ?a  ?c  <diedIn>  ?b   => ?a  <hasCapital>  ?b	<Republic_of_the_Congo>	<hasCapital>	<Paris>	TrainingSource	False
?c  <isCitizenOf>  ?a  ?c  <diedIn>  ?b   => ?a  <hasCapital>  ?b	<Belgium>	<hasCapital>	<Ghent>	TrainingSource	False
?c  <isCitizenOf>  ?a  ?c  <diedIn>  ?b   => ?a  <hasCapital>  ?b	<Iran>	<hasCapital>	<Nishapur>	TrainingSource	False
?c  <isCitizenOf>  ?a  ?c  <diedIn>  ?b   => ?a  <hasCapital>  ?b	<Austria>	<hasCapital>	<London>	TrainingSource	False
?c  <isCitizenOf>  ?a  ?c  <diedIn>  ?b   => ?a  <hasCapital>  ?b	<Spain>	<hasCapital>	<Valencia,_Spain>	TrainingSource	False
?c  <isCitizenOf>  ?a  ?c  <diedIn>  ?b   => ?a  <hasCapital>  ?b	<German_Empire>	<hasCapital>	<Berlin>	TrainingSource	False
?c  <isCitizenOf>  ?a  ?c  <diedIn>  ?b   => ?a  <hasCapital>  ?b	<Estonia>	<hasCapital>	<Tartu>	TrainingSource	False
?c  <isCitizenOf>  ?a  ?c  <diedIn>  ?b   => ?a  <hasCapital>  ?b	<Belgium>	<hasCapital>	<Paris>	TrainingSource	False
?c  <isCitizenOf>  ?a  ?c  <diedIn>  ?b   => ?a  <hasCapital>  ?b	<Yugoslavia>	<hasCapital>	<Zagreb>	TrainingSource	False
?c  <isCitizenOf>  ?a  ?c  <diedIn>  ?b   => ?a  <hasCapital>  ?b	<Austria>	<hasCapital>	<Rome>	TrainingSource	False
?c  <isCitizenOf>  ?a  ?c  <diedIn>  ?b   => ?a  <hasCapital>  ?b	<Hesse>	<hasCapital>	<Munich>	TrainingSource	False
?c  <isCitizenOf>  ?a  ?c  <diedIn>  ?b   => ?a  <hasCapital>  ?b	<Austria>	<hasCapital>	<Prague>	TrainingSource	False
?c  <isCitizenOf>  ?a  ?c  <diedIn>  ?b   => ?a  <hasCapital>  ?b	<Hungary>	<hasCapital>	<Paris>	TrainingSource	False
?c  <isCitizenOf>  ?a  ?c  <diedIn>  ?b   => ?a  <hasCapital>  ?b	<Al-Andalus>	<hasCapital>	<Damascus>	TrainingSource	False
?c  <isCitizenOf>  ?a  ?c  <diedIn>  ?b   => ?a  <hasCapital>  ?b	<Hungary>	<hasCapital>	<Turin>	TrainingSource	False
?c  <isCitizenOf>  ?a  ?c  <diedIn>  ?b   => ?a  <hasCapital>  ?b	<Canada>	<hasCapital>	<Havana>	TrainingSource	False
?c  <isCitizenOf>  ?a  ?c  <diedIn>  ?b   => ?a  <hasCapital>  ?b	<Sri_Lanka>	<hasCapital>	<Colombo>	TrainingSource	False
?c  <isCitizenOf>  ?a  ?c  <diedIn>  ?b   => ?a  <hasCapital>  ?b	<Pakistan>	<hasCapital>	<London>	TrainingSource	False
?c  <isCitizenOf>  ?a  ?c  <diedIn>  ?b   => ?a  <hasCapital>  ?b	<Iran>	<hasCapital>	<Geneva>	TrainingSource	False
?c  <isCitizenOf>  ?a  ?c  <diedIn>  ?b   => ?a  <hasCapital>  ?b	<Spain>	<hasCapital>	<Porto>	TrainingSource	False
?c  <isCitizenOf>  ?a  ?c  <diedIn>  ?b   => ?a  <hasCapital>  ?b	<Kingdom_of_Yugoslavia>	<hasCapital>	<London>	TrainingSource	False
?c  <isCitizenOf>  ?a  ?c  <diedIn>  ?b   => ?a  <hasCapital>  ?b	<Austria>	<hasCapital>	<Düsseldorf>	TrainingSource	False
?c  <isCitizenOf>  ?a  ?c  <diedIn>  ?b   => ?a  <hasCapital>  ?b	<Socialist_Federal_Republic_of_Yugoslavia>	<hasCapital>	<Skopje>	TrainingSource	False
?c  <isCitizenOf>  ?a  ?c  <diedIn>  ?b   => ?a  <hasCapital>  ?b	<Iraq>	<hasCapital>	<London>	TrainingSource	False
?c  <isCitizenOf>  ?a  ?c  <diedIn>  ?b   => ?a  <hasCapital>  ?b	<Empire_of_Japan>	<hasCapital>	<Tokyo>	TrainingSource	False
?c  <isCitizenOf>  ?a  ?c  <diedIn>  ?b   => ?a  <hasCapital>  ?b	<Hungary>	<hasCapital>	<Oradea>	TargetSource	False
?c  <isCitizenOf>  ?a  ?c  <diedIn>  ?b   => ?a  <hasCapital>  ?b	<Bulgaria>	<hasCapital>	<Beijing>	TrainingSource	False
?c  <isCitizenOf>  ?a  ?c  <diedIn>  ?b   => ?a  <hasCapital>  ?b	<Estonia>	<hasCapital>	<Stockholm>	TrainingSource	False
?c  <isCitizenOf>  ?a  ?c  <diedIn>  ?b   => ?a  <hasCapital>  ?b	<Canada>	<hasCapital>	<Montreal>	TrainingSource	False
?c  <isCitizenOf>  ?a  ?c  <diedIn>  ?b   => ?a  <hasCapital>  ?b	<Pakistan>	<hasCapital>	<Karachi>	TrainingSource	False
?a  <directed>  ?b   => ?a  <produced>  ?b	<Florian_Gallenberger>	<produced>	<Shadows_of_Time>	ManualEvaluation	False
?a  <directed>  ?b   => ?a  <produced>  ?b	<Enrique_Dawi>	<produced>	<Hotel_de_señoritas>	ManualEvaluation	False
?a  <directed>  ?b   => ?a  <produced>  ?b	<Lester_James_Peries>	<produced>	<White_Flowers_for_the_Dead>	ManualEvaluation	False
?a  <directed>  ?b   => ?a  <produced>  ?b	<S._Sylvan_Simon>	<produced>	<The_Bugle_Sounds>	ManualEvaluation	False
?a  <directed>  ?b   => ?a  <produced>  ?b	<Éric_Rohmer>	<produced>	<Le_Beau_Mariage>	ManualEvaluation	False
?a  <directed>  ?b   => ?a  <produced>  ?b	<Brad_Mays>	<produced>	<Stage_Fright_(1989_film)>	ManualEvaluation	True
?a  <directed>  ?b   => ?a  <produced>  ?b	<Terence_Fisher>	<produced>	<Island_of_Terror>	ManualEvaluation	False
?a  <directed>  ?b   => ?a  <produced>  ?b	<He_Jianjun>	<produced>	<Postman_(film)>	ManualEvaluation	False
?a  <directed>  ?b   => ?a  <produced>  ?b	<Martin_Fri>	<produced>	<Hrdina_jedné_noci>	ManualEvaluation	False
?a  <directed>  ?b   => ?a  <produced>  ?b	<Jean-Pierre_Jeunet>	<produced>	<Amélie>	ManualEvaluation	False
?a  <directed>  ?b   => ?a  <produced>  ?b	<Mervyn_LeRoy>	<produced>	<Any_Number_Can_Play>	ManualEvaluation	False
?a  <directed>  ?b   => ?a  <produced>  ?b	<Nimród_Antal>	<produced>	<Predators_(film)>	ManualEvaluation	False
?a  <directed>  ?b   => ?a  <produced>  ?b	<Perry_N._Vekroff>	<produced>	<Perils_of_the_Yukon>	ManualEvaluation	False
?a  <directed>  ?b   => ?a  <produced>  ?b	<Lois_Weber>	<produced>	<The_Blot>	ManualEvaluation	True
?a  <directed>  ?b   => ?a  <produced>  ?b	<René_Clément>	<produced>	<The_Joy_of_Living>	ManualEvaluation	False
?a  <directed>  ?b   => ?a  <produced>  ?b	<Martha_Coolidge>	<produced>	<Out_to_Sea>	ManualEvaluation	False
?a  <directed>  ?b   => ?a  <produced>  ?b	<Simcha_Jacobovici>	<produced>	<The_Lost_Tomb_of_Jesus>	ManualEvaluation	False
?a  <directed>  ?b   => ?a  <produced>  ?b	<Mike_Newell_(director)>	<produced>	<The_Good_Father>	ManualEvaluation	False
?a  <directed>  ?b   => ?a  <produced>  ?b	<Georg_Wilhelm_Pabst>	<produced>	<Girls_in_Distress>	ManualEvaluation	False
?a  <directed>  ?b   => ?a  <produced>  ?b	<Richard_Fleischer>	<produced>	<Arena_(1953_film)>	ManualEvaluation	False
?a  <directed>  ?b   => ?a  <produced>  ?b	<Ernie_Barbarash>	<produced>	<Meteor_(TV_miniseries)>	ManualEvaluation	False
?a  <directed>  ?b   => ?a  <produced>  ?b	<Harry_Watt_(director)>	<produced>	<Target_for_Tonight>	ManualEvaluation	True
?a  <directed>  ?b   => ?a  <produced>  ?b	<Kodi_Ramakrishna>	<produced>	<Mangammagari_Manavadu>	ManualEvaluation	False
?a  <directed>  ?b   => ?a  <produced>  ?b	<Julien_Duvivier>	<produced>	<Diabolically_Yours>	ManualEvaluation	False
?a  <directed>  ?b   => ?a  <produced>  ?b	<Chris_Miller_(animator)>	<produced>	<Puss_in_Boots_(2011_film)>	ManualEvaluation	False
?a  <directed>  ?b   => ?a  <produced>  ?b	<Leo_Fleider>	<produced>	<Amor_a_primera_vista>	ManualEvaluation	False
?a  <directed>  ?b   => ?a  <produced>  ?b	<Jeffrey_Nachmanoff>	<produced>	<Traitor_(film)>	ManualEvaluation	False
?a  <directed>  ?b   => ?a  <produced>  ?b	<Arne_Mattsson>	<produced>	<Sommar_och_syndare>	ManualEvaluation	False
?a  <directed>  ?b   => ?a  <produced>  ?b	<Basil_Dearden>	<produced>	<A_Place_to_Go>	ManualEvaluation	False
?a  <directed>  ?b   => ?a  <produced>  ?b	<Fred_Zinnemann>	<produced>	<That_Mothers_Might_Live>	ManualEvaluation	False
?c  <isCitizenOf>  ?a  ?c  <isLocatedIn>  ?b   => ?a  <hasCapital>  ?b	<Belgium>	<hasCapital>	<Antwerp>	TrainingSource	False
?c  <isCitizenOf>  ?a  ?c  <isLocatedIn>  ?b   => ?a  <hasCapital>  ?b	<Belgium>	<hasCapital>	<Bruges>	TrainingSource	False
?c  <isCitizenOf>  ?a  ?c  <isLocatedIn>  ?b   => ?a  <hasCapital>  ?b	<Russian_Empire>	<hasCapital>	<Moscow>	TrainingSource	False
?c  <isCitizenOf>  ?a  ?c  <isLocatedIn>  ?b   => ?a  <hasCapital>  ?b	<Bulgaria>	<hasCapital>	<Gabrovo>	TrainingSource	False
?c  <isCitizenOf>  ?a  ?c  <isLocatedIn>  ?b   => ?a  <hasCapital>  ?b	<Poland>	<hasCapital>	<Olsztyn>	TrainingSource	False
?c  <isCitizenOf>  ?a  ?c  <isLocatedIn>  ?b   => ?a  <hasCapital>  ?b	<Belgium>	<hasCapital>	<Brussels>	TrainingSource	False
?c  <isCitizenOf>  ?a  ?c  <isLocatedIn>  ?b   => ?a  <hasCapital>  ?b	<Brazil>	<hasCapital>	<Porto>	TrainingSource	False
?c  <isCitizenOf>  ?a  ?c  <isLocatedIn>  ?b   => ?a  <hasCapital>  ?b	<Senegal>	<hasCapital>	<Saint-Louis,_Senegal>	TargetSource	False
?c  <isCitizenOf>  ?a  ?c  <isLocatedIn>  ?b   => ?a  <hasCapital>  ?b	<Belgium>	<hasCapital>	<Namur_(city)>	TrainingSource	False
?c  <isCitizenOf>  ?a  ?c  <isLocatedIn>  ?b   => ?a  <hasCapital>  ?b	<Scotland>	<hasCapital>	<Nassau,_Bahamas>	TrainingSource	False
?c  <isCitizenOf>  ?a  ?c  <isLocatedIn>  ?b   => ?a  <hasCapital>  ?b	<India>	<hasCapital>	<Kolkata>	TrainingSource	False
?c  <isCitizenOf>  ?a  ?c  <isLocatedIn>  ?b   => ?a  <hasCapital>  ?b	<Dutch_Republic>	<hasCapital>	<Zwolle>	TrainingSource	False
?c  <isCitizenOf>  ?a  ?c  <isLocatedIn>  ?b   => ?a  <hasCapital>  ?b	<Dutch_Republic>	<hasCapital>	<Haarlem>	TrainingSource	False
?c  <isCitizenOf>  ?a  ?c  <isLocatedIn>  ?b   => ?a  <hasCapital>  ?b	<Norway>	<hasCapital>	<Bergen>	TrainingSource	False
?c  <isCitizenOf>  ?a  ?c  <isLocatedIn>  ?b   => ?a  <hasCapital>  ?b	<Brazil>	<hasCapital>	<Rio_de_Janeiro>	TargetSource	False
?c  <isCitizenOf>  ?a  ?c  <isLocatedIn>  ?b   => ?a  <hasCapital>  ?b	<Pakistan>	<hasCapital>	<Peshawar>	TargetSource	False
?c  <isCitizenOf>  ?a  ?c  <isLocatedIn>  ?b   => ?a  <hasCapital>  ?b	<Israel>	<hasCapital>	<Montevideo>	TargetSource	False
?c  <isCitizenOf>  ?a  ?c  <isLocatedIn>  ?b   => ?a  <hasCapital>  ?b	<Bulgaria>	<hasCapital>	<Kardzhali>	TrainingSource	False
?c  <isCitizenOf>  ?a  ?c  <isLocatedIn>  ?b   => ?a  <hasCapital>  ?b	<Switzerland>	<hasCapital>	<Berlingen,_Switzerland>	ManualEvaluation	False
?c  <isCitizenOf>  ?a  ?c  <isLocatedIn>  ?b   => ?a  <hasCapital>  ?b	<Belgium>	<hasCapital>	<Mortsel>	ManualEvaluation	False
?c  <isCitizenOf>  ?a  ?c  <isLocatedIn>  ?b   => ?a  <hasCapital>  ?b	<Thailand>	<hasCapital>	<Nakhon_Sawan_Province>	ManualEvaluation	False
?c  <isCitizenOf>  ?a  ?c  <isLocatedIn>  ?b   => ?a  <hasCapital>  ?b	<Czech_Republic>	<hasCapital>	<Kutná_Hora>	ManualEvaluation	False
?c  <isCitizenOf>  ?a  ?c  <isLocatedIn>  ?b   => ?a  <hasCapital>  ?b	<Yugoslavia>	<hasCapital>	<Klanjec>	ManualEvaluation	False
?c  <isCitizenOf>  ?a  ?c  <isLocatedIn>  ?b   => ?a  <hasCapital>  ?b	<Saudi_Arabia>	<hasCapital>	<Abha>	ManualEvaluation	False
?c  <isCitizenOf>  ?a  ?c  <isLocatedIn>  ?b   => ?a  <hasCapital>  ?b	<Montenegro>	<hasCapital>	<Cetinje>	ManualEvaluation	False
?c  <isCitizenOf>  ?a  ?c  <isLocatedIn>  ?b   => ?a  <hasCapital>  ?b	<Israel>	<hasCapital>	<Haifa>	ManualEvaluation	False
?c  <isCitizenOf>  ?a  ?c  <isLocatedIn>  ?b   => ?a  <hasCapital>  ?b	<Belgium>	<hasCapital>	<Bergen_op_Zoom>	ManualEvaluation	Flase
?c  <isCitizenOf>  ?a  ?c  <isLocatedIn>  ?b   => ?a  <hasCapital>  ?b	<India>	<hasCapital>	<Pune>	ManualEvaluation	False
?c  <isCitizenOf>  ?a  ?c  <isLocatedIn>  ?b   => ?a  <hasCapital>  ?b	<Russian_Empire>	<hasCapital>	<Kiev_Governorate>	ManualEvaluation	False
?c  <isCitizenOf>  ?a  ?c  <isLocatedIn>  ?b   => ?a  <hasCapital>  ?b	<Brazil>	<hasCapital>	<Ceará>	ManualEvaluation	False
?c  <isCitizenOf>  ?a  ?c  <livesIn>  ?b   => ?a  <hasCapital>  ?b	<Switzerland>	<hasCapital>	<Zürich>	TrainingSource	False
?c  <isCitizenOf>  ?a  ?c  <livesIn>  ?b   => ?a  <hasCapital>  ?b	<Pakistan>	<hasCapital>	<Islamabad>	TargetSource	True
?c  <isCitizenOf>  ?a  ?c  <livesIn>  ?b   => ?a  <hasCapital>  ?b	<Switzerland>	<hasCapital>	<Geneva>	TrainingSource	False
?c  <isCitizenOf>  ?a  ?c  <livesIn>  ?b   => ?a  <hasCapital>  ?b	<Pakistan>	<hasCapital>	<Trondheim>	TrainingSource	False
?c  <isCitizenOf>  ?a  ?c  <livesIn>  ?b   => ?a  <hasCapital>  ?b	<Armenia>	<hasCapital>	<Phoenix,_Arizona>	TargetSource	False
?c  <isCitizenOf>  ?a  ?c  <livesIn>  ?b   => ?a  <hasCapital>  ?b	<Philippines>	<hasCapital>	<Zamboanga_City>	TrainingSource	False
?c  <isCitizenOf>  ?a  ?c  <livesIn>  ?b   => ?a  <hasCapital>  ?b	<Pakistan>	<hasCapital>	<Cairo>	TrainingSource	False
?c  <isCitizenOf>  ?a  ?c  <livesIn>  ?b   => ?a  <hasCapital>  ?b	<Japan>	<hasCapital>	<Osaka>	TrainingSource	False
?c  <isCitizenOf>  ?a  ?c  <livesIn>  ?b   => ?a  <hasCapital>  ?b	<Denmark>	<hasCapital>	<Borneo>	ManualEvaluation	False
?c  <isCitizenOf>  ?a  ?c  <livesIn>  ?b   => ?a  <hasCapital>  ?b	<Austria>	<hasCapital>	<Germany>	ManualEvaluation	False
?c  <isCitizenOf>  ?a  ?c  <livesIn>  ?b   => ?a  <hasCapital>  ?b	<South_Africa>	<hasCapital>	<Portland,_Oregon>	ManualEvaluation	False
?c  <isCitizenOf>  ?a  ?c  <livesIn>  ?b   => ?a  <hasCapital>  ?b	<Switzerland>	<hasCapital>	<Italy>	ManualEvaluation	False
?c  <isCitizenOf>  ?a  ?c  <livesIn>  ?b   => ?a  <hasCapital>  ?b	<Pakistan>	<hasCapital>	<Arifwala>	ManualEvaluation	False
?c  <isCitizenOf>  ?a  ?c  <livesIn>  ?b   => ?a  <hasCapital>  ?b	<Japan>	<hasCapital>	<Santa_Ana,_California>	ManualEvaluation	False
?c  <isCitizenOf>  ?a  ?c  <livesIn>  ?b   => ?a  <hasCapital>  ?b	<Philippines>	<hasCapital>	<Tarlac>	ManualEvaluation	False
?c  <isCitizenOf>  ?a  ?c  <livesIn>  ?b   => ?a  <hasCapital>  ?b	<Japan>	<hasCapital>	<Hirakata,_Osaka>	ManualEvaluation	False
?c  <isCitizenOf>  ?a  ?c  <livesIn>  ?b   => ?a  <hasCapital>  ?b	<Russian_Empire>	<hasCapital>	<United_Kingdom>	ManualEvaluation	False
?c  <isCitizenOf>  ?a  ?c  <livesIn>  ?b   => ?a  <hasCapital>  ?b	<Hesse>	<hasCapital>	<German_Empire>	ManualEvaluation	False
?c  <isCitizenOf>  ?a  ?c  <livesIn>  ?b   => ?a  <hasCapital>  ?b	<Philippines>	<hasCapital>	<Dasmariñas_Village>	ManualEvaluation	False
?c  <isCitizenOf>  ?a  ?c  <livesIn>  ?b   => ?a  <hasCapital>  ?b	<Cuba>	<hasCapital>	<Los_Angeles>	ManualEvaluation	False
?c  <isCitizenOf>  ?a  ?c  <livesIn>  ?b   => ?a  <hasCapital>  ?b	<Pakistan>	<hasCapital>	<Mianwali>	ManualEvaluation	False
?c  <isCitizenOf>  ?a  ?c  <livesIn>  ?b   => ?a  <hasCapital>  ?b	<Philippines>	<hasCapital>	<Mayantoc,_Tarlac>	ManualEvaluation	False
?c  <isCitizenOf>  ?a  ?c  <livesIn>  ?b   => ?a  <hasCapital>  ?b	<Austria>	<hasCapital>	<London_Borough_of_Barnet>	ManualEvaluation	False
?c  <isCitizenOf>  ?a  ?c  <livesIn>  ?b   => ?a  <hasCapital>  ?b	<Prussia>	<hasCapital>	<Tylsen>	ManualEvaluation	False
?c  <isCitizenOf>  ?a  ?c  <livesIn>  ?b   => ?a  <hasCapital>  ?b	<Austria>	<hasCapital>	<Golders_Green>	ManualEvaluation	False
?c  <isCitizenOf>  ?a  ?c  <livesIn>  ?b   => ?a  <hasCapital>  ?b	<Philippines>	<hasCapital>	<Bacoor,_Cavite>	ManualEvaluation	False
?c  <isCitizenOf>  ?a  ?c  <livesIn>  ?b   => ?a  <hasCapital>  ?b	<Poland>	<hasCapital>	<Saint-Barthélemy,_Switzerland>	ManualEvaluation	False
?c  <isCitizenOf>  ?a  ?c  <livesIn>  ?b   => ?a  <hasCapital>  ?b	<Philippines>	<hasCapital>	<Cavite>	ManualEvaluation	False
?c  <isCitizenOf>  ?a  ?c  <livesIn>  ?b   => ?a  <hasCapital>  ?b	<Mexico>	<hasCapital>	<Germany>	ManualEvaluation	False
?c  <isCitizenOf>  ?a  ?c  <livesIn>  ?b   => ?a  <hasCapital>  ?b	<Old_Swiss_Confederacy>	<hasCapital>	<Kingdom_of_Prussia>	ManualEvaluation	False
?c  <dealsWith>  ?a  ?c  <imports>  ?b   => ?a  <exports>  ?b	<Algeria>	<exports>	<wordnet_petroleum_114980579>	TargetSource	True
?c  <dealsWith>  ?a  ?c  <imports>  ?b   => ?a  <exports>  ?b	<Syria>	<exports>	<wordnet_food_100021265>	ManualEvaluation	False
?c  <dealsWith>  ?a  ?c  <imports>  ?b   => ?a  <exports>  ?b	<Iran>	<exports>	<wordnet_fertilizer_114859344>	ManualEvaluation	False
?c  <dealsWith>  ?a  ?c  <imports>  ?b   => ?a  <exports>  ?b	<Iran>	<exports>	<wordnet_narration_107220773>	ManualEvaluation	False
?c  <dealsWith>  ?a  ?c  <imports>  ?b   => ?a  <exports>  ?b	<Japan>	<exports>	<wordnet_food_100021265>	ManualEvaluation	False
?c  <dealsWith>  ?a  ?c  <imports>  ?b   => ?a  <exports>  ?b	<Brazil>	<exports>	<wordnet_wheat_112142085>	ManualEvaluation	False
?c  <dealsWith>  ?a  ?c  <imports>  ?b   => ?a  <exports>  ?b	<Bangladesh>	<exports>	<wordnet_aircraft_102686568>	ManualEvaluation	False
?c  <dealsWith>  ?a  ?c  <imports>  ?b   => ?a  <exports>  ?b	<France>	<exports>	<wordnet_narration_107220773>	ManualEvaluation	False
?c  <dealsWith>  ?a  ?c  <imports>  ?b   => ?a  <exports>  ?b	<Canada>	<exports>	<wordnet_pharmaceutical_103920989>	ManualEvaluation	False
?c  <dealsWith>  ?a  ?c  <imports>  ?b   => ?a  <exports>  ?b	<Canada>	<exports>	<wordnet_vehicle_104524313>	ManualEvaluation	True
?c  <dealsWith>  ?a  ?c  <imports>  ?b   => ?a  <exports>  ?b	<Italy>	<exports>	<wordnet_raw_material_114596700>	ManualEvaluation	False
?c  <dealsWith>  ?a  ?c  <imports>  ?b   => ?a  <exports>  ?b	<Netherlands>	<exports>	<wordnet_raw_material_114596700>	ManualEvaluation	False
?c  <dealsWith>  ?a  ?c  <imports>  ?b   => ?a  <exports>  ?b	<Jordan>	<exports>	<wordnet_food_100021265>	ManualEvaluation	True
?c  <dealsWith>  ?a  ?c  <imports>  ?b   => ?a  <exports>  ?b	<Japan>	<exports>	<wordnet_aircraft_102686568>	ManualEvaluation	False
?c  <dealsWith>  ?a  ?c  <imports>  ?b   => ?a  <exports>  ?b	<Netherlands>	<exports>	<wordnet_food_100021265>	ManualEvaluation
?c  <dealsWith>  ?a  ?c  <imports>  ?b   => ?a  <exports>  ?b	<Canada>	<exports>	<wordnet_petroleum_114980579>	ManualEvaluation	True
?c  <dealsWith>  ?a  ?c  <imports>  ?b   => ?a  <exports>  ?b	<Indonesia>	<exports>	<wordnet_pharmaceutical_103920989>	ManualEvaluation	False
?c  <dealsWith>  ?a  ?c  <imports>  ?b   => ?a  <exports>  ?b	<Russia>	<exports>	<wordnet_building_material_114786479>	ManualEvaluation	False
?c  <dealsWith>  ?a  ?c  <imports>  ?b   => ?a  <exports>  ?b	<Germany>	<exports>	<wordnet_aircraft_102686568>	ManualEvaluation	False
?c  <dealsWith>  ?a  ?c  <imports>  ?b   => ?a  <exports>  ?b	<Finland>	<exports>	<wordnet_petroleum_114980579>	ManualEvaluation	False
?c  <dealsWith>  ?a  ?c  <imports>  ?b   => ?a  <exports>  ?b	<Norway>	<exports>	<wordnet_cotton_114870078>	ManualEvaluation	False
?c  <dealsWith>  ?a  ?c  <imports>  ?b   => ?a  <exports>  ?b	<People's_Republic_of_China>	<exports>	<wordnet_consumer_goods_103093574>	ManualEvaluation	True
?c  <dealsWith>  ?a  ?c  <imports>  ?b   => ?a  <exports>  ?b	<Hong_Kong>	<exports>	<wordnet_vehicle_104524313>	ManualEvaluation	Unknown
?c  <dealsWith>  ?a  ?c  <imports>  ?b   => ?a  <exports>  ?b	<Cameroon>	<exports>	<wordnet_pharmaceutical_103920989>	ManualEvaluation	False
?c  <dealsWith>  ?a  ?c  <imports>  ?b   => ?a  <exports>  ?b	<Russia>	<exports>	<wordnet_sugar_107859284>	ManualEvaluation	False
?c  <dealsWith>  ?a  ?c  <imports>  ?b   => ?a  <exports>  ?b	<Japan>	<exports>	<wordnet_natural_gas_114960090>	ManualEvaluation	False
?c  <dealsWith>  ?a  ?c  <imports>  ?b   => ?a  <exports>  ?b	<Ukraine>	<exports>	<wordnet_meat_107649854>	ManualEvaluation	True
?c  <dealsWith>  ?a  ?c  <imports>  ?b   => ?a  <exports>  ?b	<Japan>	<exports>	<wordnet_grain_109290777>	ManualEvaluation	False
?c  <dealsWith>  ?a  ?c  <imports>  ?b   => ?a  <exports>  ?b	<Spain>	<exports>	<wordnet_industry_100923444>	ManualEvaluation	False
?c  <dealsWith>  ?a  ?c  <imports>  ?b   => ?a  <exports>  ?b	<Japan>	<exports>	<wordnet_contraceptive_103096593>	ManualEvaluation	False
?a  <livesIn>  ?b   => ?a  <wasBornIn>  ?b	<Cynthia_May_Alden>	<wasBornIn>	<New_York_City>	TrainingSource	False
?a  <livesIn>  ?b   => ?a  <wasBornIn>  ?b	<Gabriela_Sabatini>	<wasBornIn>	<Buenos_Aires>	TargetSource	False
?a  <livesIn>  ?b   => ?a  <wasBornIn>  ?b	<Earle_D._Willey>	<wasBornIn>	<Dover,_Delaware>	TrainingSource	False
?a  <livesIn>  ?b   => ?a  <wasBornIn>  ?b	<Betha_Sudhakar>	<wasBornIn>	<Mumbai>	TrainingSource	False
?a  <livesIn>  ?b   => ?a  <wasBornIn>  ?b	<Jeanne-Marie_Busuttil>	<wasBornIn>	<Gainesville,_Florida>	TrainingSource	False
?a  <livesIn>  ?b   => ?a  <wasBornIn>  ?b	<Leonardo_Mayer>	<wasBornIn>	<Buenos_Aires>	TargetSource	False
?a  <livesIn>  ?b   => ?a  <wasBornIn>  ?b	<Steven_Ciobo>	<wasBornIn>	<Gold_Coast,_Queensland>	TrainingSource	False
?a  <livesIn>  ?b   => ?a  <wasBornIn>  ?b	<Tudor_Cataraga>	<wasBornIn>	<Chi_inu>	TrainingSource	False
?a  <livesIn>  ?b   => ?a  <wasBornIn>  ?b	<Scott_Heidepriem>	<wasBornIn>	<Sioux_Falls,_South_Dakota>	TrainingSource	False
?a  <livesIn>  ?b   => ?a  <wasBornIn>  ?b	<Artur_Ekert>	<wasBornIn>	<Singapore>	TargetSource	False
?a  <livesIn>  ?b   => ?a  <wasBornIn>  ?b	<James_Duncan_Davidson>	<wasBornIn>	<Portland,_Oregon>	TrainingSource	False
?a  <livesIn>  ?b   => ?a  <wasBornIn>  ?b	<George_Fernandes>	<wasBornIn>	<Bangalore>	TrainingSource	False
?a  <livesIn>  ?b   => ?a  <wasBornIn>  ?b	<Ricky_Polston>	<wasBornIn>	<Tallahassee,_Florida>	TrainingSource	False
?a  <livesIn>  ?b   => ?a  <wasBornIn>  ?b	<William_Peters_Hepburn>	<wasBornIn>	<Clarinda,_Iowa>	TrainingSource	False
?a  <livesIn>  ?b   => ?a  <wasBornIn>  ?b	<Louis_McLane>	<wasBornIn>	<Wilmington,_Delaware>	TrainingSource	False
?a  <livesIn>  ?b   => ?a  <wasBornIn>  ?b	<Masao_Sugiuchi>	<wasBornIn>	<Tokyo>	TrainingSource	False
?a  <livesIn>  ?b   => ?a  <wasBornIn>  ?b	<Tsutomu_Yamaguchi>	<wasBornIn>	<Nagasaki>	TrainingSource	False
?a  <livesIn>  ?b   => ?a  <wasBornIn>  ?b	<L._Heisler_Ball>	<wasBornIn>	<Wilmington,_Delaware>	TrainingSource	False
?a  <livesIn>  ?b   => ?a  <wasBornIn>  ?b	<Welcome_W._Wilson,_Sr.>	<wasBornIn>	<Houston>	TrainingSource	False
?a  <livesIn>  ?b   => ?a  <wasBornIn>  ?b	<Jabulani_Sibanda>	<wasBornIn>	<Zimbabwe>	ManualEvaluation	True
?a  <livesIn>  ?b   => ?a  <wasBornIn>  ?b	<Peter_Lundgren>	<wasBornIn>	<Hunnebostrand>	ManualEvaluation	False
?a  <livesIn>  ?b   => ?a  <wasBornIn>  ?b	<Jefferson_W._Speck>	<wasBornIn>	<Brevard_County,_Florida>	ManualEvaluation	False
?a  <livesIn>  ?b   => ?a  <wasBornIn>  ?b	<William_O._Harbach>	<wasBornIn>	<Fairfield,_Connecticut>	ManualEvaluation	False
?a  <livesIn>  ?b   => ?a  <wasBornIn>  ?b	<Louis_Oosthuizen>	<wasBornIn>	<South_Africa>	ManualEvaluation	True
?a  <livesIn>  ?b   => ?a  <wasBornIn>  ?b	<Masaki_Ogata>	<wasBornIn>	<Japan>	ManualEvaluation	True
?a  <livesIn>  ?b   => ?a  <wasBornIn>  ?b	<Thomas_F._Hamilton>	<wasBornIn>	<USA>	ManualEvaluation	True
?a  <livesIn>  ?b   => ?a  <wasBornIn>  ?b	<Luke_Donald>	<wasBornIn>	<High_Wycombe>	ManualEvaluation	False
?a  <livesIn>  ?b   => ?a  <wasBornIn>  ?b	<Richard_Dacres_(Royal_Navy_officer)>	<wasBornIn>	<United_Kingdom>	ManualEvaluation	Unknown
?a  <livesIn>  ?b   => ?a  <wasBornIn>  ?b	<Judy_Wasylycia-Leis>	<wasBornIn>	<Winnipeg>	ManualEvaluation	False
?a  <livesIn>  ?b   => ?a  <wasBornIn>  ?b	<Daren_Lee>	<wasBornIn>	<Hertfordshire>	ManualEvaluation	False
?a  <isCitizenOf>  ?c  ?c  <hasCapital>  ?b   => ?a  <diedIn>  ?b	<Johan_Petter_Johansson>	<diedIn>	<Stockholm>	TrainingSource	False
?a  <isCitizenOf>  ?c  ?c  <hasCapital>  ?b   => ?a  <diedIn>  ?b	<Grzegorz_Walasek>	<diedIn>	<Warsaw>	TrainingSource	False
?a  <isCitizenOf>  ?c  ?c  <hasCapital>  ?b   => ?a  <diedIn>  ?b	<Attoor_Ravi_Varma>	<diedIn>	<New_Delhi>	TrainingSource	False
?a  <isCitizenOf>  ?c  ?c  <hasCapital>  ?b   => ?a  <diedIn>  ?b	<S._S._Ramasami_Padayachi>	<diedIn>	<New_Delhi>	TrainingSource	False
?a  <isCitizenOf>  ?c  ?c  <hasCapital>  ?b   => ?a  <diedIn>  ?b	<Gordon_Olley>	<diedIn>	<London>	TrainingSource	False
?a  <isCitizenOf>  ?c  ?c  <hasCapital>  ?b   => ?a  <diedIn>  ?b	<Alicia_Alonso>	<diedIn>	<Havana>	TrainingSource	False
?a  <isCitizenOf>  ?c  ?c  <hasCapital>  ?b   => ?a  <diedIn>  ?b	<Avraham_Oz>	<diedIn>	<Jerusalem>	TrainingSource	False
?a  <isCitizenOf>  ?c  ?c  <hasCapital>  ?b   => ?a  <diedIn>  ?b	<Christoph_Werner_Konrad>	<diedIn>	<Berlin>	TrainingSource	False
?a  <isCitizenOf>  ?c  ?c  <hasCapital>  ?b   => ?a  <diedIn>  ?b	<Hermann_Senator>	<diedIn>	<Berlin>	TrainingSource	False
?a  <isCitizenOf>  ?c  ?c  <hasCapital>  ?b   => ?a  <diedIn>  ?b	<Terunobu_Maeda>	<diedIn>	<Tokyo>	TrainingSource	False
?a  <isCitizenOf>  ?c  ?c  <hasCapital>  ?b   => ?a  <diedIn>  ?b	<Arthur_Pic>	<diedIn>	<Paris>	TrainingSource	False
?a  <isCitizenOf>  ?c  ?c  <hasCapital>  ?b   => ?a  <diedIn>  ?b	<Herbert_Fröhlich>	<diedIn>	<London>	TrainingSource	False
?a  <isCitizenOf>  ?c  ?c  <hasCapital>  ?b   => ?a  <diedIn>  ?b	<Tama_Easton>	<diedIn>	<Wellington>	TrainingSource	False
?a  <isCitizenOf>  ?c  ?c  <hasCapital>  ?b   => ?a  <diedIn>  ?b	<Terutomo_Yamazaki>	<diedIn>	<Tokyo>	TrainingSource	False
?a  <isCitizenOf>  ?c  ?c  <hasCapital>  ?b   => ?a  <diedIn>  ?b	<Allan_Rogers>	<diedIn>	<London>	TrainingSource	False
?a  <isCitizenOf>  ?c  ?c  <hasCapital>  ?b   => ?a  <diedIn>  ?b	<I._Dragoslav>	<diedIn>	<Bucharest>	TrainingSource	False
?a  <isCitizenOf>  ?c  ?c  <hasCapital>  ?b   => ?a  <diedIn>  ?b	<Darren_Hughes>	<diedIn>	<Wellington>	TrainingSource	False
?a  <isCitizenOf>  ?c  ?c  <hasCapital>  ?b   => ?a  <diedIn>  ?b	<George_Hollingbery>	<diedIn>	<London>	TrainingSource	False
?a  <isCitizenOf>  ?c  ?c  <hasCapital>  ?b   => ?a  <diedIn>  ?b	<R._Y._Deshpande>	<diedIn>	<New_Delhi>	TrainingSource	False
?a  <isCitizenOf>  ?c  ?c  <hasCapital>  ?b   => ?a  <diedIn>  ?b	<Benka_Pulko>	<diedIn>	<Ljubljana>	TargetSource	False
?a  <isCitizenOf>  ?c  ?c  <hasCapital>  ?b   => ?a  <diedIn>  ?b	<Renatus_Harris>	<diedIn>	<London>	TrainingSource	False
?a  <isCitizenOf>  ?c  ?c  <hasCapital>  ?b   => ?a  <diedIn>  ?b	<Steve_Prest>	<diedIn>	<London>	TrainingSource	False
?a  <isCitizenOf>  ?c  ?c  <hasCapital>  ?b   => ?a  <diedIn>  ?b	<Alfred_Kleiner>	<diedIn>	<Bern>	TrainingSource	False
?a  <isCitizenOf>  ?c  ?c  <hasCapital>  ?b   => ?a  <diedIn>  ?b	<Tom_of_Finland>	<diedIn>	<Helsinki>	TargetSource	True
?a  <isCitizenOf>  ?c  ?c  <hasCapital>  ?b   => ?a  <diedIn>  ?b	<Lyudmila_Bikmullina>	<diedIn>	<Kiev>	TrainingSource	False
?a  <isCitizenOf>  ?c  ?c  <hasCapital>  ?b   => ?a  <diedIn>  ?b	<Brian_White_(British_politician)>	<diedIn>	<London>	TrainingSource	False
?a  <isCitizenOf>  ?c  ?c  <hasCapital>  ?b   => ?a  <diedIn>  ?b	<Leroy_Kaestner>	<diedIn>	<Amsterdam>	TrainingSource	False
?a  <isCitizenOf>  ?c  ?c  <hasCapital>  ?b   => ?a  <diedIn>  ?b	<John_Austin_(politician)>	<diedIn>	<London>	TrainingSource	False
?a  <isCitizenOf>  ?c  ?c  <hasCapital>  ?b   => ?a  <diedIn>  ?b	<Darren_Morgan>	<diedIn>	<London>	TrainingSource	False
?a  <isCitizenOf>  ?c  ?c  <hasCapital>  ?b   => ?a  <diedIn>  ?b	<Navin_Shah>	<diedIn>	<London>	TrainingSource	False
?a  <imports>  ?c  ?b  <exports>  ?c   => ?a  <dealsWith>  ?b	<Oman>	<dealsWith>	<Mongolia>	ManualEvaluation	False
?a  <imports>  ?c  ?b  <exports>  ?c   => ?a  <dealsWith>  ?b	<Libya>	<dealsWith>	<New_Zealand>	ManualEvaluation	False
?a  <imports>  ?c  ?b  <exports>  ?c   => ?a  <dealsWith>  ?b	<Gibraltar>	<dealsWith>	<Portugal>	ManualEvaluation	True
?a  <imports>  ?c  ?b  <exports>  ?c   => ?a  <dealsWith>  ?b	<Liechtenstein>	<dealsWith>	<New_Zealand>	ManualEvaluation
?a  <imports>  ?c  ?b  <exports>  ?c   => ?a  <dealsWith>  ?b	<Oman>	<dealsWith>	<Burkina_Faso>	ManualEvaluation	False
?a  <imports>  ?c  ?b  <exports>  ?c   => ?a  <dealsWith>  ?b	<Swaziland>	<dealsWith>	<Sweden>	ManualEvaluation	False
?a  <imports>  ?c  ?b  <exports>  ?c   => ?a  <dealsWith>  ?b	<Queensland>	<dealsWith>	<Mexico>	ManualEvaluation	False
?a  <imports>  ?c  ?b  <exports>  ?c   => ?a  <dealsWith>  ?b	<Liechtenstein>	<dealsWith>	<Finland>	ManualEvaluation	False
?a  <imports>  ?c  ?b  <exports>  ?c   => ?a  <dealsWith>  ?b	<North_Korea>	<dealsWith>	<Taiwan>	ManualEvaluation	True
?a  <imports>  ?c  ?b  <exports>  ?c   => ?a  <dealsWith>  ?b	<United_States>	<dealsWith>	<Grenada>	ManualEvaluation	False
?a  <imports>  ?c  ?b  <exports>  ?c   => ?a  <dealsWith>  ?b	<El_Salvador>	<dealsWith>	<Latvia>	ManualEvaluation	False
?a  <imports>  ?c  ?b  <exports>  ?c   => ?a  <dealsWith>  ?b	<Faroe_Islands>	<dealsWith>	<Norway>	ManualEvaluation	True
?a  <imports>  ?c  ?b  <exports>  ?c   => ?a  <dealsWith>  ?b	<Tonga>	<dealsWith>	<Finland>	ManualEvaluation	False
?a  <imports>  ?c  ?b  <exports>  ?c   => ?a  <dealsWith>  ?b	<Cambodia>	<dealsWith>	<Ethiopia>	ManualEvaluation	False
?a  <imports>  ?c  ?b  <exports>  ?c   => ?a  <dealsWith>  ?b	<Queensland>	<dealsWith>	<Suriname>	ManualEvaluation	False
?a  <imports>  ?c  ?b  <exports>  ?c   => ?a  <dealsWith>  ?b	<Vietnam>	<dealsWith>	<Canada>	ManualEvaluation	False
?a  <imports>  ?c  ?b  <exports>  ?c   => ?a  <dealsWith>  ?b	<Taiwan>	<dealsWith>	<Brazil>	ManualEvaluation	False
?a  <imports>  ?c  ?b  <exports>  ?c   => ?a  <dealsWith>  ?b	<Liechtenstein>	<dealsWith>	<Austria>	ManualEvaluation	True
?a  <imports>  ?c  ?b  <exports>  ?c   => ?a  <dealsWith>  ?b	<Liechtenstein>	<dealsWith>	<Mexico>	ManualEvaluation	False
?a  <imports>  ?c  ?b  <exports>  ?c   => ?a  <dealsWith>  ?b	<El_Salvador>	<dealsWith>	<Paraguay>	ManualEvaluation	False
?a  <imports>  ?c  ?b  <exports>  ?c   => ?a  <dealsWith>  ?b	<Costa_Rica>	<dealsWith>	<Dominican_Republic>	ManualEvaluation	True
?a  <imports>  ?c  ?b  <exports>  ?c   => ?a  <dealsWith>  ?b	<Zimbabwe>	<dealsWith>	<Bulgaria>	ManualEvaluation	False
?a  <imports>  ?c  ?b  <exports>  ?c   => ?a  <dealsWith>  ?b	<Papua_New_Guinea>	<dealsWith>	<India>	ManualEvaluation	False
?a  <imports>  ?c  ?b  <exports>  ?c   => ?a  <dealsWith>  ?b	<Cuba>	<dealsWith>	<Republic_of_Ireland>	ManualEvaluation	False
?a  <imports>  ?c  ?b  <exports>  ?c   => ?a  <dealsWith>  ?b	<Macau>	<dealsWith>	<France>	ManualEvaluation	True
?a  <imports>  ?c  ?b  <exports>  ?c   => ?a  <dealsWith>  ?b	<Queensland>	<dealsWith>	<Burkina_Faso>	ManualEvaluation	False
?a  <imports>  ?c  ?b  <exports>  ?c   => ?a  <dealsWith>  ?b	<Guatemala>	<dealsWith>	<Switzerland>	ManualEvaluation	False
?a  <imports>  ?c  ?b  <exports>  ?c   => ?a  <dealsWith>  ?b	<El_Salvador>	<dealsWith>	<Oman>	ManualEvaluation	False
?a  <imports>  ?c  ?b  <exports>  ?c   => ?a  <dealsWith>  ?b	<Gibraltar>	<dealsWith>	<Moldova>	ManualEvaluation	False
?a  <imports>  ?c  ?b  <exports>  ?c   => ?a  <dealsWith>  ?b	<Taiwan>	<dealsWith>	<Switzerland>	ManualEvaluation	False
?e  <dealsWith>  ?a  ?e  <exports>  ?b   => ?a  <exports>  ?b	<Montenegro>	<exports>	<wordnet_food_100021265>	ManualEvaluation	False
?e  <dealsWith>  ?a  ?e  <exports>  ?b   => ?a  <exports>  ?b	<Denmark>	<exports>	<wordnet_ship_104194289>	ManualEvaluation	False
?e  <dealsWith>  ?a  ?e  <exports>  ?b   => ?a  <exports>  ?b	<Norway>	<exports>	<wordnet_windmill_104587559>	ManualEvaluation	False
?e  <dealsWith>  ?a  ?e  <exports>  ?b   => ?a  <exports>  ?b	<Netherlands>	<exports>	<wordnet_windmill_104587559>	ManualEvaluation	False
?e  <dealsWith>  ?a  ?e  <exports>  ?b   => ?a  <exports>  ?b	<Spain>	<exports>	<wordnet_natural_gas_114960090>	ManualEvaluation	False
?e  <dealsWith>  ?a  ?e  <exports>  ?b   => ?a  <exports>  ?b	<Netherlands>	<exports>	<wordnet_industry_100923444>	ManualEvaluation	False
?e  <dealsWith>  ?a  ?e  <exports>  ?b   => ?a  <exports>  ?b	<Italy>	<exports>	<wordnet_fuel_114875077>	ManualEvaluation	False
?e  <dealsWith>  ?a  ?e  <exports>  ?b   => ?a  <exports>  ?b	<Guatemala>	<exports>	<wordnet_molasses_107859951>	ManualEvaluation	False
?e  <dealsWith>  ?a  ?e  <exports>  ?b   => ?a  <exports>  ?b	<Italy>	<exports>	<wordnet_iron_ore_114923458>	ManualEvaluation	False
?e  <dealsWith>  ?a  ?e  <exports>  ?b   => ?a  <exports>  ?b	<Malaysia>	<exports>	<wordnet_alumina_114823944>	ManualEvaluation	False
?e  <dealsWith>  ?a  ?e  <exports>  ?b   => ?a  <exports>  ?b	<People's_Republic_of_China>	<exports>	<wordnet_wool_104599235>	ManualEvaluation	False
?e  <dealsWith>  ?a  ?e  <exports>  ?b   => ?a  <exports>  ?b	<Germany>	<exports>	<wordnet_salt_115010703>	ManualEvaluation	False
?e  <dealsWith>  ?a  ?e  <exports>  ?b   => ?a  <exports>  ?b	<Cuba>	<exports>	<wordnet_petroleum_114980579>	ManualEvaluation	False
?e  <dealsWith>  ?a  ?e  <exports>  ?b   => ?a  <exports>  ?b	<Germany>	<exports>	<wordnet_coal_114814616>	ManualEvaluation	False
?e  <dealsWith>  ?a  ?e  <exports>  ?b   => ?a  <exports>  ?b	<Ukraine>	<exports>	<wordnet_tuna_111852148>	ManualEvaluation	False
?e  <dealsWith>  ?a  ?e  <exports>  ?b   => ?a  <exports>  ?b	<People's_Republic_of_China>	<exports>	<wordnet_salt_115010703>	ManualEvaluation	False
?e  <dealsWith>  ?a  ?e  <exports>  ?b   => ?a  <exports>  ?b	<Japan>	<exports>	<wordnet_battery_108389572>	ManualEvaluation	False
?e  <dealsWith>  ?a  ?e  <exports>  ?b   => ?a  <exports>  ?b	<Azerbaijan>	<exports>	<wordnet_scrap_metal_114857737>	ManualEvaluation	False
?e  <dealsWith>  ?a  ?e  <exports>  ?b   => ?a  <exports>  ?b	<Kenya>	<exports>	<wordnet_opium_103850966>	ManualEvaluation	False
?e  <dealsWith>  ?a  ?e  <exports>  ?b   => ?a  <exports>  ?b	<Kuwait>	<exports>	<wordnet_petroleum_114980579>	ManualEvaluation	True
?e  <dealsWith>  ?a  ?e  <exports>  ?b   => ?a  <exports>  ?b	<Canada>	<exports>	<wordnet_rice_107804323>	ManualEvaluation	False
?e  <dealsWith>  ?a  ?e  <exports>  ?b   => ?a  <exports>  ?b	<Sweden>	<exports>	<wordnet_gypsum_114677778>	ManualEvaluation	False
?e  <dealsWith>  ?a  ?e  <exports>  ?b   => ?a  <exports>  ?b	<Sweden>	<exports>	<wordnet_runt_110543544>	ManualEvaluation	False
?e  <dealsWith>  ?a  ?e  <exports>  ?b   => ?a  <exports>  ?b	<Nigeria>	<exports>	<wordnet_gardening_100918383>	ManualEvaluation	False
?e  <dealsWith>  ?a  ?e  <exports>  ?b   => ?a  <exports>  ?b	<Germany>	<exports>	<wordnet_software_106566077>	ManualEvaluation	False
?e  <dealsWith>  ?a  ?e  <exports>  ?b   => ?a  <exports>  ?b	<France>	<exports>	<wordnet_wool_104599235>	ManualEvaluation	False
?e  <dealsWith>  ?a  ?e  <exports>  ?b   => ?a  <exports>  ?b	<Egypt>	<exports>	<wordnet_gum_arabic_114900963>	ManualEvaluation	False
?e  <dealsWith>  ?a  ?e  <exports>  ?b   => ?a  <exports>  ?b	<Norway>	<exports>	<wordnet_furniture_103405725>	ManualEvaluation	False
?e  <dealsWith>  ?a  ?e  <exports>  ?b   => ?a  <exports>  ?b	<France>	<exports>	<wordnet_petroleum_114980579>	ManualEvaluation	False
?e  <dealsWith>  ?a  ?e  <exports>  ?b   => ?a  <exports>  ?b	<Netherlands>	<exports>	<wordnet_salt_115010703>	ManualEvaluation	False
?a  <dealsWith>  ?c  ?c  <imports>  ?b   => ?a  <exports>  ?b	<Mauritania>	<exports>	<wordnet_raw_material_114596700>	ManualEvaluation	False
?a  <dealsWith>  ?c  ?c  <imports>  ?b   => ?a  <exports>  ?b	<Mauritius>	<exports>	<wordnet_fertilizer_114859344>	ManualEvaluation	False
?a  <dealsWith>  ?c  ?c  <imports>  ?b   => ?a  <exports>  ?b	<Greenland>	<exports>	<wordnet_motor_vehicle_103791235>	ManualEvaluation	False
?a  <dealsWith>  ?c  ?c  <imports>  ?b   => ?a  <exports>  ?b	<Iraq>	<exports>	<wordnet_narration_107220773>	ManualEvaluation	False
?a  <dealsWith>  ?c  ?c  <imports>  ?b   => ?a  <exports>  ?b	<Syria>	<exports>	<wordnet_industry_100923444>	ManualEvaluation	False
?a  <dealsWith>  ?c  ?c  <imports>  ?b   => ?a  <exports>  ?b	<Mauritius>	<exports>	<wordnet_gem_103432972>	ManualEvaluation	False
?a  <dealsWith>  ?c  ?c  <imports>  ?b   => ?a  <exports>  ?b	<Sri_Lanka>	<exports>	<wordnet_gem_103432972>	ManualEvaluation	True
?a  <dealsWith>  ?c  ?c  <imports>  ?b   => ?a  <exports>  ?b	<Iraq>	<exports>	<wordnet_paper_114974264>	ManualEvaluation	False
?a  <dealsWith>  ?c  ?c  <imports>  ?b   => ?a  <exports>  ?b	<Romania>	<exports>	<wordnet_consumer_goods_103093574>	ManualEvaluation	True
?a  <dealsWith>  ?c  ?c  <imports>  ?b   => ?a  <exports>  ?b	<Angola>	<exports>	<wordnet_scientific_instrument_104147495>	ManualEvaluation	False
?a  <dealsWith>  ?c  ?c  <imports>  ?b   => ?a  <exports>  ?b	<Hungary>	<exports>	<wordnet_motor_vehicle_103791235>	ManualEvaluation	False
?a  <dealsWith>  ?c  ?c  <imports>  ?b   => ?a  <exports>  ?b	<Albania>	<exports>	<wordnet_medicine_106043075>	ManualEvaluation	False
?a  <dealsWith>  ?c  ?c  <imports>  ?b   => ?a  <exports>  ?b	<Syria>	<exports>	<wordnet_consumer_goods_103093574>	ManualEvaluation	True
?a  <dealsWith>  ?c  ?c  <imports>  ?b   => ?a  <exports>  ?b	<Rwanda>	<exports>	<wordnet_raw_material_114596700>	ManualEvaluation	False
?a  <dealsWith>  ?c  ?c  <imports>  ?b   => ?a  <exports>  ?b	<Angola>	<exports>	<wordnet_footwear_103381126>	ManualEvaluation	False
?a  <dealsWith>  ?c  ?c  <imports>  ?b   => ?a  <exports>  ?b	<Liberia>	<exports>	<wordnet_metallic_element_114625458>	ManualEvaluation	True
?a  <dealsWith>  ?c  ?c  <imports>  ?b   => ?a  <exports>  ?b	<Sudan>	<exports>	<wordnet_fertilizer_114859344>	ManualEvaluation	False
?a  <dealsWith>  ?c  ?c  <imports>  ?b   => ?a  <exports>  ?b	<France>	<exports>	<wordnet_consumer_goods_103093574>	ManualEvaluation	False
?a  <dealsWith>  ?c  ?c  <imports>  ?b   => ?a  <exports>  ?b	<Spain>	<exports>	<wordnet_aircraft_102686568>	ManualEvaluation	False
?a  <dealsWith>  ?c  ?c  <imports>  ?b   => ?a  <exports>  ?b	<Poland>	<exports>	<wordnet_medicine_106043075>	ManualEvaluation	False
?a  <dealsWith>  ?c  ?c  <imports>  ?b   => ?a  <exports>  ?b	<Syria>	<exports>	<wordnet_motor_vehicle_103791235>	ManualEvaluation	False
?a  <dealsWith>  ?c  ?c  <imports>  ?b   => ?a  <exports>  ?b	<Sri_Lanka>	<exports>	<wordnet_fertilizer_114859344>	ManualEvaluation	False
?a  <dealsWith>  ?c  ?c  <imports>  ?b   => ?a  <exports>  ?b	<Switzerland>	<exports>	<wordnet_motor_vehicle_103791235>	ManualEvaluation	True
?a  <dealsWith>  ?c  ?c  <imports>  ?b   => ?a  <exports>  ?b	<Romania>	<exports>	<wordnet_motor_vehicle_103791235>	ManualEvaluation	True
?a  <dealsWith>  ?c  ?c  <imports>  ?b   => ?a  <exports>  ?b	<Netherlands>	<exports>	<wordnet_consumer_goods_103093574>	ManualEvaluation	False
?a  <dealsWith>  ?c  ?c  <imports>  ?b   => ?a  <exports>  ?b	<Republic_of_Macedonia>	<exports>	<wordnet_mineral_114662574>	ManualEvaluation	False
?a  <dealsWith>  ?c  ?c  <imports>  ?b   => ?a  <exports>  ?b	<Azerbaijan>	<exports>	<wordnet_medicine_106043075>	ManualEvaluation	False
?a  <dealsWith>  ?c  ?c  <imports>  ?b   => ?a  <exports>  ?b	<Tanzania>	<exports>	<wordnet_fertilizer_114859344>	ManualEvaluation	False
?a  <dealsWith>  ?c  ?c  <imports>  ?b   => ?a  <exports>  ?b	<Italy>	<exports>	<wordnet_aircraft_102686568>	ManualEvaluation	False
?a  <dealsWith>  ?c  ?c  <imports>  ?b   => ?a  <exports>  ?b	<Kazakhstan>	<exports>	<wordnet_energy_111452218>	ManualEvaluation	False
