?c  <isMarriedTo>  ?a  ?c  <diedIn>  ?b   => ?a  <diedIn>  ?b	<Alfonso_of_Aragon>	<diedIn>	<Ferrara>
?c  <isMarriedTo>  ?a  ?c  <diedIn>  ?b   => ?a  <diedIn>  ?b	<Celeste_Holm>	<diedIn>	<Danbury,_Connecticut>
?c  <isMarriedTo>  ?a  ?c  <diedIn>  ?b   => ?a  <diedIn>  ?b	<Harry_Schein>	<diedIn>	<Stockholm>
?c  <isMarriedTo>  ?a  ?c  <diedIn>  ?b   => ?a  <diedIn>  ?b	<Andrei_Kostrichkin>	<diedIn>	<Moscow>
?c  <isMarriedTo>  ?a  ?c  <diedIn>  ?b   => ?a  <diedIn>  ?b	<George_Pravda>	<diedIn>	<Oxford>
?c  <isMarriedTo>  ?a  ?c  <diedIn>  ?b   => ?a  <diedIn>  ?b	<WyszesBawa_of_Kiev>	<diedIn>	<Ossiach>
?c  <isMarriedTo>  ?a  ?c  <diedIn>  ?b   => ?a  <diedIn>  ?b	<Maude_Hutchins>	<diedIn>	<Santa_Barbara,_California>
?c  <isMarriedTo>  ?a  ?c  <diedIn>  ?b   => ?a  <diedIn>  ?b	<Maggie_Smith>	<diedIn>	<London>
?c  <isMarriedTo>  ?a  ?c  <diedIn>  ?b   => ?a  <diedIn>  ?b	<Prince_Charles_of_Prussia>	<diedIn>	<Berlin>
?c  <isMarriedTo>  ?a  ?c  <diedIn>  ?b   => ?a  <diedIn>  ?b	<Maria_Nagaya>	<diedIn>	<Moscow>
?c  <isMarriedTo>  ?a  ?c  <diedIn>  ?b   => ?a  <diedIn>  ?b	<Ruth_Chatterton>	<diedIn>	<Solana_Beach,_California>
?c  <isMarriedTo>  ?a  ?c  <diedIn>  ?b   => ?a  <diedIn>  ?b	<John_Spencer-Churchill,_11th_Duke_of_Marlborough>	<diedIn>	<St._Moritz>
?c  <isMarriedTo>  ?a  ?c  <diedIn>  ?b   => ?a  <diedIn>  ?b	<Richard_Widmark>	<diedIn>	<Santa_Barbara,_California>
?c  <isMarriedTo>  ?a  ?c  <diedIn>  ?b   => ?a  <diedIn>  ?b	<Ewan_MacColl>	<diedIn>	<London>
?c  <isMarriedTo>  ?a  ?c  <diedIn>  ?b   => ?a  <diedIn>  ?b	<Jens_Otto_Krag>	<diedIn>	<Charlottenlund>
?c  <isMarriedTo>  ?a  ?c  <diedIn>  ?b   => ?a  <diedIn>  ?b	<James_Louis_Sobieski>	<diedIn>	<WrocBaw>
?c  <isMarriedTo>  ?a  ?c  <diedIn>  ?b   => ?a  <diedIn>  ?b	<Franca_Bettoia>	<diedIn>	<Rome>
?c  <isMarriedTo>  ?a  ?c  <diedIn>  ?b   => ?a  <diedIn>  ?b	<Alexandrine_de_Bleschamp>	<diedIn>	<Viterbo>
?c  <isMarriedTo>  ?a  ?c  <diedIn>  ?b   => ?a  <diedIn>  ?b	<Elizabeth_of_Aragon>	<diedIn>	<Santarém,_Portugal>
?c  <isMarriedTo>  ?a  ?c  <diedIn>  ?b   => ?a  <diedIn>  ?b	<Eleanor_Summerfield>	<diedIn>	<London>
?c  <isMarriedTo>  ?a  ?c  <diedIn>  ?b   => ?a  <diedIn>  ?b	<Agustín_Fernández_Muñoz,_Duke_of_Riansares>	<diedIn>	<Le_Havre>
?c  <isMarriedTo>  ?a  ?c  <diedIn>  ?b   => ?a  <diedIn>  ?b	<Deborah_Read>	<diedIn>	<Philadelphia>
?c  <isMarriedTo>  ?a  ?c  <diedIn>  ?b   => ?a  <diedIn>  ?b	<Mary_Anderson_(film_actress)>	<diedIn>	<Los_Angeles>
?c  <isMarriedTo>  ?a  ?c  <diedIn>  ?b   => ?a  <diedIn>  ?b	<Verna_Harrah>	<diedIn>	<Rochester,_Minnesota>
?c  <isMarriedTo>  ?a  ?c  <diedIn>  ?b   => ?a  <diedIn>  ?b	<Eutropia>	<diedIn>	<Marseille>
?c  <isMarriedTo>  ?a  ?c  <diedIn>  ?b   => ?a  <diedIn>  ?b	<Duchess_Amalie_in_Bavaria>	<diedIn>	<Rapallo>
?c  <isMarriedTo>  ?a  ?c  <diedIn>  ?b   => ?a  <diedIn>  ?b	<Ena_Swansea>	<diedIn>	<New_York_City>
?c  <isMarriedTo>  ?a  ?c  <diedIn>  ?b   => ?a  <diedIn>  ?b	<Adelaide_of_Burgundy_(12331273)>	<diedIn>	<Leuven>
?c  <isMarriedTo>  ?a  ?c  <diedIn>  ?b   => ?a  <diedIn>  ?b	<Margaret_Karcher>	<diedIn>	<Fullerton,_California>
?c  <isMarriedTo>  ?a  ?c  <diedIn>  ?b   => ?a  <diedIn>  ?b	<Nida_Blanca>	<diedIn>	<Tracy,_California>
?c  <wasBornIn>  ?a  ?c  <isCitizenOf>  ?b   => ?a  <isLocatedIn>  ?b	<Axams>	<isLocatedIn>	<Austria>
?c  <wasBornIn>  ?a  ?c  <isCitizenOf>  ?b   => ?a  <isLocatedIn>  ?b	<Delhi>	<isLocatedIn>	<Pakistan>
?c  <wasBornIn>  ?a  ?c  <isCitizenOf>  ?b   => ?a  <isLocatedIn>  ?b	<Alexandria>	<isLocatedIn>	<Greece>
?c  <wasBornIn>  ?a  ?c  <isCitizenOf>  ?b   => ?a  <isLocatedIn>  ?b	<Ruvo_di_Puglia>	<isLocatedIn>	<Italy>
?c  <wasBornIn>  ?a  ?c  <isCitizenOf>  ?b   => ?a  <isLocatedIn>  ?b	<Boston>	<isLocatedIn>	<United_Kingdom>
?c  <wasBornIn>  ?a  ?c  <isCitizenOf>  ?b   => ?a  <isLocatedIn>  ?b	<New_York_City>	<isLocatedIn>	<France>
?c  <wasBornIn>  ?a  ?c  <isCitizenOf>  ?b   => ?a  <isLocatedIn>  ?b	<Tsukumi,_Lita>	<isLocatedIn>	<Japan>
?c  <wasBornIn>  ?a  ?c  <isCitizenOf>  ?b   => ?a  <isLocatedIn>  ?b	<Tarnów>	<isLocatedIn>	<Austria-Hungary>
?c  <wasBornIn>  ?a  ?c  <isCitizenOf>  ?b   => ?a  <isLocatedIn>  ?b	<Reggio_Emilia>	<isLocatedIn>	<Italy>
?c  <wasBornIn>  ?a  ?c  <isCitizenOf>  ?b   => ?a  <isLocatedIn>  ?b	<Berthierville,_Quebec>	<isLocatedIn>	<Canada>
?c  <wasBornIn>  ?a  ?c  <isCitizenOf>  ?b   => ?a  <isLocatedIn>  ?b	<Zagreb>	<isLocatedIn>	<Serbia>
?c  <wasBornIn>  ?a  ?c  <isCitizenOf>  ?b   => ?a  <isLocatedIn>  ?b	<Novodvinsk>	<isLocatedIn>	<Russia>
?c  <wasBornIn>  ?a  ?c  <isCitizenOf>  ?b   => ?a  <isLocatedIn>  ?b	<Stirling>	<isLocatedIn>	<South_Africa>
?c  <wasBornIn>  ?a  ?c  <isCitizenOf>  ?b   => ?a  <isLocatedIn>  ?b	<Istanbul>	<isLocatedIn>	<Germany>
?c  <wasBornIn>  ?a  ?c  <isCitizenOf>  ?b   => ?a  <isLocatedIn>  ?b	<Vejle>	<isLocatedIn>	<Denmark>
?c  <wasBornIn>  ?a  ?c  <isCitizenOf>  ?b   => ?a  <isLocatedIn>  ?b	<Klagenfurt>	<isLocatedIn>	<Austria>
?c  <wasBornIn>  ?a  ?c  <isCitizenOf>  ?b   => ?a  <isLocatedIn>  ?b	<Nablus>	<isLocatedIn>	<Jordan>
?c  <wasBornIn>  ?a  ?c  <isCitizenOf>  ?b   => ?a  <isLocatedIn>  ?b	<Sironj>	<isLocatedIn>	<Pakistan>
?c  <wasBornIn>  ?a  ?c  <isCitizenOf>  ?b   => ?a  <isLocatedIn>  ?b	<Krasnoturyinsk>	<isLocatedIn>	<Russia>
?c  <wasBornIn>  ?a  ?c  <isCitizenOf>  ?b   => ?a  <isLocatedIn>  ?b	<Gospi>	<isLocatedIn>	<Austria>
?c  <wasBornIn>  ?a  ?c  <isCitizenOf>  ?b   => ?a  <isLocatedIn>  ?b	<Balashov>	<isLocatedIn>	<Russia>
?c  <wasBornIn>  ?a  ?c  <isCitizenOf>  ?b   => ?a  <isLocatedIn>  ?b	<Lachine,_Quebec>	<isLocatedIn>	<Canada>
?c  <wasBornIn>  ?a  ?c  <isCitizenOf>  ?b   => ?a  <isLocatedIn>  ?b	<Molde>	<isLocatedIn>	<Norway>
?c  <wasBornIn>  ?a  ?c  <isCitizenOf>  ?b   => ?a  <isLocatedIn>  ?b	<Takaishi,_Osaka>	<isLocatedIn>	<Japan>
?c  <wasBornIn>  ?a  ?c  <isCitizenOf>  ?b   => ?a  <isLocatedIn>  ?b	<Surat>	<isLocatedIn>	<India>
?c  <wasBornIn>  ?a  ?c  <isCitizenOf>  ?b   => ?a  <isLocatedIn>  ?b	<Jalpaiguri>	<isLocatedIn>	<India>
?c  <wasBornIn>  ?a  ?c  <isCitizenOf>  ?b   => ?a  <isLocatedIn>  ?b	<Cosenza>	<isLocatedIn>	<Germany>
?c  <wasBornIn>  ?a  ?c  <isCitizenOf>  ?b   => ?a  <isLocatedIn>  ?b	<Chojnów>	<isLocatedIn>	<Germany>
?c  <wasBornIn>  ?a  ?c  <isCitizenOf>  ?b   => ?a  <isLocatedIn>  ?b	<Bharatpur,_India>	<isLocatedIn>	<India>
?c  <wasBornIn>  ?a  ?c  <isCitizenOf>  ?b   => ?a  <isLocatedIn>  ?b	<Sosnowiec>	<isLocatedIn>	<Israel>
?b  <hasCapital>  ?a   => ?a  <isLocatedIn>  ?b	<Kabul>	<isLocatedIn>	<Emirate_of_Afghanistan>
?b  <hasCapital>  ?a   => ?a  <isLocatedIn>  ?b	<Triolet,_Mauritius>	<isLocatedIn>	<Pamplemousses_District>
?b  <hasCapital>  ?a   => ?a  <isLocatedIn>  ?b	<Kolwezi>	<isLocatedIn>	<Lualaba_Province>
?b  <hasCapital>  ?a   => ?a  <isLocatedIn>  ?b	<Dushanbe>	<isLocatedIn>	<Tajik_Soviet_Socialist_Republic>
?b  <hasCapital>  ?a   => ?a  <isLocatedIn>  ?b	<San_Carlos,_Cojedes>	<isLocatedIn>	<Cojedes_(state)>
?b  <hasCapital>  ?a   => ?a  <isLocatedIn>  ?b	<Veria>	<isLocatedIn>	<Imathia>
?b  <hasCapital>  ?a   => ?a  <isLocatedIn>  ?b	<Båstad>	<isLocatedIn>	<Båstad_Municipality>
?b  <hasCapital>  ?a   => ?a  <isLocatedIn>  ?b	<Göppingen>	<isLocatedIn>	<Göppingen_(district)>
?b  <hasCapital>  ?a   => ?a  <isLocatedIn>  ?b	<Ålgård>	<isLocatedIn>	<Gjesdal>
?b  <hasCapital>  ?a   => ?a  <isLocatedIn>  ?b	<Heraklion>	<isLocatedIn>	<Heraklion_Prefecture>
?b  <hasCapital>  ?a   => ?a  <isLocatedIn>  ?b	<Omate>	<isLocatedIn>	<General_Sánchez_Cerro_Province>
?b  <hasCapital>  ?a   => ?a  <isLocatedIn>  ?b	<Å,_Åfjord>	<isLocatedIn>	<Åfjord>
?b  <hasCapital>  ?a   => ?a  <isLocatedIn>  ?b	<Huaraz>	<isLocatedIn>	<Ancash_Region>
?b  <hasCapital>  ?a   => ?a  <isLocatedIn>  ?b	<Vossevangen>	<isLocatedIn>	<Voss>
?b  <hasCapital>  ?a   => ?a  <isLocatedIn>  ?b	<Shiraz>	<isLocatedIn>	<Zand_dynasty>
?b  <hasCapital>  ?a   => ?a  <isLocatedIn>  ?b	<Nordmaling>	<isLocatedIn>	<Nordmaling_Municipality>
?b  <hasCapital>  ?a   => ?a  <isLocatedIn>  ?b	<Livadeia>	<isLocatedIn>	<Boeotia_Prefecture>
?b  <hasCapital>  ?a   => ?a  <isLocatedIn>  ?b	<Jiankang>	<isLocatedIn>	<Liang_Dynasty>
?b  <hasCapital>  ?a   => ?a  <isLocatedIn>  ?b	<Sinuiju>	<isLocatedIn>	<North_Pyongan>
?b  <hasCapital>  ?a   => ?a  <isLocatedIn>  ?b	<Ludwigslust>	<isLocatedIn>	<Ludwigslust_(district)>
?b  <hasCapital>  ?a   => ?a  <isLocatedIn>  ?b	<Gemena>	<isLocatedIn>	<Sud-Ubangi_Province>
?b  <hasCapital>  ?a   => ?a  <isLocatedIn>  ?b	<Skutskär>	<isLocatedIn>	<Älvkarleby_Municipality>
?b  <hasCapital>  ?a   => ?a  <isLocatedIn>  ?b	<Karlstad>	<isLocatedIn>	<Karlstad_Municipality>
?b  <hasCapital>  ?a   => ?a  <isLocatedIn>  ?b	<Grosseto>	<isLocatedIn>	<Province_of_Grosseto>
?b  <hasCapital>  ?a   => ?a  <isLocatedIn>  ?b	<Yanahuanca>	<isLocatedIn>	<Daniel_Alcides_Carrión_Province>
?b  <hasCapital>  ?a   => ?a  <isLocatedIn>  ?b	<Abuja>	<isLocatedIn>	<Nigeria>
?b  <hasCapital>  ?a   => ?a  <isLocatedIn>  ?b	<Abancay>	<isLocatedIn>	<Abancay_Province>
?b  <hasCapital>  ?a   => ?a  <isLocatedIn>  ?b	<Nesoddtangen>	<isLocatedIn>	<Nesodden>
?b  <hasCapital>  ?a   => ?a  <isLocatedIn>  ?b	<Parikia>	<isLocatedIn>	<Paros>
?b  <hasCapital>  ?a   => ?a  <isLocatedIn>  ?b	<Sigmaringen>	<isLocatedIn>	<Hohenzollern_Province>
?a  <isMarriedTo>  ?c  ?c  <livesIn>  ?b   => ?a  <livesIn>  ?b	<Daphne_DiMera>	<livesIn>	<Salem_(Days_of_our_Lives)>
?a  <isMarriedTo>  ?c  ?c  <livesIn>  ?b   => ?a  <livesIn>  ?b	<Anna_DiMera>	<livesIn>	<Salem_(Days_of_our_Lives)>
?a  <isMarriedTo>  ?c  ?c  <livesIn>  ?b   => ?a  <livesIn>  ?b	<Nancy_D._Freudenthal>	<livesIn>	<Cheyenne,_Wyoming>
?a  <isMarriedTo>  ?c  ?c  <livesIn>  ?b   => ?a  <livesIn>  ?b	<Doyle_Corman>	<livesIn>	<Centre_County,_Pennsylvania>
?a  <isMarriedTo>  ?c  ?c  <livesIn>  ?b   => ?a  <livesIn>  ?b	<Jorge_Vargas_González>	<livesIn>	<Chile>
?a  <isMarriedTo>  ?c  ?c  <livesIn>  ?b   => ?a  <livesIn>  ?b	<Alex_Devane_Marick>	<livesIn>	<Hungary>
?a  <isMarriedTo>  ?c  ?c  <livesIn>  ?b   => ?a  <livesIn>  ?b	<Jo_Gilbert>	<livesIn>	<Hampstead_Garden_Suburb>
?a  <isMarriedTo>  ?c  ?c  <livesIn>  ?b   => ?a  <livesIn>  ?b	<Josie_Fitial>	<livesIn>	<Saipan>
?a  <isMarriedTo>  ?c  ?c  <livesIn>  ?b   => ?a  <livesIn>  ?b	<Thelma_Evans>	<livesIn>	<USA>
?a  <isMarriedTo>  ?c  ?c  <livesIn>  ?b   => ?a  <livesIn>  ?b	<Laura_Bush>	<livesIn>	<Crawford,_Texas>
?a  <isMarriedTo>  ?c  ?c  <livesIn>  ?b   => ?a  <livesIn>  ?b	<Cramer_family>	<livesIn>	<England>
?a  <isMarriedTo>  ?c  ?c  <livesIn>  ?b   => ?a  <livesIn>  ?b	<Martin_Scorsese>	<livesIn>	<New_York>
?a  <isMarriedTo>  ?c  ?c  <livesIn>  ?b   => ?a  <livesIn>  ?b	<Vilma_Santos>	<livesIn>	<Metro_Manila>
?a  <isMarriedTo>  ?c  ?c  <livesIn>  ?b   => ?a  <livesIn>  ?b	<Jomo_Kenyatta>	<livesIn>	<Kenya>
?a  <isMarriedTo>  ?c  ?c  <livesIn>  ?b   => ?a  <livesIn>  ?b	<Ed_Bauer>	<livesIn>	<San_Francisco>
?a  <isMarriedTo>  ?c  ?c  <livesIn>  ?b   => ?a  <livesIn>  ?b	<Kathy_Pippy>	<livesIn>	<Moon_Township,_Pennsylvania>
?a  <isMarriedTo>  ?c  ?c  <livesIn>  ?b   => ?a  <livesIn>  ?b	<Daniel_Romalotti>	<livesIn>	<California>
?a  <isMarriedTo>  ?c  ?c  <livesIn>  ?b   => ?a  <livesIn>  ?b	<Laura_Bush>	<livesIn>	<Dallas>
?a  <isMarriedTo>  ?c  ?c  <livesIn>  ?b   => ?a  <livesIn>  ?b	<Parris_Glendening>	<livesIn>	<University_Park,_Maryland>
?a  <isMarriedTo>  ?c  ?c  <livesIn>  ?b   => ?a  <livesIn>  ?b	<Cécilia_Attias>	<livesIn>	<Élysée_Palace>
?a  <isMarriedTo>  ?c  ?c  <livesIn>  ?b   => ?a  <livesIn>  ?b	<Kelly_Cramer>	<livesIn>	<England>
?a  <isMarriedTo>  ?c  ?c  <livesIn>  ?b   => ?a  <livesIn>  ?b	<Frances_Carr,_Countess_of_Somerset>	<livesIn>	<Dorset>
?a  <isMarriedTo>  ?c  ?c  <livesIn>  ?b   => ?a  <livesIn>  ?b	<Jeff_Webber>	<livesIn>	<Port_Charles,_New_York_(fictional_city)>
?a  <isMarriedTo>  ?c  ?c  <livesIn>  ?b   => ?a  <livesIn>  ?b	<Husain_Haqqani>	<livesIn>	<Pakistan>
?a  <isMarriedTo>  ?c  ?c  <livesIn>  ?b   => ?a  <livesIn>  ?b	<Earl_Long>	<livesIn>	<Baton_Rouge,_Louisiana>
?a  <isMarriedTo>  ?c  ?c  <livesIn>  ?b   => ?a  <livesIn>  ?b	<Callista_Gingrich>	<livesIn>	<McLean,_Virginia>
?a  <isMarriedTo>  ?c  ?c  <livesIn>  ?b   => ?a  <livesIn>  ?b	<Gina_Von_Amberg>	<livesIn>	<USA>
?a  <isMarriedTo>  ?c  ?c  <livesIn>  ?b   => ?a  <livesIn>  ?b	<Lynn_Bari>	<livesIn>	<USA>
?a  <isMarriedTo>  ?c  ?c  <livesIn>  ?b   => ?a  <livesIn>  ?b	<Yvette_Cooper>	<livesIn>	<Castleford>
?a  <isMarriedTo>  ?c  ?c  <livesIn>  ?b   => ?a  <livesIn>  ?b	<Sheridan_Crane>	<livesIn>	<New_England>
?c  <isMarriedTo>  ?a  ?c  <livesIn>  ?b   => ?a  <livesIn>  ?b	<Andrea_Conte>	<livesIn>	<Nashville,_Tennessee>
?c  <isMarriedTo>  ?a  ?c  <livesIn>  ?b   => ?a  <livesIn>  ?b	<Becky_Corman>	<livesIn>	<Bellefonte,_Pennsylvania>
?c  <isMarriedTo>  ?a  ?c  <livesIn>  ?b   => ?a  <livesIn>  ?b	<Gursharan_Kaur>	<livesIn>	<7_Race_Course_Road>
?c  <isMarriedTo>  ?a  ?c  <livesIn>  ?b   => ?a  <livesIn>  ?b	<Gursharan_Kaur>	<livesIn>	<Guwahati>
?c  <isMarriedTo>  ?a  ?c  <livesIn>  ?b   => ?a  <livesIn>  ?b	<Jill_Foster_Abbott>	<livesIn>	<Louisiana>
?c  <isMarriedTo>  ?a  ?c  <livesIn>  ?b   => ?a  <livesIn>  ?b	<Dimpy_Mahajan>	<livesIn>	<Mumbai>
?c  <isMarriedTo>  ?a  ?c  <livesIn>  ?b   => ?a  <livesIn>  ?b	<Elizabeth_Boleyn,_Countess_of_Wiltshire>	<livesIn>	<Hever_Castle>
?c  <isMarriedTo>  ?a  ?c  <livesIn>  ?b   => ?a  <livesIn>  ?b	<Bernt_Hagtvet>	<livesIn>	<Oslo>
?c  <isMarriedTo>  ?a  ?c  <livesIn>  ?b   => ?a  <livesIn>  ?b	<Mackenzie_Browning>	<livesIn>	<Genoa_City_(fictional_city)>
?c  <isMarriedTo>  ?a  ?c  <livesIn>  ?b   => ?a  <livesIn>  ?b	<Lois_Hart>	<livesIn>	<Sacramento,_California>
?c  <isMarriedTo>  ?a  ?c  <livesIn>  ?b   => ?a  <livesIn>  ?b	<Mila_Mulroney>	<livesIn>	<Baie-Comeau,_Quebec>
?c  <isMarriedTo>  ?a  ?c  <livesIn>  ?b   => ?a  <livesIn>  ?b	<Chuck_Hunt>	<livesIn>	<Williamstown,_Massachusetts>
?c  <isMarriedTo>  ?a  ?c  <livesIn>  ?b   => ?a  <livesIn>  ?b	<Branko_uri>	<livesIn>	<Ljubljana>
?c  <isMarriedTo>  ?a  ?c  <livesIn>  ?b   => ?a  <livesIn>  ?b	<Victoria_Newman>	<livesIn>	<Wisconsin>
?c  <isMarriedTo>  ?a  ?c  <livesIn>  ?b   => ?a  <livesIn>  ?b	<Scott_Grainger,_Sr.>	<livesIn>	<Wisconsin>
?c  <isMarriedTo>  ?a  ?c  <livesIn>  ?b   => ?a  <livesIn>  ?b	<Shelley_Martel>	<livesIn>	<Ontario>
?c  <isMarriedTo>  ?a  ?c  <livesIn>  ?b   => ?a  <livesIn>  ?b	<Paul_McCartney>	<livesIn>	<Manhattan>
?c  <isMarriedTo>  ?a  ?c  <livesIn>  ?b   => ?a  <livesIn>  ?b	<Vilma_Santos>	<livesIn>	<Batangas>
?c  <isMarriedTo>  ?a  ?c  <livesIn>  ?b   => ?a  <livesIn>  ?b	<Lettice_Knollys>	<livesIn>	<Wanstead_Park>
?c  <isMarriedTo>  ?a  ?c  <livesIn>  ?b   => ?a  <livesIn>  ?b	<Bishop_of_Worcester>	<livesIn>	<Isle_of_Ely>
?c  <isMarriedTo>  ?a  ?c  <livesIn>  ?b   => ?a  <livesIn>  ?b	<Lettice_Knollys>	<livesIn>	<Essex>
?c  <isMarriedTo>  ?a  ?c  <livesIn>  ?b   => ?a  <livesIn>  ?b	<Claude_Blanchet>	<livesIn>	<Quebec>
?c  <isMarriedTo>  ?a  ?c  <livesIn>  ?b   => ?a  <livesIn>  ?b	<Judy_Garland>	<livesIn>	<USA>
?c  <isMarriedTo>  ?a  ?c  <livesIn>  ?b   => ?a  <livesIn>  ?b	<Susan_Lynch_(pediatrician)>	<livesIn>	<Hopkinton,_New_Hampshire>
?c  <isMarriedTo>  ?a  ?c  <livesIn>  ?b   => ?a  <livesIn>  ?b	<Stewart_Castledine>	<livesIn>	<Greater_London>
?c  <isMarriedTo>  ?a  ?c  <livesIn>  ?b   => ?a  <livesIn>  ?b	<Brock_Reynolds>	<livesIn>	<Wisconsin>
?c  <isMarriedTo>  ?a  ?c  <livesIn>  ?b   => ?a  <livesIn>  ?b	<Aruna_Roy>	<livesIn>	<Rajasthan>
?c  <isMarriedTo>  ?a  ?c  <livesIn>  ?b   => ?a  <livesIn>  ?b	<Nicholas_Newman>	<livesIn>	<Wisconsin>
?c  <isMarriedTo>  ?a  ?c  <livesIn>  ?b   => ?a  <livesIn>  ?b	<W._Scott_Gould>	<livesIn>	<Bethesda,_Maryland>
?c  <isMarriedTo>  ?a  ?c  <livesIn>  ?b   => ?a  <livesIn>  ?b	<Prince_Miguel,_Duke_of_Viseu>	<livesIn>	<New_York_City>
?a  <isPoliticianOf>  ?b   => ?a  <livesIn>  ?b	<Roy_E._Ayers>	<livesIn>	<Montana>
?a  <isPoliticianOf>  ?b   => ?a  <livesIn>  ?b	<Mike_Enzi>	<livesIn>	<Wyoming>
?a  <isPoliticianOf>  ?b   => ?a  <livesIn>  ?b	<Jacques_Dupre>	<livesIn>	<Louisiana>
?a  <isPoliticianOf>  ?b   => ?a  <livesIn>  ?b	<Ninian_Edwards>	<livesIn>	<Illinois>
?a  <isPoliticianOf>  ?b   => ?a  <livesIn>  ?b	<William_T._Cahill>	<livesIn>	<New_Jersey>
?a  <isPoliticianOf>  ?b   => ?a  <livesIn>  ?b	<Edward_Coles>	<livesIn>	<Illinois>
?a  <isPoliticianOf>  ?b   => ?a  <livesIn>  ?b	<Clifford_Joy_Rogers>	<livesIn>	<Wyoming>
?a  <isPoliticianOf>  ?b   => ?a  <livesIn>  ?b	<Thomas_Reynolds_(Governor)>	<livesIn>	<Missouri>
?a  <isPoliticianOf>  ?b   => ?a  <livesIn>  ?b	<Sam_C._Ford>	<livesIn>	<Montana>
?a  <isPoliticianOf>  ?b   => ?a  <livesIn>  ?b	<Rodman_M._Price>	<livesIn>	<New_Jersey>
?a  <isPoliticianOf>  ?b   => ?a  <livesIn>  ?b	<John_M._Parker>	<livesIn>	<Louisiana>
?a  <isPoliticianOf>  ?b   => ?a  <livesIn>  ?b	<Henry_Massey_Rector>	<livesIn>	<Arkansas>
?a  <isPoliticianOf>  ?b   => ?a  <livesIn>  ?b	<Robert_F._Stockton>	<livesIn>	<California>
?a  <isPoliticianOf>  ?b   => ?a  <livesIn>  ?b	<Clifford_Ross_Powell>	<livesIn>	<New_Jersey>
?a  <isPoliticianOf>  ?b   => ?a  <livesIn>  ?b	<Charles_C._Gossett>	<livesIn>	<Idaho>
?a  <isPoliticianOf>  ?b   => ?a  <livesIn>  ?b	<Agustín_V._Zamorano>	<livesIn>	<California>
?a  <isPoliticianOf>  ?b   => ?a  <livesIn>  ?b	<Arthur_P._Bagby>	<livesIn>	<Alabama>
?a  <isPoliticianOf>  ?b   => ?a  <livesIn>  ?b	<José_Joaquín_de_Arrillaga>	<livesIn>	<California>
?a  <isPoliticianOf>  ?b   => ?a  <livesIn>  ?b	<Mark_S._Schweiker>	<livesIn>	<Pennsylvania>
?a  <isPoliticianOf>  ?b   => ?a  <livesIn>  ?b	<Dan_Edward_Garvey>	<livesIn>	<Arizona>
?a  <isPoliticianOf>  ?b   => ?a  <livesIn>  ?b	<John_V._Evans>	<livesIn>	<Idaho>
?a  <isPoliticianOf>  ?b   => ?a  <livesIn>  ?b	<Robert_S._Kerr>	<livesIn>	<Oklahoma>
?a  <isPoliticianOf>  ?b   => ?a  <livesIn>  ?b	<Frank_L._Houx>	<livesIn>	<Wyoming>
?a  <isPoliticianOf>  ?b   => ?a  <livesIn>  ?b	<Sidney_Preston_Osborn>	<livesIn>	<Arizona>
?a  <isPoliticianOf>  ?b   => ?a  <livesIn>  ?b	<Jay_Bowerman>	<livesIn>	<Oregon>
?a  <isPoliticianOf>  ?b   => ?a  <livesIn>  ?b	<James_Budd>	<livesIn>	<California>
?a  <isPoliticianOf>  ?b   => ?a  <livesIn>  ?b	<Jeff_Merkley>	<livesIn>	<Oregon>
?a  <isPoliticianOf>  ?b   => ?a  <livesIn>  ?b	<Joseph_McMinn>	<livesIn>	<Tennessee>
?a  <isPoliticianOf>  ?b   => ?a  <livesIn>  ?b	<William_Sprague_(politician)>	<livesIn>	<Rhode_Island>
?a  <isPoliticianOf>  ?b   => ?a  <livesIn>  ?b	<John_Rankin_Rogers>	<livesIn>	<Washington_(U.S._state)>
?a  <diedIn>  ?b   => ?a  <livesIn>  ?b	<Agostino_Richelmy>	<livesIn>	<Turin>
?a  <diedIn>  ?b   => ?a  <livesIn>  ?b	<Samuel_D._Lockwood>	<livesIn>	<Batavia_(city),_New_York>
?a  <diedIn>  ?b   => ?a  <livesIn>  ?b	<Jacques_Derrida>	<livesIn>	<Paris>
?a  <diedIn>  ?b   => ?a  <livesIn>  ?b	<Alexander_the_Great>	<livesIn>	<Babylon>
?a  <diedIn>  ?b   => ?a  <livesIn>  ?b	<Benedicta_Henrietta_of_the_Palatinate>	<livesIn>	<Hanover>
?a  <diedIn>  ?b   => ?a  <livesIn>  ?b	<Stina_Berg>	<livesIn>	<Stockholm>
?a  <diedIn>  ?b   => ?a  <livesIn>  ?b	<Kirill_Meretskov>	<livesIn>	<Moscow>
?a  <diedIn>  ?b   => ?a  <livesIn>  ?b	<Mykola_Bazhan>	<livesIn>	<Kiev>
?a  <diedIn>  ?b   => ?a  <livesIn>  ?b	<Wang_Guangmei>	<livesIn>	<Beijing>
?a  <diedIn>  ?b   => ?a  <livesIn>  ?b	<Dicky_Owen>	<livesIn>	<Swansea>
?a  <diedIn>  ?b   => ?a  <livesIn>  ?b	<Evelyn_Baring,_1st_Earl_of_Cromer>	<livesIn>	<City_of_Westminster>
?a  <diedIn>  ?b   => ?a  <livesIn>  ?b	<João_do_Canto_e_Castro>	<livesIn>	<Lisbon>
?a  <diedIn>  ?b   => ?a  <livesIn>  ?b	<Richard_Taylor_(general)>	<livesIn>	<New_York_City>
?a  <diedIn>  ?b   => ?a  <livesIn>  ?b	<Liang_Yusheng>	<livesIn>	<Sydney>
?a  <diedIn>  ?b   => ?a  <livesIn>  ?b	<Levi_Woodbury>	<livesIn>	<Portsmouth,_New_Hampshire>
?a  <diedIn>  ?b   => ?a  <livesIn>  ?b	<George_B._McClellan>	<livesIn>	<Orange,_New_Jersey>
?a  <diedIn>  ?b   => ?a  <livesIn>  ?b	<Francis_William_Aston>	<livesIn>	<Cambridge>
?a  <diedIn>  ?b   => ?a  <livesIn>  ?b	<Raul_Cortez>	<livesIn>	<São_Paulo>
?a  <diedIn>  ?b   => ?a  <livesIn>  ?b	<John_H._Buschemeyer>	<livesIn>	<Louisville,_Kentucky>
?a  <diedIn>  ?b   => ?a  <livesIn>  ?b	<Sylvester_"Pat"_Weaver>	<livesIn>	<Santa_Barbara,_California>
?a  <diedIn>  ?b   => ?a  <livesIn>  ?b	<Francis_Grevemberg>	<livesIn>	<New_Orleans>
?a  <diedIn>  ?b   => ?a  <livesIn>  ?b	<Martin_L._Clardy>	<livesIn>	<St._Louis,_Missouri>
?a  <diedIn>  ?b   => ?a  <livesIn>  ?b	<Carlos_Mérida>	<livesIn>	<Mexico_City>
?a  <diedIn>  ?b   => ?a  <livesIn>  ?b	<Halliwell_Hobbes>	<livesIn>	<Santa_Monica,_California>
?a  <diedIn>  ?b   => ?a  <livesIn>  ?b	<Julius_Jaenzon>	<livesIn>	<Stockholm>
?a  <diedIn>  ?b   => ?a  <livesIn>  ?b	<Dimitri_Kirsanoff>	<livesIn>	<Paris>
?a  <diedIn>  ?b   => ?a  <livesIn>  ?b	<Paul_John_Hallinan>	<livesIn>	<Atlanta>
?a  <diedIn>  ?b   => ?a  <livesIn>  ?b	<Kurt_Krieger>	<livesIn>	<St._Louis,_Missouri>
?a  <diedIn>  ?b   => ?a  <livesIn>  ?b	<Maximilian,_Count_of_Merveldt>	<livesIn>	<London>
?a  <diedIn>  ?b   => ?a  <livesIn>  ?b	<Antoon_Hoevers>	<livesIn>	<The_Hague>
?a  <isCitizenOf>  ?b   => ?a  <livesIn>  ?b	<Claudio_Cantelli>	<livesIn>	<Brazil>
?a  <isCitizenOf>  ?b   => ?a  <livesIn>  ?b	<Yotam_Ottolenghi>	<livesIn>	<United_Kingdom>
?a  <isCitizenOf>  ?b   => ?a  <livesIn>  ?b	<Lukas_Brazdauskis>	<livesIn>	<Lithuania>
?a  <isCitizenOf>  ?b   => ?a  <livesIn>  ?b	<Lionel_George_Curtis>	<livesIn>	<United_Kingdom>
?a  <isCitizenOf>  ?b   => ?a  <livesIn>  ?b	<Choi_Tseveenpurev>	<livesIn>	<Mongolia>
?a  <isCitizenOf>  ?b   => ?a  <livesIn>  ?b	<Eduardo_Nájera>	<livesIn>	<Mexico>
?a  <isCitizenOf>  ?b   => ?a  <livesIn>  ?b	<Fábio_Beretta>	<livesIn>	<Brazil>
?a  <isCitizenOf>  ?b   => ?a  <livesIn>  ?b	<Mark_d'Inverno>	<livesIn>	<United_Kingdom>
?a  <isCitizenOf>  ?b   => ?a  <livesIn>  ?b	<Valtteri_Bottas>	<livesIn>	<Finland>
?a  <isCitizenOf>  ?b   => ?a  <livesIn>  ?b	<Christian_Konrad_Sprengel>	<livesIn>	<Germany>
?a  <isCitizenOf>  ?b   => ?a  <livesIn>  ?b	<Xawery_Dunikowski>	<livesIn>	<Poland>
?a  <isCitizenOf>  ?b   => ?a  <livesIn>  ?b	<Lars_Myraune>	<livesIn>	<Norway>
?a  <isCitizenOf>  ?b   => ?a  <livesIn>  ?b	<John_Kidd_(chemist)>	<livesIn>	<England>
?a  <isCitizenOf>  ?b   => ?a  <livesIn>  ?b	<James_Moorhouse_(politician)>	<livesIn>	<United_Kingdom>
?a  <isCitizenOf>  ?b   => ?a  <livesIn>  ?b	<Markus_Aspelmeyer>	<livesIn>	<Germany>
?a  <isCitizenOf>  ?b   => ?a  <livesIn>  ?b	<Abel-Dominique_Boyé>	<livesIn>	<France>
?a  <isCitizenOf>  ?b   => ?a  <livesIn>  ?b	<Éric_Raoult>	<livesIn>	<France>
?a  <isCitizenOf>  ?b   => ?a  <livesIn>  ?b	<Louis_Laurent_Gabriel_de_Mortillet>	<livesIn>	<France>
?a  <isCitizenOf>  ?b   => ?a  <livesIn>  ?b	<Sardar_Fraz_Wahlah>	<livesIn>	<Pakistan>
?a  <isCitizenOf>  ?b   => ?a  <livesIn>  ?b	<Roger_Langridge>	<livesIn>	<New_Zealand>
?a  <isCitizenOf>  ?b   => ?a  <livesIn>  ?b	<Tomas_Delininkaitis>	<livesIn>	<Lithuania>
?a  <isCitizenOf>  ?b   => ?a  <livesIn>  ?b	<Martin_Orwin>	<livesIn>	<United_Kingdom>
?a  <isCitizenOf>  ?b   => ?a  <livesIn>  ?b	<Amir-ul-Mulk_Mengal>	<livesIn>	<Pakistan>
?a  <isCitizenOf>  ?b   => ?a  <livesIn>  ?b	<Ian_Neilson>	<livesIn>	<South_Africa>
?a  <isCitizenOf>  ?b   => ?a  <livesIn>  ?b	<Mikhail_Prokhorov>	<livesIn>	<Russia>
?a  <isCitizenOf>  ?b   => ?a  <livesIn>  ?b	<Ediriweera_Sarachchandra>	<livesIn>	<Sri_Lanka>
?a  <isCitizenOf>  ?b   => ?a  <livesIn>  ?b	<Dingiri_Bandara_(D.B)_Welagedara>	<livesIn>	<Sri_Lanka>
?a  <isCitizenOf>  ?b   => ?a  <livesIn>  ?b	<Randy_de_Puniet>	<livesIn>	<France>
?a  <isCitizenOf>  ?b   => ?a  <livesIn>  ?b	<Hikari_Lta>	<livesIn>	<Japan>
?a  <isCitizenOf>  ?b   => ?a  <livesIn>  ?b	<Henry_Jayasena>	<livesIn>	<Sri_Lanka>
?c  <hasChild>  ?a  ?c  <livesIn>  ?b   => ?a  <livesIn>  ?b	<Noah_Newman>	<livesIn>	<Wisconsin>
?c  <hasChild>  ?a  ?c  <livesIn>  ?b   => ?a  <livesIn>  ?b	<Erin_Bethea>	<livesIn>	<Albany,_Georgia>
?c  <hasChild>  ?a  ?c  <livesIn>  ?b   => ?a  <livesIn>  ?b	<Dorothy_Walker_Bush>	<livesIn>	<Sutton_Place,_Manhattan>
?c  <hasChild>  ?a  ?c  <livesIn>  ?b   => ?a  <livesIn>  ?b	<Richard_Barnes_Mason>	<livesIn>	<Gunston_Hall>
?c  <hasChild>  ?a  ?c  <livesIn>  ?b   => ?a  <livesIn>  ?b	<Luke_Spencer>	<livesIn>	<France>
?c  <hasChild>  ?a  ?c  <livesIn>  ?b   => ?a  <livesIn>  ?b	<John_Dudley,_2nd_Earl_of_Warwick>	<livesIn>	<West_Midlands_(county)>
?c  <hasChild>  ?a  ?c  <livesIn>  ?b   => ?a  <livesIn>  ?b	<George_Herbert_Walker,_Jr.>	<livesIn>	<Kennebunkport,_Maine>
?c  <hasChild>  ?a  ?c  <livesIn>  ?b   => ?a  <livesIn>  ?b	<Umar_Farouk_Abdulmutallab>	<livesIn>	<Nigeria>
?c  <hasChild>  ?a  ?c  <livesIn>  ?b   => ?a  <livesIn>  ?b	<Wen_Yunsong>	<livesIn>	<Beijing>
?c  <hasChild>  ?a  ?c  <livesIn>  ?b   => ?a  <livesIn>  ?b	<Scott_Grainger,_Jr.>	<livesIn>	<Wisconsin>
?c  <hasChild>  ?a  ?c  <livesIn>  ?b   => ?a  <livesIn>  ?b	<Brock_Reynolds>	<livesIn>	<Genoa_City_(fictional_city)>
?c  <hasChild>  ?a  ?c  <livesIn>  ?b   => ?a  <livesIn>  ?b	<Anne_Carr,_Countess_of_Bedford>	<livesIn>	<Dorset>
?c  <hasChild>  ?a  ?c  <livesIn>  ?b   => ?a  <livesIn>  ?b	<Billie_Reed>	<livesIn>	<Salem_(Days_of_our_Lives)>
?c  <hasChild>  ?a  ?c  <livesIn>  ?b   => ?a  <livesIn>  ?b	<Mary_Soames,_Baroness_Soames>	<livesIn>	<10_Downing_Street>
?c  <hasChild>  ?a  ?c  <livesIn>  ?b   => ?a  <livesIn>  ?b	<Rodman_Rockefeller>	<livesIn>	<New_York>
?c  <hasChild>  ?a  ?c  <livesIn>  ?b   => ?a  <livesIn>  ?b	<Eric_Brady>	<livesIn>	<USA>
?c  <hasChild>  ?a  ?c  <livesIn>  ?b   => ?a  <livesIn>  ?b	<Cornelius_Vanderbilt_III>	<livesIn>	<The_Breakers>
?c  <hasChild>  ?a  ?c  <livesIn>  ?b   => ?a  <livesIn>  ?b	<Foxhall_P._Keene>	<livesIn>	<Cedarhurst,_New_York>
?c  <hasChild>  ?a  ?c  <livesIn>  ?b   => ?a  <livesIn>  ?b	<Philip_Kiriakis>	<livesIn>	<Salem_(Days_of_our_Lives)>
?c  <hasChild>  ?a  ?c  <livesIn>  ?b   => ?a  <livesIn>  ?b	<Cornelia_Guest>	<livesIn>	<New_York>
?c  <hasChild>  ?a  ?c  <livesIn>  ?b   => ?a  <livesIn>  ?b	<Lexie_Carver>	<livesIn>	<Salem_(Days_of_our_Lives)>
?c  <hasChild>  ?a  ?c  <livesIn>  ?b   => ?a  <livesIn>  ?b	<Maxie_Jones>	<livesIn>	<Texas>
?c  <hasChild>  ?a  ?c  <livesIn>  ?b   => ?a  <livesIn>  ?b	<Aditya_Mittal>	<livesIn>	<United_Kingdom>
?c  <hasChild>  ?a  ?c  <livesIn>  ?b   => ?a  <livesIn>  ?b	<Tom_Hardy_Sr.>	<livesIn>	<Port_Charles,_New_York_(fictional_city)>
?c  <hasChild>  ?a  ?c  <livesIn>  ?b   => ?a  <livesIn>  ?b	<John_Dudley,_2nd_Earl_of_Warwick>	<livesIn>	<Kenilworth_Castle>
?c  <hasChild>  ?a  ?c  <livesIn>  ?b   => ?a  <livesIn>  ?b	<Naveen_Jindal>	<livesIn>	<India>
?c  <hasChild>  ?a  ?c  <livesIn>  ?b   => ?a  <livesIn>  ?b	<Lord_Guilford_Dudley>	<livesIn>	<Warwickshire>
?c  <hasChild>  ?a  ?c  <livesIn>  ?b   => ?a  <livesIn>  ?b	<James_Stenbeck>	<livesIn>	<Illinois>
?c  <hasChild>  ?a  ?c  <livesIn>  ?b   => ?a  <livesIn>  ?b	<France_Chrétien_Desmarais>	<livesIn>	<Quebec>
?c  <hasChild>  ?a  ?c  <livesIn>  ?b   => ?a  <livesIn>  ?b	<Alice_Ormsby-Gore>	<livesIn>	<Oswestry>
?a  <isMarriedTo>  ?c  ?c  <hasWonPrize>  ?b   => ?a  <hasWonPrize>  ?b	<Jean_Hale>	<hasWonPrize>	<Emmy_Award>
?a  <isMarriedTo>  ?c  ?c  <hasWonPrize>  ?b   => ?a  <hasWonPrize>  ?b	<Chen_Hong_(actress)>	<hasWonPrize>	<BAFTA_Award_for_Best_Film>
?a  <isMarriedTo>  ?c  ?c  <hasWonPrize>  ?b   => ?a  <hasWonPrize>  ?b	<Laura_Ziskin>	<hasWonPrize>	<Saturn_Award>
?a  <isMarriedTo>  ?c  ?c  <hasWonPrize>  ?b   => ?a  <hasWonPrize>  ?b	<Brad_Hall>	<hasWonPrize>	<Emmy_Award>
?a  <isMarriedTo>  ?c  ?c  <hasWonPrize>  ?b   => ?a  <hasWonPrize>  ?b	<Julie_Andrews>	<hasWonPrize>	<Writers_Guild_of_America_Award>
?a  <isMarriedTo>  ?c  ?c  <hasWonPrize>  ?b   => ?a  <hasWonPrize>  ?b	<Evelyn_G._Lowery>	<hasWonPrize>	<Presidential_Medal_of_Freedom>
?a  <isMarriedTo>  ?c  ?c  <hasWonPrize>  ?b   => ?a  <hasWonPrize>  ?b	<Cynthia_Rhodes>	<hasWonPrize>	<Grammy_Award>
?a  <isMarriedTo>  ?c  ?c  <hasWonPrize>  ?b   => ?a  <hasWonPrize>  ?b	<Helen_Mirren>	<hasWonPrize>	<Grammy_Award>
?a  <isMarriedTo>  ?c  ?c  <hasWonPrize>  ?b   => ?a  <hasWonPrize>  ?b	<Roberto_Rossellini>	<hasWonPrize>	<Emmy_Award>
?a  <isMarriedTo>  ?c  ?c  <hasWonPrize>  ?b   => ?a  <hasWonPrize>  ?b	<David_Gest>	<hasWonPrize>	<Grammy_Award>
?a  <isMarriedTo>  ?c  ?c  <hasWonPrize>  ?b   => ?a  <hasWonPrize>  ?b	<Richard_Mulligan>	<hasWonPrize>	<Drama_Desk_Award>
?a  <isMarriedTo>  ?c  ?c  <hasWonPrize>  ?b   => ?a  <hasWonPrize>  ?b	<Sharon_Osbourne>	<hasWonPrize>	<Grammy_Award>
?a  <isMarriedTo>  ?c  ?c  <hasWonPrize>  ?b   => ?a  <hasWonPrize>  ?b	<Georg_Stanford_Brown>	<hasWonPrize>	<Emmy_Award>
?a  <isMarriedTo>  ?c  ?c  <hasWonPrize>  ?b   => ?a  <hasWonPrize>  ?b	<Jada_Pinkett_Smith>	<hasWonPrize>	<MTV_Video_Music_Awards>
?a  <isMarriedTo>  ?c  ?c  <hasWonPrize>  ?b   => ?a  <hasWonPrize>  ?b	<Kathie_Lee_Gifford>	<hasWonPrize>	<Sports_Emmy_Award>
?a  <isMarriedTo>  ?c  ?c  <hasWonPrize>  ?b   => ?a  <hasWonPrize>  ?b	<Dewey_Martin_(actor)>	<hasWonPrize>	<Grammy_Award>
?a  <isMarriedTo>  ?c  ?c  <hasWonPrize>  ?b   => ?a  <hasWonPrize>  ?b	<Diane_Sawyer>	<hasWonPrize>	<Emmy_Award>
?a  <isMarriedTo>  ?c  ?c  <hasWonPrize>  ?b   => ?a  <hasWonPrize>  ?b	<Saira_Banu>	<hasWonPrize>	<Filmfare_Awards>
?a  <isMarriedTo>  ?c  ?c  <hasWonPrize>  ?b   => ?a  <hasWonPrize>  ?b	<Dixie_Carter>	<hasWonPrize>	<Drama_Desk_Award>
?a  <isMarriedTo>  ?c  ?c  <hasWonPrize>  ?b   => ?a  <hasWonPrize>  ?b	<Heather_Mills>	<hasWonPrize>	<Grammy_Award>
?a  <isMarriedTo>  ?c  ?c  <hasWonPrize>  ?b   => ?a  <hasWonPrize>  ?b	<Richard_Brooks>	<hasWonPrize>	<Emmy_Award>
?a  <isMarriedTo>  ?c  ?c  <hasWonPrize>  ?b   => ?a  <hasWonPrize>  ?b	<Madge_Evans>	<hasWonPrize>	<Pulitzer_Prize_for_Drama>
?a  <isMarriedTo>  ?c  ?c  <hasWonPrize>  ?b   => ?a  <hasWonPrize>  ?b	<Sean_Penn>	<hasWonPrize>	<MTV_Video_Vanguard_Award>
?a  <isMarriedTo>  ?c  ?c  <hasWonPrize>  ?b   => ?a  <hasWonPrize>  ?b	<Joan_Bennett>	<hasWonPrize>	<Bronze_Star_Medal>
?a  <isMarriedTo>  ?c  ?c  <hasWonPrize>  ?b   => ?a  <hasWonPrize>  ?b	<Ashley_Eckstein>	<hasWonPrize>	<Heart_&_Hustle_Award>
?a  <isMarriedTo>  ?c  ?c  <hasWonPrize>  ?b   => ?a  <hasWonPrize>  ?b	<Amy_Irving>	<hasWonPrize>	<Daytime_Emmy_Award>
?a  <isMarriedTo>  ?c  ?c  <hasWonPrize>  ?b   => ?a  <hasWonPrize>  ?b	<Jacqueline_Schultz>	<hasWonPrize>	<Daytime_Emmy_Award>
?a  <isMarriedTo>  ?c  ?c  <hasWonPrize>  ?b   => ?a  <hasWonPrize>  ?b	<Tommy_Mottola>	<hasWonPrize>	<Grammy_Award>
?a  <isMarriedTo>  ?c  ?c  <hasWonPrize>  ?b   => ?a  <hasWonPrize>  ?b	<Cathy_O'Donnell>	<hasWonPrize>	<Edgar_Award>
?a  <isMarriedTo>  ?c  ?c  <hasWonPrize>  ?b   => ?a  <hasWonPrize>  ?b	<Rosemarie_Ford>	<hasWonPrize>	<Tony_Award>
?a  <isLeaderOf>  ?b  ?a  <livesIn>  ?b   => ?a  <wasBornIn>  ?b	<Anna_C._Little>	<wasBornIn>	<Highlands,_New_Jersey>
?a  <isLeaderOf>  ?b  ?a  <livesIn>  ?b   => ?a  <wasBornIn>  ?b	<Jerry_Ortiz_y_Pino>	<wasBornIn>	<Albuquerque,_New_Mexico>
?a  <isLeaderOf>  ?b  ?a  <livesIn>  ?b   => ?a  <wasBornIn>  ?b	<Jere_Wood>	<wasBornIn>	<Roswell,_Georgia>
?a  <isLeaderOf>  ?b  ?a  <livesIn>  ?b   => ?a  <wasBornIn>  ?b	<Leonard_Boswell>	<wasBornIn>	<Des_Moines,_Iowa>
?a  <isLeaderOf>  ?b  ?a  <livesIn>  ?b   => ?a  <wasBornIn>  ?b	<Denise_Savoie>	<wasBornIn>	<Victoria,_British_Columbia>
?a  <isLeaderOf>  ?b  ?a  <livesIn>  ?b   => ?a  <wasBornIn>  ?b	<John_Cummins_(politician)>	<wasBornIn>	<Richmond,_British_Columbia>
?a  <isLeaderOf>  ?b  ?a  <livesIn>  ?b   => ?a  <wasBornIn>  ?b	<Dalton_McGuinty>	<wasBornIn>	<Ottawa>
?a  <isLeaderOf>  ?b  ?a  <livesIn>  ?b   => ?a  <wasBornIn>  ?b	<Jack_Layton>	<wasBornIn>	<Toronto>
?a  <isLeaderOf>  ?b  ?a  <livesIn>  ?b   => ?a  <wasBornIn>  ?b	<Tim_Uppal>	<wasBornIn>	<Edmonton>
?a  <isLeaderOf>  ?b  ?a  <livesIn>  ?b   => ?a  <wasBornIn>  ?b	<Jonas_Cortes>	<wasBornIn>	<Mandaue_City>
?a  <isLeaderOf>  ?b  ?a  <livesIn>  ?b   => ?a  <wasBornIn>  ?b	<Kathleen_Wynne>	<wasBornIn>	<Toronto>
?a  <isLeaderOf>  ?b  ?a  <livesIn>  ?b   => ?a  <wasBornIn>  ?b	<Jason_Kenney>	<wasBornIn>	<Calgary>
?a  <isLeaderOf>  ?b  ?a  <livesIn>  ?b   => ?a  <wasBornIn>  ?b	<Morgan_Tsvangirai>	<wasBornIn>	<Zimbabwe>
?a  <isLeaderOf>  ?b  ?a  <livesIn>  ?b   => ?a  <wasBornIn>  ?b	<Michael_Bloomberg>	<wasBornIn>	<New_York_City>
?a  <isLeaderOf>  ?b  ?a  <livesIn>  ?b   => ?a  <wasBornIn>  ?b	<Louis_Plamondon>	<wasBornIn>	<Nicolet,_Quebec>
?a  <isLeaderOf>  ?b  ?a  <livesIn>  ?b   => ?a  <wasBornIn>  ?b	<Patrick_Brown_(politician)>	<wasBornIn>	<Barrie>
?a  <isLeaderOf>  ?b  ?a  <livesIn>  ?b   => ?a  <wasBornIn>  ?b	<Rob_Burton>	<wasBornIn>	<Oakville,_Ontario>
?a  <isLeaderOf>  ?b  ?a  <livesIn>  ?b   => ?a  <wasBornIn>  ?b	<Bob_Rae>	<wasBornIn>	<Toronto>
?a  <isLeaderOf>  ?b  ?a  <livesIn>  ?b   => ?a  <wasBornIn>  ?b	<Tony_Martin_(politician)>	<wasBornIn>	<Sault_Ste._Marie,_Ontario>
?a  <isLeaderOf>  ?b  ?a  <livesIn>  ?b   => ?a  <wasBornIn>  ?b	<Alistair_Darling>	<wasBornIn>	<Edinburgh>
?a  <isLeaderOf>  ?b  ?a  <livesIn>  ?b   => ?a  <wasBornIn>  ?b	<Denis_Lebel>	<wasBornIn>	<Roberval,_Quebec>
?a  <isLeaderOf>  ?b  ?a  <livesIn>  ?b   => ?a  <wasBornIn>  ?b	<Jim_Maloway>	<wasBornIn>	<Winnipeg>
?a  <isLeaderOf>  ?b  ?a  <livesIn>  ?b   => ?a  <wasBornIn>  ?b	<David_Sweet>	<wasBornIn>	<Hamilton,_Ontario>
?a  <isLeaderOf>  ?b  ?a  <livesIn>  ?b   => ?a  <wasBornIn>  ?b	<Rob_Nicholson>	<wasBornIn>	<Niagara_Falls,_Ontario>
?a  <isLeaderOf>  ?b  ?a  <livesIn>  ?b   => ?a  <wasBornIn>  ?b	<Edgar_Savisaar>	<wasBornIn>	<Tallinn>
?a  <isLeaderOf>  ?b  ?a  <livesIn>  ?b   => ?a  <wasBornIn>  ?b	<Ralph_Goodale>	<wasBornIn>	<Regina,_Saskatchewan>
?a  <isLeaderOf>  ?b  ?a  <livesIn>  ?b   => ?a  <wasBornIn>  ?b	<Sukh_Dhaliwal>	<wasBornIn>	<Surrey,_British_Columbia>
?a  <isLeaderOf>  ?b  ?a  <livesIn>  ?b   => ?a  <wasBornIn>  ?b	<John_Nkomo>	<wasBornIn>	<Zimbabwe>
?a  <isLeaderOf>  ?b  ?a  <livesIn>  ?b   => ?a  <wasBornIn>  ?b	<Craig_Lowe>	<wasBornIn>	<Gainesville,_Florida>
?a  <isLeaderOf>  ?b  ?a  <livesIn>  ?b   => ?a  <wasBornIn>  ?b	<Eva_Aariak>	<wasBornIn>	<Nunavut>
?a  <isMarriedTo>  ?c  ?c  <isCitizenOf>  ?b   => ?a  <isCitizenOf>  ?b	<Anny_Ondra>	<isCitizenOf>	<Germany>
?a  <isMarriedTo>  ?c  ?c  <isCitizenOf>  ?b   => ?a  <isCitizenOf>  ?b	<Samuel_Augustus_Barnett>	<isCitizenOf>	<United_Kingdom>
?a  <isMarriedTo>  ?c  ?c  <isCitizenOf>  ?b   => ?a  <isCitizenOf>  ?b	<Ferdinand_Marcos>	<isCitizenOf>	<Philippines>
?a  <isMarriedTo>  ?c  ?c  <isCitizenOf>  ?b   => ?a  <isCitizenOf>  ?b	<Aafia_Siddiqui>	<isCitizenOf>	<Pakistan>
?a  <isMarriedTo>  ?c  ?c  <isCitizenOf>  ?b   => ?a  <isCitizenOf>  ?b	<Esther_Cañadas>	<isCitizenOf>	<Spain>
?a  <isMarriedTo>  ?c  ?c  <isCitizenOf>  ?b   => ?a  <isCitizenOf>  ?b	<Malek_Maktabi>	<isCitizenOf>	<Lebanon>
?a  <isMarriedTo>  ?c  ?c  <isCitizenOf>  ?b   => ?a  <isCitizenOf>  ?b	<Xanana_Gusmão>	<isCitizenOf>	<East_Timor>
?a  <isMarriedTo>  ?c  ?c  <isCitizenOf>  ?b   => ?a  <isCitizenOf>  ?b	<Lettice_Knollys>	<isCitizenOf>	<England>
?a  <isMarriedTo>  ?c  ?c  <isCitizenOf>  ?b   => ?a  <isCitizenOf>  ?b	<Margaret_Weis>	<isCitizenOf>	<Canada>
?a  <isMarriedTo>  ?c  ?c  <isCitizenOf>  ?b   => ?a  <isCitizenOf>  ?b	<Bamir_Topi>	<isCitizenOf>	<Albania>
?a  <isMarriedTo>  ?c  ?c  <isCitizenOf>  ?b   => ?a  <isCitizenOf>  ?b	<Rory_Cellan-Jones>	<isCitizenOf>	<United_Kingdom>
?a  <isMarriedTo>  ?c  ?c  <isCitizenOf>  ?b   => ?a  <isCitizenOf>  ?b	<Christopher_Soames,_Baron_Soames>	<isCitizenOf>	<United_Kingdom>
?a  <isMarriedTo>  ?c  ?c  <isCitizenOf>  ?b   => ?a  <isCitizenOf>  ?b	<Sudarshani_Fernandopulle>	<isCitizenOf>	<Sri_Lanka>
?a  <isMarriedTo>  ?c  ?c  <isCitizenOf>  ?b   => ?a  <isCitizenOf>  ?b	<Mukesh_Ambani>	<isCitizenOf>	<India>
?a  <isMarriedTo>  ?c  ?c  <isCitizenOf>  ?b   => ?a  <isCitizenOf>  ?b	<Mileva_Mari>	<isCitizenOf>	<Kingdom_of_Württemberg>
?a  <isMarriedTo>  ?c  ?c  <isCitizenOf>  ?b   => ?a  <isCitizenOf>  ?b	<Marga_Barbu>	<isCitizenOf>	<Romania>
?a  <isMarriedTo>  ?c  ?c  <isCitizenOf>  ?b   => ?a  <isCitizenOf>  ?b	<Nigella_Lawson>	<isCitizenOf>	<United_Kingdom>
?a  <isMarriedTo>  ?c  ?c  <isCitizenOf>  ?b   => ?a  <isCitizenOf>  ?b	<Corazon_Aquino>	<isCitizenOf>	<Philippines>
?a  <isMarriedTo>  ?c  ?c  <isCitizenOf>  ?b   => ?a  <isCitizenOf>  ?b	<Mini_Mathur>	<isCitizenOf>	<India>
?a  <isMarriedTo>  ?c  ?c  <isCitizenOf>  ?b   => ?a  <isCitizenOf>  ?b	<Abby_Lockhart>	<isCitizenOf>	<Croatia>
?a  <isMarriedTo>  ?c  ?c  <isCitizenOf>  ?b   => ?a  <isCitizenOf>  ?b	<Presidency_of_Corazon_Aquino>	<isCitizenOf>	<Philippines>
?a  <isMarriedTo>  ?c  ?c  <isCitizenOf>  ?b   => ?a  <isCitizenOf>  ?b	<Otto_Frank>	<isCitizenOf>	<Germany>
?a  <isMarriedTo>  ?c  ?c  <isCitizenOf>  ?b   => ?a  <isCitizenOf>  ?b	<Maura_Derrane>	<isCitizenOf>	<Republic_of_Ireland>
?a  <isMarriedTo>  ?c  ?c  <isCitizenOf>  ?b   => ?a  <isCitizenOf>  ?b	<Anerood_Jugnauth>	<isCitizenOf>	<Mauritius>
?a  <isMarriedTo>  ?c  ?c  <isCitizenOf>  ?b   => ?a  <isCitizenOf>  ?b	<Taichi_Yamazaki>	<isCitizenOf>	<Japan>
?a  <isMarriedTo>  ?c  ?c  <isCitizenOf>  ?b   => ?a  <isCitizenOf>  ?b	<Tomás_Guardia_Gutiérrez>	<isCitizenOf>	<Costa_Rica>
?a  <isMarriedTo>  ?c  ?c  <isCitizenOf>  ?b   => ?a  <isCitizenOf>  ?b	<Yevgenia_Bosch>	<isCitizenOf>	<Ukraine>
?a  <isMarriedTo>  ?c  ?c  <isCitizenOf>  ?b   => ?a  <isCitizenOf>  ?b	<Jacqueline_Beer>	<isCitizenOf>	<Norway>
?a  <isMarriedTo>  ?c  ?c  <isCitizenOf>  ?b   => ?a  <isCitizenOf>  ?b	<Austin_Powers>	<isCitizenOf>	<United_Kingdom>
?a  <isMarriedTo>  ?c  ?c  <isCitizenOf>  ?b   => ?a  <isCitizenOf>  ?b	<Thomas_Drummond>	<isCitizenOf>	<United_Kingdom>
?c  <isMarriedTo>  ?a  ?c  <isCitizenOf>  ?b   => ?a  <isCitizenOf>  ?b	<Sigurd_Hoel>	<isCitizenOf>	<Norway>
?c  <isMarriedTo>  ?a  ?c  <isCitizenOf>  ?b   => ?a  <isCitizenOf>  ?b	<Lord_Mayor_of_London>	<isCitizenOf>	<England>
?c  <isMarriedTo>  ?a  ?c  <isCitizenOf>  ?b   => ?a  <isCitizenOf>  ?b	<Paul_Daniels>	<isCitizenOf>	<England>
?c  <isMarriedTo>  ?a  ?c  <isCitizenOf>  ?b   => ?a  <isCitizenOf>  ?b	<Dr._Evil>	<isCitizenOf>	<Germany>
?c  <isMarriedTo>  ?a  ?c  <isCitizenOf>  ?b   => ?a  <isCitizenOf>  ?b	<Henrietta_Barnett>	<isCitizenOf>	<England>
?c  <isMarriedTo>  ?a  ?c  <isCitizenOf>  ?b   => ?a  <isCitizenOf>  ?b	<Nicolas_Sarkozy>	<isCitizenOf>	<France>
?c  <isMarriedTo>  ?a  ?c  <isCitizenOf>  ?b   => ?a  <isCitizenOf>  ?b	<DJ_Aqeel>	<isCitizenOf>	<India>
?c  <isMarriedTo>  ?a  ?c  <isCitizenOf>  ?b   => ?a  <isCitizenOf>  ?b	<Jomo_Kenyatta>	<isCitizenOf>	<Kenya>
?c  <isMarriedTo>  ?a  ?c  <isCitizenOf>  ?b   => ?a  <isCitizenOf>  ?b	<Charles_Vane,_3rd_Marquess_of_Londonderry>	<isCitizenOf>	<England>
?c  <isMarriedTo>  ?a  ?c  <isCitizenOf>  ?b   => ?a  <isCitizenOf>  ?b	<Robert_Fellowes,_Baron_Fellowes>	<isCitizenOf>	<United_Kingdom>
?c  <isMarriedTo>  ?a  ?c  <isCitizenOf>  ?b   => ?a  <isCitizenOf>  ?b	<Linda_McAvan>	<isCitizenOf>	<United_Kingdom>
?c  <isMarriedTo>  ?a  ?c  <isCitizenOf>  ?b   => ?a  <isCitizenOf>  ?b	<Junichi_Inoue>	<isCitizenOf>	<Japan>
?c  <isMarriedTo>  ?a  ?c  <isCitizenOf>  ?b   => ?a  <isCitizenOf>  ?b	<Christine_Hamilton>	<isCitizenOf>	<United_Kingdom>
?c  <isMarriedTo>  ?a  ?c  <isCitizenOf>  ?b   => ?a  <isCitizenOf>  ?b	<Mirjana_Markovi>	<isCitizenOf>	<Serbia>
?c  <isMarriedTo>  ?a  ?c  <isCitizenOf>  ?b   => ?a  <isCitizenOf>  ?b	<Pernilla_August>	<isCitizenOf>	<Sweden>
?c  <isMarriedTo>  ?a  ?c  <isCitizenOf>  ?b   => ?a  <isCitizenOf>  ?b	<Danny_Goffey>	<isCitizenOf>	<United_Kingdom>
?c  <isMarriedTo>  ?a  ?c  <isCitizenOf>  ?b   => ?a  <isCitizenOf>  ?b	<Meinoud_Rost_van_Tonningen>	<isCitizenOf>	<Holland>
?c  <isMarriedTo>  ?a  ?c  <isCitizenOf>  ?b   => ?a  <isCitizenOf>  ?b	<Ruth_Berghaus>	<isCitizenOf>	<Germany>
?c  <isMarriedTo>  ?a  ?c  <isCitizenOf>  ?b   => ?a  <isCitizenOf>  ?b	<Tetyana_Kardynalovska>	<isCitizenOf>	<Ukraine>
?c  <isMarriedTo>  ?a  ?c  <isCitizenOf>  ?b   => ?a  <isCitizenOf>  ?b	<Sandra_Roelofs>	<isCitizenOf>	<Georgia_(country)>
?c  <isMarriedTo>  ?a  ?c  <isCitizenOf>  ?b   => ?a  <isCitizenOf>  ?b	<Paloma_O'Shea>	<isCitizenOf>	<Spain>
?c  <isMarriedTo>  ?a  ?c  <isCitizenOf>  ?b   => ?a  <isCitizenOf>  ?b	<Lyudmila_Narusova>	<isCitizenOf>	<Russia>
?c  <isMarriedTo>  ?a  ?c  <isCitizenOf>  ?b   => ?a  <isCitizenOf>  ?b	<Bruno_Carranza>	<isCitizenOf>	<Costa_Rica>
?c  <isMarriedTo>  ?a  ?c  <isCitizenOf>  ?b   => ?a  <isCitizenOf>  ?b	<Louis_Leakey>	<isCitizenOf>	<United_Kingdom>
?c  <isMarriedTo>  ?a  ?c  <isCitizenOf>  ?b   => ?a  <isCitizenOf>  ?b	<Bruce_Byron>	<isCitizenOf>	<United_Kingdom>
?c  <isMarriedTo>  ?a  ?c  <isCitizenOf>  ?b   => ?a  <isCitizenOf>  ?b	<Princess_Deborah_of_Saudi_Arabia>	<isCitizenOf>	<Saudi_Arabia>
?c  <isMarriedTo>  ?a  ?c  <isCitizenOf>  ?b   => ?a  <isCitizenOf>  ?b	<Xavière_Tiberi>	<isCitizenOf>	<France>
?c  <isMarriedTo>  ?a  ?c  <isCitizenOf>  ?b   => ?a  <isCitizenOf>  ?b	<Mary_Garman>	<isCitizenOf>	<Union_of_South_Africa>
?c  <isMarriedTo>  ?a  ?c  <isCitizenOf>  ?b   => ?a  <isCitizenOf>  ?b	<Christine_Dowiyogo>	<isCitizenOf>	<Nauru>
?c  <isMarriedTo>  ?a  ?c  <isCitizenOf>  ?b   => ?a  <isCitizenOf>  ?b	<Roberto_Arias>	<isCitizenOf>	<United_Kingdom>
?a  <dealsWith>  ?c  ?c  <isLocatedIn>  ?b   => ?a  <isLocatedIn>  ?b	<Bolivia>	<isLocatedIn>	<geoent_Asia_6255147>
?a  <dealsWith>  ?c  ?c  <isLocatedIn>  ?b   => ?a  <isLocatedIn>  ?b	<Philippines>	<isLocatedIn>	<geoent_Asia_6255147>
?a  <dealsWith>  ?c  ?c  <isLocatedIn>  ?b   => ?a  <isLocatedIn>  ?b	<Montenegro>	<isLocatedIn>	<geoent_Europe_6255148>
?a  <dealsWith>  ?c  ?c  <isLocatedIn>  ?b   => ?a  <isLocatedIn>  ?b	<Kyrgyzstan>	<isLocatedIn>	<geoent_Asia_6255147>
?a  <dealsWith>  ?c  ?c  <isLocatedIn>  ?b   => ?a  <isLocatedIn>  ?b	<Peru>	<isLocatedIn>	<geoent_Asia_6255147>
?a  <dealsWith>  ?c  ?c  <isLocatedIn>  ?b   => ?a  <isLocatedIn>  ?b	<Russia>	<isLocatedIn>	<geoent_Asia_6255147>
?a  <dealsWith>  ?c  ?c  <isLocatedIn>  ?b   => ?a  <isLocatedIn>  ?b	<American_Samoa>	<isLocatedIn>	<geoent_Asia_6255147>
?a  <dealsWith>  ?c  ?c  <isLocatedIn>  ?b   => ?a  <isLocatedIn>  ?b	<Angola>	<isLocatedIn>	<geoent_Asia_6255147>
?a  <dealsWith>  ?c  ?c  <isLocatedIn>  ?b   => ?a  <isLocatedIn>  ?b	<Singapore>	<isLocatedIn>	<geoent_Asia_6255147>
?a  <dealsWith>  ?c  ?c  <isLocatedIn>  ?b   => ?a  <isLocatedIn>  ?b	<Pakistan>	<isLocatedIn>	<geoent_Asia_6255147>
?a  <dealsWith>  ?c  ?c  <isLocatedIn>  ?b   => ?a  <isLocatedIn>  ?b	<Liberia>	<isLocatedIn>	<geoent_Asia_6255147>
?a  <dealsWith>  ?c  ?c  <isLocatedIn>  ?b   => ?a  <isLocatedIn>  ?b	<Azerbaijan>	<isLocatedIn>	<geoent_Asia_6255147>
?a  <dealsWith>  ?c  ?c  <isLocatedIn>  ?b   => ?a  <isLocatedIn>  ?b	<Puerto_Rico>	<isLocatedIn>	<North_America>
?a  <dealsWith>  ?c  ?c  <isLocatedIn>  ?b   => ?a  <isLocatedIn>  ?b	<Angola>	<isLocatedIn>	<geoent_Africa_6255146>
?a  <dealsWith>  ?c  ?c  <isLocatedIn>  ?b   => ?a  <isLocatedIn>  ?b	<Hong_Kong>	<isLocatedIn>	<geoent_Asia_6255147>
?a  <dealsWith>  ?c  ?c  <isLocatedIn>  ?b   => ?a  <isLocatedIn>  ?b	<Lebanon>	<isLocatedIn>	<geoent_Asia_6255147>
?a  <dealsWith>  ?c  ?c  <isLocatedIn>  ?b   => ?a  <isLocatedIn>  ?b	<Saskatchewan>	<isLocatedIn>	<geoent_Asia_6255147>
?a  <dealsWith>  ?c  ?c  <isLocatedIn>  ?b   => ?a  <isLocatedIn>  ?b	<Thailand>	<isLocatedIn>	<geoent_Asia_6255147>
?a  <dealsWith>  ?c  ?c  <isLocatedIn>  ?b   => ?a  <isLocatedIn>  ?b	<Ethiopia>	<isLocatedIn>	<geoent_Asia_6255147>
?a  <dealsWith>  ?c  ?c  <isLocatedIn>  ?b   => ?a  <isLocatedIn>  ?b	<Georgia_(country)>	<isLocatedIn>	<geoent_Europe_6255148>
?a  <dealsWith>  ?c  ?c  <isLocatedIn>  ?b   => ?a  <isLocatedIn>  ?b	<Quebec>	<isLocatedIn>	<geoent_Asia_6255147>
?a  <dealsWith>  ?c  ?c  <isLocatedIn>  ?b   => ?a  <isLocatedIn>  ?b	<Mexico>	<isLocatedIn>	<geoent_Asia_6255147>
?a  <dealsWith>  ?c  ?c  <isLocatedIn>  ?b   => ?a  <isLocatedIn>  ?b	<Denmark>	<isLocatedIn>	<geoent_Asia_6255147>
?a  <dealsWith>  ?c  ?c  <isLocatedIn>  ?b   => ?a  <isLocatedIn>  ?b	<Turkmenistan>	<isLocatedIn>	<geoent_Europe_6255148>
?a  <dealsWith>  ?c  ?c  <isLocatedIn>  ?b   => ?a  <isLocatedIn>  ?b	<Panama>	<isLocatedIn>	<geoent_Asia_6255147>
?a  <dealsWith>  ?c  ?c  <isLocatedIn>  ?b   => ?a  <isLocatedIn>  ?b	<Russia>	<isLocatedIn>	<geoent_Europe_6255148>
?a  <dealsWith>  ?c  ?c  <isLocatedIn>  ?b   => ?a  <isLocatedIn>  ?b	<United_Kingdom>	<isLocatedIn>	<Northern_Europe>
?a  <dealsWith>  ?c  ?c  <isLocatedIn>  ?b   => ?a  <isLocatedIn>  ?b	<Mauritius>	<isLocatedIn>	<geoent_Africa_6255146>
?a  <dealsWith>  ?c  ?c  <isLocatedIn>  ?b   => ?a  <isLocatedIn>  ?b	<Azerbaijan>	<isLocatedIn>	<geoent_Europe_6255148>
?a  <dealsWith>  ?c  ?c  <isLocatedIn>  ?b   => ?a  <isLocatedIn>  ?b	<Greenland>	<isLocatedIn>	<geoent_Asia_6255147>
?c  <dealsWith>  ?a  ?c  <isLocatedIn>  ?b   => ?a  <isLocatedIn>  ?b	<France>	<isLocatedIn>	<German_Confederation>
?c  <dealsWith>  ?a  ?c  <isLocatedIn>  ?b   => ?a  <isLocatedIn>  ?b	<Thailand>	<isLocatedIn>	<geoent_Africa_6255146>
?c  <dealsWith>  ?a  ?c  <isLocatedIn>  ?b   => ?a  <isLocatedIn>  ?b	<Saudi_Arabia>	<isLocatedIn>	<geoent_Africa_6255146>
?c  <dealsWith>  ?a  ?c  <isLocatedIn>  ?b   => ?a  <isLocatedIn>  ?b	<Iran>	<isLocatedIn>	<geoent_Asia_6255147>
?c  <dealsWith>  ?a  ?c  <isLocatedIn>  ?b   => ?a  <isLocatedIn>  ?b	<Zimbabwe>	<isLocatedIn>	<geoent_Africa_6255146>
?c  <dealsWith>  ?a  ?c  <isLocatedIn>  ?b   => ?a  <isLocatedIn>  ?b	<Niger>	<isLocatedIn>	<geoent_Africa_6255146>
?c  <dealsWith>  ?a  ?c  <isLocatedIn>  ?b   => ?a  <isLocatedIn>  ?b	<Netherlands>	<isLocatedIn>	<German_Confederation>
?c  <dealsWith>  ?a  ?c  <isLocatedIn>  ?b   => ?a  <isLocatedIn>  ?b	<Netherlands>	<isLocatedIn>	<geoent_Europe_6255148>
?c  <dealsWith>  ?a  ?c  <isLocatedIn>  ?b   => ?a  <isLocatedIn>  ?b	<Saudi_Arabia>	<isLocatedIn>	<geoent_Asia_6255147>
?c  <dealsWith>  ?a  ?c  <isLocatedIn>  ?b   => ?a  <isLocatedIn>  ?b	<Singapore>	<isLocatedIn>	<geoent_Africa_6255146>
?c  <dealsWith>  ?a  ?c  <isLocatedIn>  ?b   => ?a  <isLocatedIn>  ?b	<Slovakia>	<isLocatedIn>	<geoent_Europe_6255148>
?c  <dealsWith>  ?a  ?c  <isLocatedIn>  ?b   => ?a  <isLocatedIn>  ?b	<Italy>	<isLocatedIn>	<geoent_Africa_6255146>
?c  <dealsWith>  ?a  ?c  <isLocatedIn>  ?b   => ?a  <isLocatedIn>  ?b	<Ghana>	<isLocatedIn>	<geoent_Africa_6255146>
?c  <dealsWith>  ?a  ?c  <isLocatedIn>  ?b   => ?a  <isLocatedIn>  ?b	<Poland>	<isLocatedIn>	<geoent_Europe_6255148>
?c  <dealsWith>  ?a  ?c  <isLocatedIn>  ?b   => ?a  <isLocatedIn>  ?b	<Germany>	<isLocatedIn>	<geoent_Asia_6255147>
?c  <dealsWith>  ?a  ?c  <isLocatedIn>  ?b   => ?a  <isLocatedIn>  ?b	<Germany>	<isLocatedIn>	<North_America>
?c  <dealsWith>  ?a  ?c  <isLocatedIn>  ?b   => ?a  <isLocatedIn>  ?b	<Germany>	<isLocatedIn>	<geoent_Europe_6255148>
?c  <dealsWith>  ?a  ?c  <isLocatedIn>  ?b   => ?a  <isLocatedIn>  ?b	<Germany>	<isLocatedIn>	<geoent_Africa_6255146>
?c  <dealsWith>  ?a  ?c  <isLocatedIn>  ?b   => ?a  <isLocatedIn>  ?b	<Italy>	<isLocatedIn>	<geoent_Europe_6255148>
?c  <dealsWith>  ?a  ?c  <isLocatedIn>  ?b   => ?a  <isLocatedIn>  ?b	<Kenya>	<isLocatedIn>	<geoent_Africa_6255146>
?c  <dealsWith>  ?a  ?c  <isLocatedIn>  ?b   => ?a  <isLocatedIn>  ?b	<France>	<isLocatedIn>	<geoent_Africa_6255146>
?c  <dealsWith>  ?a  ?c  <isLocatedIn>  ?b   => ?a  <isLocatedIn>  ?b	<Netherlands>	<isLocatedIn>	<geoent_Africa_6255146>
?c  <dealsWith>  ?a  ?c  <isLocatedIn>  ?b   => ?a  <isLocatedIn>  ?b	<Cuba>	<isLocatedIn>	<North_America>
?c  <dealsWith>  ?a  ?c  <isLocatedIn>  ?b   => ?a  <isLocatedIn>  ?b	<Togo>	<isLocatedIn>	<geoent_Africa_6255146>
?c  <dealsWith>  ?a  ?c  <isLocatedIn>  ?b   => ?a  <isLocatedIn>  ?b	<India>	<isLocatedIn>	<geoent_Asia_6255147>
?c  <dealsWith>  ?a  ?c  <isLocatedIn>  ?b   => ?a  <isLocatedIn>  ?b	<Indonesia>	<isLocatedIn>	<geoent_Africa_6255146>
?c  <dealsWith>  ?a  ?c  <isLocatedIn>  ?b   => ?a  <isLocatedIn>  ?b	<Italy>	<isLocatedIn>	<German_Confederation>
?c  <dealsWith>  ?a  ?c  <isLocatedIn>  ?b   => ?a  <isLocatedIn>  ?b	<France>	<isLocatedIn>	<geoent_Europe_6255148>
?c  <dealsWith>  ?a  ?c  <isLocatedIn>  ?b   => ?a  <isLocatedIn>  ?b	<Guatemala>	<isLocatedIn>	<North_America>
?c  <dealsWith>  ?a  ?c  <isLocatedIn>  ?b   => ?a  <isLocatedIn>  ?b	<Haiti>	<isLocatedIn>	<North_America>
?a  <hasCapital>  ?c  ?c  <hasOfficialLanguage>  ?b   => ?a  <hasOfficialLanguage>  ?b	<Delhi_Territory>	<hasOfficialLanguage>	<Punjabi_language>
?a  <hasCapital>  ?c  ?c  <hasOfficialLanguage>  ?b   => ?a  <hasOfficialLanguage>  ?b	<Delhi_Territory>	<hasOfficialLanguage>	<Hindi>
?a  <hasCapital>  ?c  ?c  <hasOfficialLanguage>  ?b   => ?a  <hasOfficialLanguage>  ?b	<Delhi_Territory>	<hasOfficialLanguage>	<English_language>
?a  <hasCapital>  ?c  ?c  <hasOfficialLanguage>  ?b   => ?a  <hasOfficialLanguage>  ?b	<Delhi_Territory>	<hasOfficialLanguage>	<Urdu>
?a  <hasCapital>  ?c  ?c  <hasOfficialLanguage>  ?b   => ?a  <hasOfficialLanguage>  ?b	<Khilji_dynasty>	<hasOfficialLanguage>	<Punjabi_language>
?a  <hasCapital>  ?c  ?c  <hasOfficialLanguage>  ?b   => ?a  <hasOfficialLanguage>  ?b	<Khilji_dynasty>	<hasOfficialLanguage>	<Hindi>
?a  <hasCapital>  ?c  ?c  <hasOfficialLanguage>  ?b   => ?a  <hasOfficialLanguage>  ?b	<Khilji_dynasty>	<hasOfficialLanguage>	<English_language>
?a  <hasCapital>  ?c  ?c  <hasOfficialLanguage>  ?b   => ?a  <hasOfficialLanguage>  ?b	<Khilji_dynasty>	<hasOfficialLanguage>	<Urdu>
?a  <hasCapital>  ?c  ?c  <hasOfficialLanguage>  ?b   => ?a  <hasOfficialLanguage>  ?b	<Lodi_dynasty>	<hasOfficialLanguage>	<Punjabi_language>
?a  <hasCapital>  ?c  ?c  <hasOfficialLanguage>  ?b   => ?a  <hasOfficialLanguage>  ?b	<Lodi_dynasty>	<hasOfficialLanguage>	<Hindi>
?a  <hasCapital>  ?c  ?c  <hasOfficialLanguage>  ?b   => ?a  <hasOfficialLanguage>  ?b	<Lodi_dynasty>	<hasOfficialLanguage>	<English_language>
?a  <hasCapital>  ?c  ?c  <hasOfficialLanguage>  ?b   => ?a  <hasOfficialLanguage>  ?b	<Lodi_dynasty>	<hasOfficialLanguage>	<Urdu>
?a  <hasCapital>  ?c  ?c  <hasOfficialLanguage>  ?b   => ?a  <hasOfficialLanguage>  ?b	<United_Province>	<hasOfficialLanguage>	<Hindi>
?a  <hasCapital>  ?c  ?c  <hasOfficialLanguage>  ?b   => ?a  <hasOfficialLanguage>  ?b	<United_Province>	<hasOfficialLanguage>	<Urdu>
?a  <hasCapital>  ?c  ?c  <hasOfficialLanguage>  ?b   => ?a  <hasOfficialLanguage>  ?b	<Suri_dynasty>	<hasOfficialLanguage>	<Punjabi_language>
?a  <hasCapital>  ?c  ?c  <hasOfficialLanguage>  ?b   => ?a  <hasOfficialLanguage>  ?b	<Suri_dynasty>	<hasOfficialLanguage>	<Hindi>
?a  <hasCapital>  ?c  ?c  <hasOfficialLanguage>  ?b   => ?a  <hasOfficialLanguage>  ?b	<Suri_dynasty>	<hasOfficialLanguage>	<English_language>
?a  <hasCapital>  ?c  ?c  <hasOfficialLanguage>  ?b   => ?a  <hasOfficialLanguage>  ?b	<Suri_dynasty>	<hasOfficialLanguage>	<Urdu>
?a  <hasCapital>  ?c  ?c  <hasOfficialLanguage>  ?b   => ?a  <hasOfficialLanguage>  ?b	<United_Provinces_of_British_India>	<hasOfficialLanguage>	<Hindi>
?a  <hasCapital>  ?c  ?c  <hasOfficialLanguage>  ?b   => ?a  <hasOfficialLanguage>  ?b	<United_Provinces_of_British_India>	<hasOfficialLanguage>	<Urdu>
?a  <hasCapital>  ?c  ?c  <hasOfficialLanguage>  ?b   => ?a  <hasOfficialLanguage>  ?b	<Kerala>	<hasOfficialLanguage>	<English_language>
?a  <hasCapital>  ?c  ?c  <hasOfficialLanguage>  ?b   => ?a  <hasOfficialLanguage>  ?b	<Delhi_Sultanate>	<hasOfficialLanguage>	<Punjabi_language>
?a  <hasCapital>  ?c  ?c  <hasOfficialLanguage>  ?b   => ?a  <hasOfficialLanguage>  ?b	<Delhi_Sultanate>	<hasOfficialLanguage>	<Hindi>
?a  <hasCapital>  ?c  ?c  <hasOfficialLanguage>  ?b   => ?a  <hasOfficialLanguage>  ?b	<Delhi_Sultanate>	<hasOfficialLanguage>	<English_language>
?a  <hasCapital>  ?c  ?c  <hasOfficialLanguage>  ?b   => ?a  <hasOfficialLanguage>  ?b	<Delhi_Sultanate>	<hasOfficialLanguage>	<Urdu>
?a  <wasBornIn>  ?c  ?c  <isLocatedIn>  ?b   => ?a  <isCitizenOf>  ?b	<John_Clive_Ward>	<isCitizenOf>	<United_Kingdom>
?a  <wasBornIn>  ?c  ?c  <isLocatedIn>  ?b   => ?a  <isCitizenOf>  ?b	<Rebecca_Grant_(actress)>	<isCitizenOf>	<East_Midlands>
?a  <wasBornIn>  ?c  ?c  <isLocatedIn>  ?b   => ?a  <isCitizenOf>  ?b	<John_B._Fournet>	<isCitizenOf>	<Louisiana>
?a  <wasBornIn>  ?c  ?c  <isLocatedIn>  ?b   => ?a  <isCitizenOf>  ?b	<Jennifer_Garner>	<isCitizenOf>	<Texas>
?a  <wasBornIn>  ?c  ?c  <isLocatedIn>  ?b   => ?a  <isCitizenOf>  ?b	<Owen_Wilson>	<isCitizenOf>	<Texas>
?a  <wasBornIn>  ?c  ?c  <isLocatedIn>  ?b   => ?a  <isCitizenOf>  ?b	<Heinrich_Timm>	<isCitizenOf>	<Germany>
?a  <wasBornIn>  ?c  ?c  <isLocatedIn>  ?b   => ?a  <isCitizenOf>  ?b	<Jeremy_Yablonski>	<isCitizenOf>	<Saskatchewan>
?a  <wasBornIn>  ?c  ?c  <isLocatedIn>  ?b   => ?a  <isCitizenOf>  ?b	<Henry_Barratt>	<isCitizenOf>	<South_East_England>
?a  <wasBornIn>  ?c  ?c  <isLocatedIn>  ?b   => ?a  <isCitizenOf>  ?b	<James_Harbord>	<isCitizenOf>	<Illinois>
?a  <wasBornIn>  ?c  ?c  <isLocatedIn>  ?b   => ?a  <isCitizenOf>  ?b	<George_Erik_Rupp>	<isCitizenOf>	<New_Jersey>
?a  <wasBornIn>  ?c  ?c  <isLocatedIn>  ?b   => ?a  <isCitizenOf>  ?b	<Sophie_Blanchard>	<isCitizenOf>	<France>
?a  <wasBornIn>  ?c  ?c  <isLocatedIn>  ?b   => ?a  <isCitizenOf>  ?b	<William_T._Hanna>	<isCitizenOf>	<New_York>
?a  <wasBornIn>  ?c  ?c  <isLocatedIn>  ?b   => ?a  <isCitizenOf>  ?b	<James_Joseph_Sylvester>	<isCitizenOf>	<United_Kingdom>
?a  <wasBornIn>  ?c  ?c  <isLocatedIn>  ?b   => ?a  <isCitizenOf>  ?b	<Benjamin_Buttenwieser>	<isCitizenOf>	<New_York>
?a  <wasBornIn>  ?c  ?c  <isLocatedIn>  ?b   => ?a  <isCitizenOf>  ?b	<Mordehai_Milgrom>	<isCitizenOf>	<Romania>
?a  <wasBornIn>  ?c  ?c  <isLocatedIn>  ?b   => ?a  <isCitizenOf>  ?b	<Keith_Horne>	<isCitizenOf>	<South_Africa>
?a  <wasBornIn>  ?c  ?c  <isLocatedIn>  ?b   => ?a  <isCitizenOf>  ?b	<James_P._Allaire>	<isCitizenOf>	<New_York>
?a  <wasBornIn>  ?c  ?c  <isLocatedIn>  ?b   => ?a  <isCitizenOf>  ?b	<Willy_Ronis>	<isCitizenOf>	<geoent_Région_Île-de-France_3012874>
?a  <wasBornIn>  ?c  ?c  <isLocatedIn>  ?b   => ?a  <isCitizenOf>  ?b	<David_J._O'Reilly>	<isCitizenOf>	<Republic_of_Ireland>
?a  <wasBornIn>  ?c  ?c  <isLocatedIn>  ?b   => ?a  <isCitizenOf>  ?b	<Frank_William_Towey,_Jr.>	<isCitizenOf>	<New_Jersey>
?a  <wasBornIn>  ?c  ?c  <isLocatedIn>  ?b   => ?a  <isCitizenOf>  ?b	<Oliver_Winfield_Killam>	<isCitizenOf>	<Missouri>
?a  <wasBornIn>  ?c  ?c  <isLocatedIn>  ?b   => ?a  <isCitizenOf>  ?b	<Mike_Moncrief>	<isCitizenOf>	<Texas>
?a  <wasBornIn>  ?c  ?c  <isLocatedIn>  ?b   => ?a  <isCitizenOf>  ?b	<Dorotheea_Petre>	<isCitizenOf>	<Romania>
?a  <wasBornIn>  ?c  ?c  <isLocatedIn>  ?b   => ?a  <isCitizenOf>  ?b	<Larry_Kenon>	<isCitizenOf>	<Alabama>
?a  <wasBornIn>  ?c  ?c  <isLocatedIn>  ?b   => ?a  <isCitizenOf>  ?b	<Kimberly_Navarro>	<isCitizenOf>	<San_Francisco_Bay_Area>
?a  <wasBornIn>  ?c  ?c  <isLocatedIn>  ?b   => ?a  <isCitizenOf>  ?b	<Alan_North>	<isCitizenOf>	<New_York>
?a  <wasBornIn>  ?c  ?c  <isLocatedIn>  ?b   => ?a  <isCitizenOf>  ?b	<James_Ashley_(politician)>	<isCitizenOf>	<North_West_England>
?a  <wasBornIn>  ?c  ?c  <isLocatedIn>  ?b   => ?a  <isCitizenOf>  ?b	<Geoff_Keith>	<isCitizenOf>	<South_East_England>
?a  <wasBornIn>  ?c  ?c  <isLocatedIn>  ?b   => ?a  <isCitizenOf>  ?b	<Honeysuckle_Weeks>	<isCitizenOf>	<United_Kingdom>
?a  <wasBornIn>  ?c  ?c  <isLocatedIn>  ?b   => ?a  <isCitizenOf>  ?b	<James_R._Allen>	<isCitizenOf>	<Kentucky>
?c  <diedIn>  ?a  ?c  <isCitizenOf>  ?b   => ?a  <isLocatedIn>  ?b	<Mexico_City>	<isLocatedIn>	<Guatemala>
?c  <diedIn>  ?a  ?c  <isCitizenOf>  ?b   => ?a  <isLocatedIn>  ?b	<Barcelona>	<isLocatedIn>	<Cuba>
?c  <diedIn>  ?a  ?c  <isCitizenOf>  ?b   => ?a  <isLocatedIn>  ?b	<Boston>	<isLocatedIn>	<Russian_Empire>
?c  <diedIn>  ?a  ?c  <isCitizenOf>  ?b   => ?a  <isLocatedIn>  ?b	<Haugesund>	<isLocatedIn>	<Norway>
?c  <diedIn>  ?a  ?c  <isCitizenOf>  ?b   => ?a  <isLocatedIn>  ?b	<Cologne>	<isLocatedIn>	<Germany>
?c  <diedIn>  ?a  ?c  <isCitizenOf>  ?b   => ?a  <isLocatedIn>  ?b	<Mudigere>	<isLocatedIn>	<India>
?c  <diedIn>  ?a  ?c  <isCitizenOf>  ?b   => ?a  <isLocatedIn>  ?b	<Aspen,_Colorado>	<isLocatedIn>	<Russia>
?c  <diedIn>  ?a  ?c  <isCitizenOf>  ?b   => ?a  <isLocatedIn>  ?b	<College_Station,_Texas>	<isLocatedIn>	<United_Kingdom>
?c  <diedIn>  ?a  ?c  <isCitizenOf>  ?b   => ?a  <isLocatedIn>  ?b	<Mexico_City>	<isLocatedIn>	<Mexico>
?c  <diedIn>  ?a  ?c  <isCitizenOf>  ?b   => ?a  <isLocatedIn>  ?b	<Exeter>	<isLocatedIn>	<England>
?c  <diedIn>  ?a  ?c  <isCitizenOf>  ?b   => ?a  <isLocatedIn>  ?b	<Trenín>	<isLocatedIn>	<Hungary>
?c  <diedIn>  ?a  ?c  <isCitizenOf>  ?b   => ?a  <isLocatedIn>  ?b	<Kaluga>	<isLocatedIn>	<Russia>
?c  <diedIn>  ?a  ?c  <isCitizenOf>  ?b   => ?a  <isLocatedIn>  ?b	<Hong_Kong>	<isLocatedIn>	<India>
?c  <diedIn>  ?a  ?c  <isCitizenOf>  ?b   => ?a  <isLocatedIn>  ?b	<Moscow>	<isLocatedIn>	<United_Kingdom>
?c  <diedIn>  ?a  ?c  <isCitizenOf>  ?b   => ?a  <isLocatedIn>  ?b	<Lucknow>	<isLocatedIn>	<India>
?c  <diedIn>  ?a  ?c  <isCitizenOf>  ?b   => ?a  <isLocatedIn>  ?b	<Ankola>	<isLocatedIn>	<India>
?c  <diedIn>  ?a  ?c  <isCitizenOf>  ?b   => ?a  <isLocatedIn>  ?b	<Ofra>	<isLocatedIn>	<Israel>
?c  <diedIn>  ?a  ?c  <isCitizenOf>  ?b   => ?a  <isLocatedIn>  ?b	<Paris>	<isLocatedIn>	<Spain>
?c  <diedIn>  ?a  ?c  <isCitizenOf>  ?b   => ?a  <isLocatedIn>  ?b	<Beverly_Hills,_California>	<isLocatedIn>	<Canada>
?c  <diedIn>  ?a  ?c  <isCitizenOf>  ?b   => ?a  <isLocatedIn>  ?b	<Friendsville,_Tennessee>	<isLocatedIn>	<England>
?c  <diedIn>  ?a  ?c  <isCitizenOf>  ?b   => ?a  <isLocatedIn>  ?b	<Chicago>	<isLocatedIn>	<Canada>
?c  <diedIn>  ?a  ?c  <isCitizenOf>  ?b   => ?a  <isLocatedIn>  ?b	<Giaveno>	<isLocatedIn>	<Italy>
?c  <diedIn>  ?a  ?c  <isCitizenOf>  ?b   => ?a  <isLocatedIn>  ?b	<Coventry>	<isLocatedIn>	<Republic_of_Ireland>
?c  <diedIn>  ?a  ?c  <isCitizenOf>  ?b   => ?a  <isLocatedIn>  ?b	<Geneva>	<isLocatedIn>	<France>
?c  <diedIn>  ?a  ?c  <isCitizenOf>  ?b   => ?a  <isLocatedIn>  ?b	<Dresden>	<isLocatedIn>	<Germany>
?c  <diedIn>  ?a  ?c  <isCitizenOf>  ?b   => ?a  <isLocatedIn>  ?b	<Zagreb>	<isLocatedIn>	<Yugoslavia>
?c  <diedIn>  ?a  ?c  <isCitizenOf>  ?b   => ?a  <isLocatedIn>  ?b	<Cape_Town>	<isLocatedIn>	<England>
?c  <diedIn>  ?a  ?c  <isCitizenOf>  ?b   => ?a  <isLocatedIn>  ?b	<Portici>	<isLocatedIn>	<Italy>
?c  <diedIn>  ?a  ?c  <isCitizenOf>  ?b   => ?a  <isLocatedIn>  ?b	<Islamabad>	<isLocatedIn>	<Pakistan>
?c  <diedIn>  ?a  ?c  <isCitizenOf>  ?b   => ?a  <isLocatedIn>  ?b	<Mexico_City>	<isLocatedIn>	<Netherlands>
?a  <diedIn>  ?c  ?c  <isLocatedIn>  ?b   => ?a  <isCitizenOf>  ?b	<Jean_Alexander_Heinrich_Clapier_de_Colongue>	<isCitizenOf>	<Russia>
?a  <diedIn>  ?c  ?c  <isLocatedIn>  ?b   => ?a  <isCitizenOf>  ?b	<Basil_Radford>	<isCitizenOf>	<United_Kingdom>
?a  <diedIn>  ?c  ?c  <isLocatedIn>  ?b   => ?a  <isCitizenOf>  ?b	<Larry_Thor>	<isCitizenOf>	<Los_Angeles_County,_California>
?a  <diedIn>  ?c  ?c  <isLocatedIn>  ?b   => ?a  <isCitizenOf>  ?b	<Archie_Musick>	<isCitizenOf>	<Colorado>
?a  <diedIn>  ?c  ?c  <isLocatedIn>  ?b   => ?a  <isCitizenOf>  ?b	<Frank_Aiken>	<isCitizenOf>	<Republic_of_Ireland>
?a  <diedIn>  ?c  ?c  <isLocatedIn>  ?b   => ?a  <isCitizenOf>  ?b	<Dallas_McKennon>	<isCitizenOf>	<Washington_(U.S._state)>
?a  <diedIn>  ?c  ?c  <isLocatedIn>  ?b   => ?a  <isCitizenOf>  ?b	<Lovell_Rousseau>	<isCitizenOf>	<Louisiana>
?a  <diedIn>  ?c  ?c  <isLocatedIn>  ?b   => ?a  <isCitizenOf>  ?b	<George_W._Norris>	<isCitizenOf>	<Nebraska>
?a  <diedIn>  ?c  ?c  <isLocatedIn>  ?b   => ?a  <isCitizenOf>  ?b	<George_Hollis>	<isCitizenOf>	<South_West_England>
?a  <diedIn>  ?c  ?c  <isLocatedIn>  ?b   => ?a  <isCitizenOf>  ?b	<Oliver_Winfield_Killam>	<isCitizenOf>	<Texas>
?a  <diedIn>  ?c  ?c  <isLocatedIn>  ?b   => ?a  <isCitizenOf>  ?b	<Rostislav_Vovkushevsky>	<isCitizenOf>	<Russia>
?a  <diedIn>  ?c  ?c  <isLocatedIn>  ?b   => ?a  <isCitizenOf>  ?b	<Randle_T._Moore>	<isCitizenOf>	<Louisiana>
?a  <diedIn>  ?c  ?c  <isLocatedIn>  ?b   => ?a  <isCitizenOf>  ?b	<Richard_Bartholdt>	<isCitizenOf>	<Missouri>
?a  <diedIn>  ?c  ?c  <isLocatedIn>  ?b   => ?a  <isCitizenOf>  ?b	<William_Paul_Fife>	<isCitizenOf>	<Texas>
?a  <diedIn>  ?c  ?c  <isLocatedIn>  ?b   => ?a  <isCitizenOf>  ?b	<Kwame_Nkrumah>	<isCitizenOf>	<Romania>
?a  <diedIn>  ?c  ?c  <isLocatedIn>  ?b   => ?a  <isCitizenOf>  ?b	<Booker_T._Washington>	<isCitizenOf>	<Alabama>
?a  <diedIn>  ?c  ?c  <isLocatedIn>  ?b   => ?a  <isCitizenOf>  ?b	<Fatmawati>	<isCitizenOf>	<Malaysia>
?a  <diedIn>  ?c  ?c  <isLocatedIn>  ?b   => ?a  <isCitizenOf>  ?b	<Julius_of_Rome>	<isCitizenOf>	<Ciampino>
?a  <diedIn>  ?c  ?c  <isLocatedIn>  ?b   => ?a  <isCitizenOf>  ?b	<Herbert_C._Brown>	<isCitizenOf>	<Indiana>
?a  <diedIn>  ?c  ?c  <isLocatedIn>  ?b   => ?a  <isCitizenOf>  ?b	<Lou_Jankowski>	<isCitizenOf>	<Pinellas_County,_Florida>
?a  <diedIn>  ?c  ?c  <isLocatedIn>  ?b   => ?a  <isCitizenOf>  ?b	<Lucia_Cunanan>	<isCitizenOf>	<Philippines>
?a  <diedIn>  ?c  ?c  <isLocatedIn>  ?b   => ?a  <isCitizenOf>  ?b	<Frank_Simpson_(cricketer)>	<isCitizenOf>	<South_East_England>
?a  <diedIn>  ?c  ?c  <isLocatedIn>  ?b   => ?a  <isCitizenOf>  ?b	<Edward_Bernard_RaczyDski>	<isCitizenOf>	<United_Kingdom>
?a  <diedIn>  ?c  ?c  <isLocatedIn>  ?b   => ?a  <isCitizenOf>  ?b	<Jonathan_S._Willis>	<isCitizenOf>	<Delaware>
?a  <diedIn>  ?c  ?c  <isLocatedIn>  ?b   => ?a  <isCitizenOf>  ?b	<Victor_of_Aveyron>	<isCitizenOf>	<geoent_Région_Île-de-France_3012874>
?a  <diedIn>  ?c  ?c  <isLocatedIn>  ?b   => ?a  <isCitizenOf>  ?b	<Michael_S._Rosenfeld>	<isCitizenOf>	<Los_Angeles_County,_California>
?a  <diedIn>  ?c  ?c  <isLocatedIn>  ?b   => ?a  <isCitizenOf>  ?b	<C._Douglass_Buck>	<isCitizenOf>	<Delaware>
?a  <diedIn>  ?c  ?c  <isLocatedIn>  ?b   => ?a  <isCitizenOf>  ?b	<Andrew_Jackson_Bettwy>	<isCitizenOf>	<Arkansas>
?a  <diedIn>  ?c  ?c  <isLocatedIn>  ?b   => ?a  <isCitizenOf>  ?b	<Henry_Skillman_Breckinridge>	<isCitizenOf>	<New_York>
?a  <diedIn>  ?c  ?c  <isLocatedIn>  ?b   => ?a  <isCitizenOf>  ?b	<John_Bryan_Bowman>	<isCitizenOf>	<Kentucky>
?a  <livesIn>  ?c  ?b  <hasCapital>  ?c   => ?a  <isCitizenOf>  ?b	<Ajla_Tomljanovi>	<isCitizenOf>	<Croatia>
?a  <livesIn>  ?c  ?b  <hasCapital>  ?c   => ?a  <isCitizenOf>  ?b	<Norbert_Haug>	<isCitizenOf>	<Stuttgart_(region)>
?a  <livesIn>  ?c  ?b  <hasCapital>  ?c   => ?a  <isCitizenOf>  ?b	<}eljko_Rohatinski>	<isCitizenOf>	<Socialist_Republic_of_Croatia>
?a  <livesIn>  ?c  ?b  <hasCapital>  ?c   => ?a  <isCitizenOf>  ?b	<Forrest_Fezler>	<isCitizenOf>	<Florida_Territory>
?a  <livesIn>  ?c  ?b  <hasCapital>  ?c   => ?a  <isCitizenOf>  ?b	<Kalbe_Razi_Naqvi>	<isCitizenOf>	<Sør-Trøndelag_County_Municipality>
?a  <livesIn>  ?c  ?b  <hasCapital>  ?c   => ?a  <isCitizenOf>  ?b	<Ken_Dryden>	<isCitizenOf>	<Ontario>
?a  <livesIn>  ?c  ?b  <hasCapital>  ?c   => ?a  <isCitizenOf>  ?b	<Nan_Aron>	<isCitizenOf>	<United_States>
?a  <livesIn>  ?c  ?b  <hasCapital>  ?c   => ?a  <isCitizenOf>  ?b	<Knut_Jørgen_Røed_Ødegaard>	<isCitizenOf>	<Norway>
?a  <livesIn>  ?c  ?b  <hasCapital>  ?c   => ?a  <isCitizenOf>  ?b	<José_Acasuso>	<isCitizenOf>	<Argentina>
?a  <livesIn>  ?c  ?b  <hasCapital>  ?c   => ?a  <isCitizenOf>  ?b	<Hella_von_Sinnen>	<isCitizenOf>	<Cologne_(region)>
?a  <livesIn>  ?c  ?b  <hasCapital>  ?c   => ?a  <isCitizenOf>  ?b	<Bob_Krist>	<isCitizenOf>	<Nebraska_Territory>
?a  <livesIn>  ?c  ?b  <hasCapital>  ?c   => ?a  <isCitizenOf>  ?b	<Abbi_Tatton>	<isCitizenOf>	<United_States>
?a  <livesIn>  ?c  ?b  <hasCapital>  ?c   => ?a  <isCitizenOf>  ?b	<Vitali_Butikov>	<isCitizenOf>	<Russia>
?a  <livesIn>  ?c  ?b  <hasCapital>  ?c   => ?a  <isCitizenOf>  ?b	<Dilan_Jayawardane>	<isCitizenOf>	<British_America>
?a  <livesIn>  ?c  ?b  <hasCapital>  ?c   => ?a  <isCitizenOf>  ?b	<Willie_Walsh_(Irish_businessman)>	<isCitizenOf>	<United_Kingdom>
?a  <livesIn>  ?c  ?b  <hasCapital>  ?c   => ?a  <isCitizenOf>  ?b	<Shira_Willner>	<isCitizenOf>	<Allied-occupied_Germany>
?a  <livesIn>  ?c  ?b  <hasCapital>  ?c   => ?a  <isCitizenOf>  ?b	<Ben_Way>	<isCitizenOf>	<United_Kingdom>
?a  <livesIn>  ?c  ?b  <hasCapital>  ?c   => ?a  <isCitizenOf>  ?b	<Rastko_Pocesta>	<isCitizenOf>	<Serbia>
?a  <livesIn>  ?c  ?b  <hasCapital>  ?c   => ?a  <isCitizenOf>  ?b	<Satoru_Kobayashi>	<isCitizenOf>	<Occupation_of_Japan>
?a  <livesIn>  ?c  ?b  <hasCapital>  ?c   => ?a  <isCitizenOf>  ?b	<President_of_the_Moldovan_Parliament>	<isCitizenOf>	<Moldavian_Democratic_Republic>
?a  <livesIn>  ?c  ?b  <hasCapital>  ?c   => ?a  <isCitizenOf>  ?b	<Juan-Martín_Aranguren>	<isCitizenOf>	<Argentina>
?a  <livesIn>  ?c  ?b  <hasCapital>  ?c   => ?a  <isCitizenOf>  ?b	<Christopher_Mattheisen>	<isCitizenOf>	<Hungarian_Soviet_Republic>
?a  <livesIn>  ?c  ?b  <hasCapital>  ?c   => ?a  <isCitizenOf>  ?b	<Peter_Borovsky>	<isCitizenOf>	<Uzbekistan>
?a  <livesIn>  ?c  ?b  <hasCapital>  ?c   => ?a  <isCitizenOf>  ?b	<Anders_Björck>	<isCitizenOf>	<Swedish_Empire>
?a  <livesIn>  ?c  ?b  <hasCapital>  ?c   => ?a  <isCitizenOf>  ?b	<Joost_van_Vollenhoven>	<isCitizenOf>	<Senegal>
?a  <livesIn>  ?c  ?b  <hasCapital>  ?c   => ?a  <isCitizenOf>  ?b	<José_Sócrates>	<isCitizenOf>	<Estado_Novo_(Portugal)>
?a  <livesIn>  ?c  ?b  <hasCapital>  ?c   => ?a  <isCitizenOf>  ?b	<Samantha_Shaw>	<isCitizenOf>	<Confederate_States_of_America>
?a  <livesIn>  ?c  ?b  <hasCapital>  ?c   => ?a  <isCitizenOf>  ?b	<Takao_Suzuki>	<isCitizenOf>	<Occupation_of_Japan>
?a  <livesIn>  ?c  ?b  <hasCapital>  ?c   => ?a  <isCitizenOf>  ?b	<Ian_Paisley>	<isCitizenOf>	<Northern_Ireland>
?a  <livesIn>  ?c  ?b  <hasCapital>  ?c   => ?a  <isCitizenOf>  ?b	<Luke_Goddard>	<isCitizenOf>	<Kingdom_of_Essex>
?a  <isLocatedIn>  ?c  ?c  <isLocatedIn>  ?b   => ?a  <isCitizenOf>  ?b	<Finnish_National_Gallery>	<isCitizenOf>	<Finland>
?a  <isLocatedIn>  ?c  ?c  <isLocatedIn>  ?b   => ?a  <isCitizenOf>  ?b	<Pankhurst_Centre>	<isCitizenOf>	<North_West_England>
?a  <isLocatedIn>  ?c  ?c  <isLocatedIn>  ?b   => ?a  <isCitizenOf>  ?b	<Bodmin>	<isCitizenOf>	<Isles_of_Scilly>
?a  <isLocatedIn>  ?c  ?c  <isLocatedIn>  ?b   => ?a  <isCitizenOf>  ?b	<Günzer_See>	<isCitizenOf>	<Germany>
?a  <isLocatedIn>  ?c  ?c  <isLocatedIn>  ?b   => ?a  <isCitizenOf>  ?b	<Lincoln_High_School_(Stockton,_California)>	<isCitizenOf>	<California>
?a  <isLocatedIn>  ?c  ?c  <isLocatedIn>  ?b   => ?a  <isCitizenOf>  ?b	<Florida_A&M_University>	<isCitizenOf>	<Leon_County,_Florida>
?a  <isLocatedIn>  ?c  ?c  <isLocatedIn>  ?b   => ?a  <isCitizenOf>  ?b	<Huddersfield_Literature_Festival>	<isCitizenOf>	<West_Yorkshire>
?a  <isLocatedIn>  ?c  ?c  <isLocatedIn>  ?b   => ?a  <isCitizenOf>  ?b	<Michael_S._Moore>	<isCitizenOf>	<Tennessee>
?a  <isLocatedIn>  ?c  ?c  <isLocatedIn>  ?b   => ?a  <isCitizenOf>  ?b	<McKinley_Mall>	<isCitizenOf>	<New_York>
?a  <isLocatedIn>  ?c  ?c  <isLocatedIn>  ?b   => ?a  <isCitizenOf>  ?b	<Dowelltown,_Tennessee>	<isCitizenOf>	<Confederate_States_of_America>
?a  <isLocatedIn>  ?c  ?c  <isLocatedIn>  ?b   => ?a  <isCitizenOf>  ?b	<Wolfsonian-FIU>	<isCitizenOf>	<Miami-Dade_County,_Florida>
?a  <isLocatedIn>  ?c  ?c  <isLocatedIn>  ?b   => ?a  <isCitizenOf>  ?b	<Amalebra>	<isCitizenOf>	<Isles_of_Scilly>
?a  <isLocatedIn>  ?c  ?c  <isLocatedIn>  ?b   => ?a  <isCitizenOf>  ?b	<Andmoresound>	<isCitizenOf>	<Scotland>
?a  <isLocatedIn>  ?c  ?c  <isLocatedIn>  ?b   => ?a  <isCitizenOf>  ?b	<Wind_Point_Light>	<isCitizenOf>	<Wisconsin>
?a  <isLocatedIn>  ?c  ?c  <isLocatedIn>  ?b   => ?a  <isCitizenOf>  ?b	<Allentown_Historic_District_(Buffalo,_New_York)>	<isCitizenOf>	<New_York>
?a  <isLocatedIn>  ?c  ?c  <isLocatedIn>  ?b   => ?a  <isCitizenOf>  ?b	<Yellowstone_Art_Museum>	<isCitizenOf>	<Montana>
?a  <isLocatedIn>  ?c  ?c  <isLocatedIn>  ?b   => ?a  <isCitizenOf>  ?b	<Jessy_Terrero>	<isCitizenOf>	<North_America>
?a  <isLocatedIn>  ?c  ?c  <isLocatedIn>  ?b   => ?a  <isCitizenOf>  ?b	<Greisch>	<isCitizenOf>	<German_Confederation>
?a  <isLocatedIn>  ?c  ?c  <isLocatedIn>  ?b   => ?a  <isCitizenOf>  ?b	<David_Harrison_(artist)>	<isCitizenOf>	<United_Kingdom>
?a  <isLocatedIn>  ?c  ?c  <isLocatedIn>  ?b   => ?a  <isCitizenOf>  ?b	<Encantado_River>	<isCitizenOf>	<Brazil>
?a  <isLocatedIn>  ?c  ?c  <isLocatedIn>  ?b   => ?a  <isCitizenOf>  ?b	<Grampian_Transport_Museum>	<isCitizenOf>	<geoent_Scotland_2638360>
?a  <isLocatedIn>  ?c  ?c  <isLocatedIn>  ?b   => ?a  <isCitizenOf>  ?b	<Caeté_River_(Acre)>	<isCitizenOf>	<Brazil>
?a  <isLocatedIn>  ?c  ?c  <isLocatedIn>  ?b   => ?a  <isCitizenOf>  ?b	<Logan_County_Courthouse_(Ohio)>	<isCitizenOf>	<Ohio>
?a  <isLocatedIn>  ?c  ?c  <isLocatedIn>  ?b   => ?a  <isCitizenOf>  ?b	<IBX_Group>	<isCitizenOf>	<Sweden>
?a  <isLocatedIn>  ?c  ?c  <isLocatedIn>  ?b   => ?a  <isCitizenOf>  ?b	<Bojayá_massacre>	<isCitizenOf>	<geoent_Departamento_del_Chocó_3686431>
?a  <isLocatedIn>  ?c  ?c  <isLocatedIn>  ?b   => ?a  <isCitizenOf>  ?b	<UN_Plaza>	<isCitizenOf>	<Romania>
?a  <isLocatedIn>  ?c  ?c  <isLocatedIn>  ?b   => ?a  <isCitizenOf>  ?b	<Mia_Riverton>	<isCitizenOf>	<Ohio>
?a  <isLocatedIn>  ?c  ?c  <isLocatedIn>  ?b   => ?a  <isCitizenOf>  ?b	<Kistefos>	<isCitizenOf>	<Norway>
?a  <isLocatedIn>  ?c  ?c  <isLocatedIn>  ?b   => ?a  <isCitizenOf>  ?b	<Poldhu>	<isCitizenOf>	<Isles_of_Scilly>
?a  <isLocatedIn>  ?c  ?c  <isLocatedIn>  ?b   => ?a  <isCitizenOf>  ?b	<Fotomuseum>	<isCitizenOf>	<Belgium>
?c  <isLocatedIn>  ?b  ?a  <isLocatedIn>  ?c   => ?a  <isCitizenOf>  ?b	<Siede_(river)>	<isCitizenOf>	<Germany>
?c  <isLocatedIn>  ?b  ?a  <isLocatedIn>  ?c   => ?a  <isCitizenOf>  ?b	<Brightpoint>	<isCitizenOf>	<Indiana>
?c  <isLocatedIn>  ?b  ?a  <isLocatedIn>  ?c   => ?a  <isCitizenOf>  ?b	<1986_Indianapolis_500>	<isCitizenOf>	<Speedway,_Indiana>
?c  <isLocatedIn>  ?b  ?a  <isLocatedIn>  ?c   => ?a  <isCitizenOf>  ?b	<West_DeLand_Residential_District>	<isCitizenOf>	<Volusia_County,_Florida>
?c  <isLocatedIn>  ?b  ?a  <isLocatedIn>  ?c   => ?a  <isCitizenOf>  ?b	<Ruainov>	<isCitizenOf>	<geoent_Europe_6255148>
?c  <isLocatedIn>  ?b  ?a  <isLocatedIn>  ?c   => ?a  <isCitizenOf>  ?b	<3D_Realms>	<isCitizenOf>	<Texas>
?c  <isLocatedIn>  ?b  ?a  <isLocatedIn>  ?c   => ?a  <isCitizenOf>  ?b	<Anthony_Cistaro>	<isCitizenOf>	<Missouri>
?c  <isLocatedIn>  ?b  ?a  <isLocatedIn>  ?c   => ?a  <isCitizenOf>  ?b	<Queen's_Lancashire_Regiment_Museum>	<isCitizenOf>	<North_West_England>
?c  <isLocatedIn>  ?b  ?a  <isLocatedIn>  ?c   => ?a  <isCitizenOf>  ?b	<Harris,_Outer_Hebrides>	<isCitizenOf>	<Scotland>
?c  <isLocatedIn>  ?b  ?a  <isLocatedIn>  ?c   => ?a  <isCitizenOf>  ?b	<Santa_Cristina_de_Lena>	<isCitizenOf>	<Asturias>
?c  <isLocatedIn>  ?b  ?a  <isLocatedIn>  ?c   => ?a  <isCitizenOf>  ?b	<John_Schlesinger>	<isCitizenOf>	<United_Kingdom>
?c  <isLocatedIn>  ?b  ?a  <isLocatedIn>  ?c   => ?a  <isCitizenOf>  ?b	<Trans_Viking_Icebreaking_&_Offshore>	<isCitizenOf>	<Norway>
?c  <isLocatedIn>  ?b  ?a  <isLocatedIn>  ?c   => ?a  <isCitizenOf>  ?b	<WGAL>	<isCitizenOf>	<Pennsylvania>
?c  <isLocatedIn>  ?b  ?a  <isLocatedIn>  ?c   => ?a  <isCitizenOf>  ?b	<Hollywood_Casino_Lawrenceburg>	<isCitizenOf>	<Indiana>
?c  <isLocatedIn>  ?b  ?a  <isLocatedIn>  ?c   => ?a  <isCitizenOf>  ?b	<Darwen_Library>	<isCitizenOf>	<Lancashire>
?c  <isLocatedIn>  ?b  ?a  <isLocatedIn>  ?c   => ?a  <isCitizenOf>  ?b	<Asomiya_Khobor>	<isCitizenOf>	<Northeast_India>
?c  <isLocatedIn>  ?b  ?a  <isLocatedIn>  ?c   => ?a  <isCitizenOf>  ?b	<Piraquê_Açu_River>	<isCitizenOf>	<Brazil>
?c  <isLocatedIn>  ?b  ?a  <isLocatedIn>  ?c   => ?a  <isCitizenOf>  ?b	<Oelice>	<isCitizenOf>	<geoent_Europe_6255148>
?c  <isLocatedIn>  ?b  ?a  <isLocatedIn>  ?c   => ?a  <isCitizenOf>  ?b	<Estadio_Olímpico_de_Sevilla>	<isCitizenOf>	<Spain>
?c  <isLocatedIn>  ?b  ?a  <isLocatedIn>  ?c   => ?a  <isCitizenOf>  ?b	<Inhumas_River>	<isCitizenOf>	<Brazil>
?c  <isLocatedIn>  ?b  ?a  <isLocatedIn>  ?c   => ?a  <isCitizenOf>  ?b	<Romanian_Socialist_Party>	<isCitizenOf>	<Romania>
?c  <isLocatedIn>  ?b  ?a  <isLocatedIn>  ?c   => ?a  <isCitizenOf>  ?b	<Julie_Rogers_Theater>	<isCitizenOf>	<Texas>
?c  <isLocatedIn>  ?b  ?a  <isLocatedIn>  ?c   => ?a  <isCitizenOf>  ?b	<Stadion_Breite>	<isCitizenOf>	<Switzerland>
?c  <isLocatedIn>  ?b  ?a  <isLocatedIn>  ?c   => ?a  <isCitizenOf>  ?b	<Zamami_Island>	<isCitizenOf>	<geoent_Asia_6255147>
?c  <isLocatedIn>  ?b  ?a  <isLocatedIn>  ?c   => ?a  <isCitizenOf>  ?b	<Aberdeen,_South_Dakota>	<isCitizenOf>	<United_States>
?c  <isLocatedIn>  ?b  ?a  <isLocatedIn>  ?c   => ?a  <isCitizenOf>  ?b	<Angola_Horror>	<isCitizenOf>	<New_York>
?c  <isLocatedIn>  ?b  ?a  <isLocatedIn>  ?c   => ?a  <isCitizenOf>  ?b	<Tracie_Bennett>	<isCitizenOf>	<Greater_Manchester>
?c  <isLocatedIn>  ?b  ?a  <isLocatedIn>  ?c   => ?a  <isCitizenOf>  ?b	<Weitsee>	<isCitizenOf>	<Germany>
?c  <isLocatedIn>  ?b  ?a  <isLocatedIn>  ?c   => ?a  <isCitizenOf>  ?b	<Intermark_Group>	<isCitizenOf>	<Alabama>
?c  <isLocatedIn>  ?b  ?a  <isLocatedIn>  ?c   => ?a  <isCitizenOf>  ?b	<Ketchikan_Daily_News>	<isCitizenOf>	<Alaska>
?c  <livesIn>  ?a  ?c  <isCitizenOf>  ?b   => ?a  <isLocatedIn>  ?b	<Glasgow>	<isLocatedIn>	<Germany>
?c  <livesIn>  ?a  ?c  <isCitizenOf>  ?b   => ?a  <isLocatedIn>  ?b	<Columbia,_Missouri>	<isLocatedIn>	<Austria>
?c  <livesIn>  ?a  ?c  <isCitizenOf>  ?b   => ?a  <isLocatedIn>  ?b	<Kandy>	<isLocatedIn>	<Sri_Lanka>
?c  <livesIn>  ?a  ?c  <isCitizenOf>  ?b   => ?a  <isLocatedIn>  ?b	<United_Kingdom>	<isLocatedIn>	<Pakistan>
?c  <livesIn>  ?a  ?c  <isCitizenOf>  ?b   => ?a  <isLocatedIn>  ?b	<Trieste>	<isLocatedIn>	<Italy>
?c  <livesIn>  ?a  ?c  <isCitizenOf>  ?b   => ?a  <isLocatedIn>  ?b	<Geneva>	<isLocatedIn>	<United_Kingdom>
?c  <livesIn>  ?a  ?c  <isCitizenOf>  ?b   => ?a  <isLocatedIn>  ?b	<Switzerland>	<isLocatedIn>	<Austria>
?c  <livesIn>  ?a  ?c  <isCitizenOf>  ?b   => ?a  <isLocatedIn>  ?b	<United_Kingdom>	<isLocatedIn>	<Canada>
?c  <livesIn>  ?a  ?c  <isCitizenOf>  ?b   => ?a  <isLocatedIn>  ?b	<Menlo_Park,_California>	<isLocatedIn>	<Iran>
?c  <livesIn>  ?a  ?c  <isCitizenOf>  ?b   => ?a  <isLocatedIn>  ?b	<Hirakata,_Osaka>	<isLocatedIn>	<Japan>
?c  <livesIn>  ?a  ?c  <isCitizenOf>  ?b   => ?a  <isLocatedIn>  ?b	<Tehranpars>	<isLocatedIn>	<Iran>
?c  <livesIn>  ?a  ?c  <isCitizenOf>  ?b   => ?a  <isLocatedIn>  ?b	<Bangalore>	<isLocatedIn>	<India>
?c  <livesIn>  ?a  ?c  <isCitizenOf>  ?b   => ?a  <isLocatedIn>  ?b	<Brussels>	<isLocatedIn>	<Netherlands>
?c  <livesIn>  ?a  ?c  <isCitizenOf>  ?b   => ?a  <isLocatedIn>  ?b	<Washington_(U.S._state)>	<isLocatedIn>	<India>
?c  <livesIn>  ?a  ?c  <isCitizenOf>  ?b   => ?a  <isLocatedIn>  ?b	<USA>	<isLocatedIn>	<Canada>
?c  <livesIn>  ?a  ?c  <isCitizenOf>  ?b   => ?a  <isLocatedIn>  ?b	<Norwich>	<isLocatedIn>	<Brazil>
?c  <livesIn>  ?a  ?c  <isCitizenOf>  ?b   => ?a  <isLocatedIn>  ?b	<Gorey>	<isLocatedIn>	<Republic_of_Ireland>
?c  <livesIn>  ?a  ?c  <isCitizenOf>  ?b   => ?a  <isLocatedIn>  ?b	<Birmingham>	<isLocatedIn>	<United_Kingdom>
?c  <livesIn>  ?a  ?c  <isCitizenOf>  ?b   => ?a  <isLocatedIn>  ?b	<Ljubljana>	<isLocatedIn>	<Slovenia>
?c  <livesIn>  ?a  ?c  <isCitizenOf>  ?b   => ?a  <isLocatedIn>  ?b	<Calgary>	<isLocatedIn>	<Canada>
?c  <livesIn>  ?a  ?c  <isCitizenOf>  ?b   => ?a  <isLocatedIn>  ?b	<Milan>	<isLocatedIn>	<Italy>
?c  <livesIn>  ?a  ?c  <isCitizenOf>  ?b   => ?a  <isLocatedIn>  ?b	<Oundle>	<isLocatedIn>	<England>
?c  <livesIn>  ?a  ?c  <isCitizenOf>  ?b   => ?a  <isLocatedIn>  ?b	<Canada>	<isLocatedIn>	<Japan>
?c  <livesIn>  ?a  ?c  <isCitizenOf>  ?b   => ?a  <isLocatedIn>  ?b	<Chennai>	<isLocatedIn>	<India>
?c  <livesIn>  ?a  ?c  <isCitizenOf>  ?b   => ?a  <isLocatedIn>  ?b	<Accokeek_(plantation)>	<isLocatedIn>	<Kingdom_of_England>
?c  <livesIn>  ?a  ?c  <isCitizenOf>  ?b   => ?a  <isLocatedIn>  ?b	<New_York_City>	<isLocatedIn>	<People's_Republic_of_China>
?c  <livesIn>  ?a  ?c  <isCitizenOf>  ?b   => ?a  <isLocatedIn>  ?b	<Lyon>	<isLocatedIn>	<France>
?c  <livesIn>  ?a  ?c  <isCitizenOf>  ?b   => ?a  <isLocatedIn>  ?b	<USA>	<isLocatedIn>	<Sweden>
?c  <livesIn>  ?a  ?c  <isCitizenOf>  ?b   => ?a  <isLocatedIn>  ?b	<Eaglescliffe>	<isLocatedIn>	<United_Kingdom>
?c  <livesIn>  ?a  ?c  <isCitizenOf>  ?b   => ?a  <isLocatedIn>  ?b	<Huysburg>	<isLocatedIn>	<Prussia>
?c  <isLocatedIn>  ?a  ?c  <isCitizenOf>  ?b   => ?a  <isLocatedIn>  ?b	<New_York_City>	<isLocatedIn>	<Puerto_Rico>
?c  <isLocatedIn>  ?a  ?c  <isCitizenOf>  ?b   => ?a  <isLocatedIn>  ?b	<Karlsruhe>	<isLocatedIn>	<Germany>
?c  <isLocatedIn>  ?a  ?c  <isCitizenOf>  ?b   => ?a  <isLocatedIn>  ?b	<York>	<isLocatedIn>	<United_Kingdom>
?c  <isLocatedIn>  ?a  ?c  <isCitizenOf>  ?b   => ?a  <isLocatedIn>  ?b	<Victoria,_British_Columbia>	<isLocatedIn>	<Canada>
?c  <isLocatedIn>  ?a  ?c  <isCitizenOf>  ?b   => ?a  <isLocatedIn>  ?b	<Creston,_British_Columbia>	<isLocatedIn>	<Canada>
?c  <isLocatedIn>  ?a  ?c  <isCitizenOf>  ?b   => ?a  <isLocatedIn>  ?b	<Kristianstad>	<isLocatedIn>	<Sweden>
?c  <isLocatedIn>  ?a  ?c  <isCitizenOf>  ?b   => ?a  <isLocatedIn>  ?b	<Wapping>	<isLocatedIn>	<United_Kingdom>
?c  <isLocatedIn>  ?a  ?c  <isCitizenOf>  ?b   => ?a  <isLocatedIn>  ?b	<Norfolk>	<isLocatedIn>	<England>
?c  <isLocatedIn>  ?a  ?c  <isCitizenOf>  ?b   => ?a  <isLocatedIn>  ?b	<Kutná_Hora>	<isLocatedIn>	<Czech_Republic>
?c  <isLocatedIn>  ?a  ?c  <isCitizenOf>  ?b   => ?a  <isLocatedIn>  ?b	<Oudenaarde>	<isLocatedIn>	<Belgium>
?c  <isLocatedIn>  ?a  ?c  <isCitizenOf>  ?b   => ?a  <isLocatedIn>  ?b	<Caracas>	<isLocatedIn>	<Canada>
?c  <isLocatedIn>  ?a  ?c  <isCitizenOf>  ?b   => ?a  <isLocatedIn>  ?b	<Knowle,_Devon>	<isLocatedIn>	<England>
?c  <isLocatedIn>  ?a  ?c  <isCitizenOf>  ?b   => ?a  <isLocatedIn>  ?b	<Kalmar>	<isLocatedIn>	<Sweden>
?c  <isLocatedIn>  ?a  ?c  <isCitizenOf>  ?b   => ?a  <isLocatedIn>  ?b	<Shangqiu>	<isLocatedIn>	<People's_Republic_of_China>
?c  <isLocatedIn>  ?a  ?c  <isCitizenOf>  ?b   => ?a  <isLocatedIn>  ?b	<Denizli>	<isLocatedIn>	<Holland>
?c  <isLocatedIn>  ?a  ?c  <isCitizenOf>  ?b   => ?a  <isLocatedIn>  ?b	<Stretford>	<isLocatedIn>	<United_Kingdom>
?c  <isLocatedIn>  ?a  ?c  <isCitizenOf>  ?b   => ?a  <isLocatedIn>  ?b	<KoDskowola>	<isLocatedIn>	<Poland>
?c  <isLocatedIn>  ?a  ?c  <isCitizenOf>  ?b   => ?a  <isLocatedIn>  ?b	<Namur_(city)>	<isLocatedIn>	<Belgium>
?c  <isLocatedIn>  ?a  ?c  <isCitizenOf>  ?b   => ?a  <isLocatedIn>  ?b	<Epsom>	<isLocatedIn>	<United_Kingdom>
?c  <isLocatedIn>  ?a  ?c  <isCitizenOf>  ?b   => ?a  <isLocatedIn>  ?b	<Bolton>	<isLocatedIn>	<England>
?c  <isLocatedIn>  ?a  ?c  <isCitizenOf>  ?b   => ?a  <isLocatedIn>  ?b	<Cadishead>	<isLocatedIn>	<England>
?c  <isLocatedIn>  ?a  ?c  <isCitizenOf>  ?b   => ?a  <isLocatedIn>  ?b	<Zaandam>	<isLocatedIn>	<Netherlands>
?c  <isLocatedIn>  ?a  ?c  <isCitizenOf>  ?b   => ?a  <isLocatedIn>  ?b	<Miyagi_Prefecture>	<isLocatedIn>	<Japan>
?c  <isLocatedIn>  ?a  ?c  <isCitizenOf>  ?b   => ?a  <isLocatedIn>  ?b	<Koblenz>	<isLocatedIn>	<Germany>
?c  <isLocatedIn>  ?a  ?c  <isCitizenOf>  ?b   => ?a  <isLocatedIn>  ?b	<rnomelj>	<isLocatedIn>	<Croatia>
?c  <isLocatedIn>  ?a  ?c  <isCitizenOf>  ?b   => ?a  <isLocatedIn>  ?b	<Hoogkarspel>	<isLocatedIn>	<Netherlands>
?c  <isLocatedIn>  ?a  ?c  <isCitizenOf>  ?b   => ?a  <isLocatedIn>  ?b	<Sint-Truiden>	<isLocatedIn>	<Belgium>
?c  <isLocatedIn>  ?a  ?c  <isCitizenOf>  ?b   => ?a  <isLocatedIn>  ?b	<Kazan>	<isLocatedIn>	<Russia>
?c  <isLocatedIn>  ?a  ?c  <isCitizenOf>  ?b   => ?a  <isLocatedIn>  ?b	<Mechelen>	<isLocatedIn>	<Belgium>
?c  <isLocatedIn>  ?a  ?c  <isCitizenOf>  ?b   => ?a  <isLocatedIn>  ?b	<Åtvidaberg>	<isLocatedIn>	<Sweden>
?a  <isCitizenOf>  ?c  ?c  <hasCapital>  ?b   => ?a  <diedIn>  ?b	<Sean_Banan>	<diedIn>	<Stockholm>
?a  <isCitizenOf>  ?c  ?c  <hasCapital>  ?b   => ?a  <diedIn>  ?b	<Werner_Hildenbrand>	<diedIn>	<Berlin>
?a  <isCitizenOf>  ?c  ?c  <hasCapital>  ?b   => ?a  <diedIn>  ?b	<Roberto_Giacobbo>	<diedIn>	<Rome>
?a  <isCitizenOf>  ?c  ?c  <hasCapital>  ?b   => ?a  <diedIn>  ?b	<Andrew_Berry>	<diedIn>	<London>
?a  <isCitizenOf>  ?c  ?c  <hasCapital>  ?b   => ?a  <diedIn>  ?b	<Charles_Beattie>	<diedIn>	<London>
?a  <isCitizenOf>  ?c  ?c  <hasCapital>  ?b   => ?a  <diedIn>  ?b	<Klaus_Traube>	<diedIn>	<Berlin>
?a  <isCitizenOf>  ?c  ?c  <hasCapital>  ?b   => ?a  <diedIn>  ?b	<Utu_Abe_Malae>	<diedIn>	<Pago_Pago>
?a  <isCitizenOf>  ?c  ?c  <hasCapital>  ?b   => ?a  <diedIn>  ?b	<Tom_Boardman_(racing_driver)>	<diedIn>	<London>
?a  <isCitizenOf>  ?c  ?c  <hasCapital>  ?b   => ?a  <diedIn>  ?b	<C._N._S._Iyengar>	<diedIn>	<New_Delhi>
?a  <isCitizenOf>  ?c  ?c  <hasCapital>  ?b   => ?a  <diedIn>  ?b	<Peter_Davies_(politician)>	<diedIn>	<London>
?a  <isCitizenOf>  ?c  ?c  <hasCapital>  ?b   => ?a  <diedIn>  ?b	<Khaled_bin_Talal_bin_Abdul_Aziz_Al_Saud>	<diedIn>	<Riyadh>
?a  <isCitizenOf>  ?c  ?c  <hasCapital>  ?b   => ?a  <diedIn>  ?b	<Charles_Frédéric_Gerhardt>	<diedIn>	<Paris>
?a  <isCitizenOf>  ?c  ?c  <hasCapital>  ?b   => ?a  <diedIn>  ?b	<Lionel_Edwards>	<diedIn>	<London>
?a  <isCitizenOf>  ?c  ?c  <hasCapital>  ?b   => ?a  <diedIn>  ?b	<Maurice_Trintignant>	<diedIn>	<Paris>
?a  <isCitizenOf>  ?c  ?c  <hasCapital>  ?b   => ?a  <diedIn>  ?b	<Siim-Valmar_Kiisler>	<diedIn>	<Tallinn>
?a  <isCitizenOf>  ?c  ?c  <hasCapital>  ?b   => ?a  <diedIn>  ?b	<Janko_Prunk>	<diedIn>	<Ljubljana>
?a  <isCitizenOf>  ?c  ?c  <hasCapital>  ?b   => ?a  <diedIn>  ?b	<Kenneth_Bjerre>	<diedIn>	<Copenhagen>
?a  <isCitizenOf>  ?c  ?c  <hasCapital>  ?b   => ?a  <diedIn>  ?b	<Andriy_Slyusarchuk>	<diedIn>	<Kiev>
?a  <isCitizenOf>  ?c  ?c  <hasCapital>  ?b   => ?a  <diedIn>  ?b	<Paul_Koebe>	<diedIn>	<Berlin>
?a  <isCitizenOf>  ?c  ?c  <hasCapital>  ?b   => ?a  <diedIn>  ?b	<Frederick_Stratten_Russell>	<diedIn>	<London>
?a  <isCitizenOf>  ?c  ?c  <hasCapital>  ?b   => ?a  <diedIn>  ?b	<Tanel_Sokk>	<diedIn>	<Tallinn>
?a  <isCitizenOf>  ?c  ?c  <hasCapital>  ?b   => ?a  <diedIn>  ?b	<Alex_MacDowall>	<diedIn>	<London>
?a  <isCitizenOf>  ?c  ?c  <hasCapital>  ?b   => ?a  <diedIn>  ?b	<Bob_Berridge>	<diedIn>	<London>
?a  <isCitizenOf>  ?c  ?c  <hasCapital>  ?b   => ?a  <diedIn>  ?b	<Hugh_Pigot_(Royal_Navy_captain)>	<diedIn>	<London>
?a  <isCitizenOf>  ?c  ?c  <hasCapital>  ?b   => ?a  <diedIn>  ?b	<Assem_Hammoud>	<diedIn>	<Beirut>
?a  <isCitizenOf>  ?c  ?c  <hasCapital>  ?b   => ?a  <diedIn>  ?b	<Samuel_Bowly>	<diedIn>	<London>
?a  <isCitizenOf>  ?c  ?c  <hasCapital>  ?b   => ?a  <diedIn>  ?b	<Samuel_Pisar>	<diedIn>	<Warsaw>
?a  <isCitizenOf>  ?c  ?c  <hasCapital>  ?b   => ?a  <diedIn>  ?b	<Edward_Charles_Titchmarsh>	<diedIn>	<London>
?a  <isCitizenOf>  ?c  ?c  <hasCapital>  ?b   => ?a  <diedIn>  ?b	<Zadie_Smith>	<diedIn>	<London>
?a  <isCitizenOf>  ?c  ?c  <hasCapital>  ?b   => ?a  <diedIn>  ?b	<William_Lummis>	<diedIn>	<London>
?a  <isMarriedTo>  ?c  ?c  <graduatedFrom>  ?b   => ?a  <graduatedFrom>  ?b	<Soong_Ching-ling>	<graduatedFrom>	<Hong_Kong_College_of_Medicine_for_Chinese>
?a  <isMarriedTo>  ?c  ?c  <graduatedFrom>  ?b   => ?a  <graduatedFrom>  ?b	<Emer_Costello>	<graduatedFrom>	<St_Patrick's_College,_Maynooth>
?a  <isMarriedTo>  ?c  ?c  <graduatedFrom>  ?b   => ?a  <graduatedFrom>  ?b	<Wan_Azizah_Wan_Ismail>	<graduatedFrom>	<University_of_Malaya>
?a  <isMarriedTo>  ?c  ?c  <graduatedFrom>  ?b   => ?a  <graduatedFrom>  ?b	<Stephene_Moore>	<graduatedFrom>	<Southern_Methodist_University>
?a  <isMarriedTo>  ?c  ?c  <graduatedFrom>  ?b   => ?a  <graduatedFrom>  ?b	<Barack_Obama>	<graduatedFrom>	<Princeton_University>
?a  <isMarriedTo>  ?c  ?c  <graduatedFrom>  ?b   => ?a  <graduatedFrom>  ?b	<Sharon_Davis>	<graduatedFrom>	<Stanford_University>
?a  <isMarriedTo>  ?c  ?c  <graduatedFrom>  ?b   => ?a  <graduatedFrom>  ?b	<Edith_Bolling_Galt_Wilson>	<graduatedFrom>	<Princeton_University>
?a  <isMarriedTo>  ?c  ?c  <graduatedFrom>  ?b   => ?a  <graduatedFrom>  ?b	<Jessie_Benton_Frémont>	<graduatedFrom>	<College_of_Charleston>
?a  <isMarriedTo>  ?c  ?c  <graduatedFrom>  ?b   => ?a  <graduatedFrom>  ?b	<Ellen_Axson_Wilson>	<graduatedFrom>	<Princeton_University>
?a  <isMarriedTo>  ?c  ?c  <graduatedFrom>  ?b   => ?a  <graduatedFrom>  ?b	<Mariane_Pearl>	<graduatedFrom>	<Stanford_University>
?a  <isMarriedTo>  ?c  ?c  <graduatedFrom>  ?b   => ?a  <graduatedFrom>  ?b	<Ava_Helen_Pauling>	<graduatedFrom>	<Oregon_State_University>
?a  <isMarriedTo>  ?c  ?c  <graduatedFrom>  ?b   => ?a  <graduatedFrom>  ?b	<Ellen_Weiss>	<graduatedFrom>	<Cornell_University>
?a  <isMarriedTo>  ?c  ?c  <graduatedFrom>  ?b   => ?a  <graduatedFrom>  ?b	<Tom_Anderson_(politician)>	<graduatedFrom>	<Willamette_University>
?a  <isMarriedTo>  ?c  ?c  <graduatedFrom>  ?b   => ?a  <graduatedFrom>  ?b	<Carola_B._Eisenberg>	<graduatedFrom>	<University_of_Pennsylvania>
?a  <isMarriedTo>  ?c  ?c  <graduatedFrom>  ?b   => ?a  <graduatedFrom>  ?b	<Coretta_Scott_King>	<graduatedFrom>	<Morehouse_College>
?a  <isMarriedTo>  ?c  ?c  <graduatedFrom>  ?b   => ?a  <graduatedFrom>  ?b	<Cheddi_Jagan>	<graduatedFrom>	<Northwestern_University>
?a  <isMarriedTo>  ?c  ?c  <graduatedFrom>  ?b   => ?a  <graduatedFrom>  ?b	<Pat_Nixon>	<graduatedFrom>	<Whittier_College>
?a  <isMarriedTo>  ?c  ?c  <graduatedFrom>  ?b   => ?a  <graduatedFrom>  ?b	<Corazon_Aquino>	<graduatedFrom>	<University_of_the_Philippines>
?a  <isMarriedTo>  ?c  ?c  <graduatedFrom>  ?b   => ?a  <graduatedFrom>  ?b	<Liz_Rosenberg>	<graduatedFrom>	<Washington_University_in_St._Louis>
?a  <isMarriedTo>  ?c  ?c  <graduatedFrom>  ?b   => ?a  <graduatedFrom>  ?b	<Josie_Fitial>	<graduatedFrom>	<University_of_Guam>
?a  <isMarriedTo>  ?c  ?c  <graduatedFrom>  ?b   => ?a  <graduatedFrom>  ?b	<Presidency_of_George_W._Bush>	<graduatedFrom>	<Southern_Methodist_University>
?a  <isMarriedTo>  ?c  ?c  <graduatedFrom>  ?b   => ?a  <graduatedFrom>  ?b	<Madeleine_Astor>	<graduatedFrom>	<Harvard_University>
?a  <isMarriedTo>  ?c  ?c  <graduatedFrom>  ?b   => ?a  <graduatedFrom>  ?b	<Howard_Baker>	<graduatedFrom>	<University_of_Kansas>
?a  <isMarriedTo>  ?c  ?c  <graduatedFrom>  ?b   => ?a  <graduatedFrom>  ?b	<Jared_Kushner>	<graduatedFrom>	<University_of_Pennsylvania>
?a  <isMarriedTo>  ?c  ?c  <graduatedFrom>  ?b   => ?a  <graduatedFrom>  ?b	<Kostas_Karamanlis>	<graduatedFrom>	<Aristotle_University_of_Thessaloniki>
?a  <isMarriedTo>  ?c  ?c  <graduatedFrom>  ?b   => ?a  <graduatedFrom>  ?b	<Maria_KaczyDska>	<graduatedFrom>	<University_of_Warsaw>
?a  <isMarriedTo>  ?c  ?c  <graduatedFrom>  ?b   => ?a  <graduatedFrom>  ?b	<George_W._Bush_as_Governor_of_Texas>	<graduatedFrom>	<Southern_Methodist_University>
?a  <isMarriedTo>  ?c  ?c  <graduatedFrom>  ?b   => ?a  <graduatedFrom>  ?b	<Elizabeth_Taylor>	<graduatedFrom>	<George_Washington_University>
?a  <isMarriedTo>  ?c  ?c  <graduatedFrom>  ?b   => ?a  <graduatedFrom>  ?b	<Eva_Köhler>	<graduatedFrom>	<University_of_Tübingen>
?a  <isMarriedTo>  ?c  ?c  <graduatedFrom>  ?b   => ?a  <graduatedFrom>  ?b	<Carole_Crist>	<graduatedFrom>	<Wake_Forest_University>
?c  <isMarriedTo>  ?a  ?c  <graduatedFrom>  ?b   => ?a  <graduatedFrom>  ?b	<Deborah_Pratt>	<graduatedFrom>	<Pennsylvania_State_University>
?c  <isMarriedTo>  ?a  ?c  <graduatedFrom>  ?b   => ?a  <graduatedFrom>  ?b	<Lin_Huiyin>	<graduatedFrom>	<Tsinghua_University>
?c  <isMarriedTo>  ?a  ?c  <graduatedFrom>  ?b   => ?a  <graduatedFrom>  ?b	<Frances_Adeline_Seward>	<graduatedFrom>	<Union_College>
?c  <isMarriedTo>  ?a  ?c  <graduatedFrom>  ?b   => ?a  <graduatedFrom>  ?b	<Anne_Fausto-Sterling>	<graduatedFrom>	<The_Catholic_University_of_America>
?c  <isMarriedTo>  ?a  ?c  <graduatedFrom>  ?b   => ?a  <graduatedFrom>  ?b	<Grace_Coolidge>	<graduatedFrom>	<Amherst_College>
?c  <isMarriedTo>  ?a  ?c  <graduatedFrom>  ?b   => ?a  <graduatedFrom>  ?b	<Millicent_Hearst>	<graduatedFrom>	<Harvard_University>
?c  <isMarriedTo>  ?a  ?c  <graduatedFrom>  ?b   => ?a  <graduatedFrom>  ?b	<Tim_Pawlenty>	<graduatedFrom>	<Bethel_University_(Minnesota)>
?c  <isMarriedTo>  ?a  ?c  <graduatedFrom>  ?b   => ?a  <graduatedFrom>  ?b	<Eliane_Karp>	<graduatedFrom>	<University_of_San_Francisco>
?c  <isMarriedTo>  ?a  ?c  <graduatedFrom>  ?b   => ?a  <graduatedFrom>  ?b	<Graça_Machel>	<graduatedFrom>	<University_of_Fort_Hare>
?c  <isMarriedTo>  ?a  ?c  <graduatedFrom>  ?b   => ?a  <graduatedFrom>  ?b	<Maria_Shriver>	<graduatedFrom>	<Santa_Monica_College>
?c  <isMarriedTo>  ?a  ?c  <graduatedFrom>  ?b   => ?a  <graduatedFrom>  ?b	<Hershey_Felder>	<graduatedFrom>	<University_of_British_Columbia>
?c  <isMarriedTo>  ?a  ?c  <graduatedFrom>  ?b   => ?a  <graduatedFrom>  ?b	<Bettina_Wulff>	<graduatedFrom>	<University_of_Osnabrück>
?c  <isMarriedTo>  ?a  ?c  <graduatedFrom>  ?b   => ?a  <graduatedFrom>  ?b	<Hannelore_Kohl>	<graduatedFrom>	<University_of_Heidelberg>
?c  <isMarriedTo>  ?a  ?c  <graduatedFrom>  ?b   => ?a  <graduatedFrom>  ?b	<Helen_Gamboa>	<graduatedFrom>	<Colegio_de_San_Juan_de_Letran>
?c  <isMarriedTo>  ?a  ?c  <graduatedFrom>  ?b   => ?a  <graduatedFrom>  ?b	<Maha_Elsamnah>	<graduatedFrom>	<University_of_Ottawa>
?c  <isMarriedTo>  ?a  ?c  <graduatedFrom>  ?b   => ?a  <graduatedFrom>  ?b	<Ibrahim_Babangida>	<graduatedFrom>	<La_Salle_Extension_University>
?c  <isMarriedTo>  ?a  ?c  <graduatedFrom>  ?b   => ?a  <graduatedFrom>  ?b	<Kusuma_Karunaratne>	<graduatedFrom>	<University_of_Ceylon>
?c  <isMarriedTo>  ?a  ?c  <graduatedFrom>  ?b   => ?a  <graduatedFrom>  ?b	<Dina_Matos_McGreevey>	<graduatedFrom>	<Harvard_University>
?c  <isMarriedTo>  ?a  ?c  <graduatedFrom>  ?b   => ?a  <graduatedFrom>  ?b	<Mark_E._Kelly>	<graduatedFrom>	<Cornell_University>
?c  <isMarriedTo>  ?a  ?c  <graduatedFrom>  ?b   => ?a  <graduatedFrom>  ?b	<Janet_Langhart>	<graduatedFrom>	<Bowdoin_College>
?c  <isMarriedTo>  ?a  ?c  <graduatedFrom>  ?b   => ?a  <graduatedFrom>  ?b	<Victoria_Nuland>	<graduatedFrom>	<Yale_University>
?c  <isMarriedTo>  ?a  ?c  <graduatedFrom>  ?b   => ?a  <graduatedFrom>  ?b	<Richard_C._Blum>	<graduatedFrom>	<Stanford_University>
?c  <isMarriedTo>  ?a  ?c  <graduatedFrom>  ?b   => ?a  <graduatedFrom>  ?b	<Peter_Jay>	<graduatedFrom>	<Somerville_College,_Oxford>
?c  <isMarriedTo>  ?a  ?c  <graduatedFrom>  ?b   => ?a  <graduatedFrom>  ?b	<Carla_Bruni>	<graduatedFrom>	<Paris_West_University_Nanterre_La_Défense>
?c  <isMarriedTo>  ?a  ?c  <graduatedFrom>  ?b   => ?a  <graduatedFrom>  ?b	<Shahnaz_Pahlavi>	<graduatedFrom>	<Utah_State_University>
?c  <isMarriedTo>  ?a  ?c  <graduatedFrom>  ?b   => ?a  <graduatedFrom>  ?b	<Dimitra_Liani>	<graduatedFrom>	<Harvard_University>
?c  <isMarriedTo>  ?a  ?c  <graduatedFrom>  ?b   => ?a  <graduatedFrom>  ?b	<Aristotle_Onassis>	<graduatedFrom>	<Vassar_College>
?c  <isMarriedTo>  ?a  ?c  <graduatedFrom>  ?b   => ?a  <graduatedFrom>  ?b	<Lurleen_Wallace>	<graduatedFrom>	<University_of_Alabama>
?c  <isMarriedTo>  ?a  ?c  <graduatedFrom>  ?b   => ?a  <graduatedFrom>  ?b	<Theodore_Dwight_Woolsey>	<graduatedFrom>	<Yale_University>
?c  <isMarriedTo>  ?a  ?c  <graduatedFrom>  ?b   => ?a  <graduatedFrom>  ?b	<John_Bessler>	<graduatedFrom>	<Yale_University>
?a  <livesIn>  ?c  ?c  <isLocatedIn>  ?b   => ?a  <isCitizenOf>  ?b	<Peter_Butler_(surgeon)>	<isCitizenOf>	<United_Kingdom>
