?a  <isMarriedTo>  ?c  ?c  <livesIn>  ?b   => ?a  <livesIn>  ?b	<Nicholas_Newman>	<livesIn>	<Genoa_City_(fictional_city)>	TargetSource	True
?a  <isCitizenOf>  ?c  ?c  <hasCapital>  ?b   => ?a  <diedIn>  ?b	<Kaspars_BrziFa>	<diedIn>	<Riga>	TrainingSource	False
?a  <isCitizenOf>  ?c  ?c  <hasCapital>  ?b   => ?a  <diedIn>  ?b	<Michele_Mari>	<diedIn>	<Rome>	TrainingSource	False
?a  <isCitizenOf>  ?c  ?c  <hasCapital>  ?b   => ?a  <diedIn>  ?b	<Claudio_Lusuardi>	<diedIn>	<Rome>	TrainingSource	False
?a  <isCitizenOf>  ?c  ?c  <hasCapital>  ?b   => ?a  <diedIn>  ?b	<Bill_Rebane>	<diedIn>	<Riga>	TrainingSource	False
?a  <isCitizenOf>  ?c  ?c  <hasCapital>  ?b   => ?a  <diedIn>  ?b	<Félix_Vicq-d'Azyr>	<diedIn>	<Paris>	TrainingSource	False
?a  <isCitizenOf>  ?c  ?c  <hasCapital>  ?b   => ?a  <diedIn>  ?b	<Yoshiaki_Arata>	<diedIn>	<Tokyo>	TrainingSource	False
?a  <isCitizenOf>  ?c  ?c  <hasCapital>  ?b   => ?a  <diedIn>  ?b	<David_Dedek>	<diedIn>	<Ljubljana>	TargetSource	False
?a  <isCitizenOf>  ?c  ?c  <hasCapital>  ?b   => ?a  <diedIn>  ?b	<Robert_V._Jackson>	<diedIn>	<London>	TrainingSource	False
?a  <isCitizenOf>  ?c  ?c  <hasCapital>  ?b   => ?a  <diedIn>  ?b	<André_Masson>	<diedIn>	<Paris>	TargetSource	True
?a  <isCitizenOf>  ?c  ?c  <hasCapital>  ?b   => ?a  <diedIn>  ?b	<Yashwant_Vithoba_Chittal>	<diedIn>	<New_Delhi>	TrainingSource	False
?a  <isCitizenOf>  ?c  ?c  <hasCapital>  ?b   => ?a  <diedIn>  ?b	<Lorenzo_Zanetti>	<diedIn>	<Rome>	TrainingSource	False
?a  <isCitizenOf>  ?c  ?c  <hasCapital>  ?b   => ?a  <diedIn>  ?b	<Sajjan_Jindal>	<diedIn>	<New_Delhi>	TrainingSource	False
?a  <isCitizenOf>  ?c  ?c  <hasCapital>  ?b   => ?a  <diedIn>  ?b	<Lodovico_Ferrari>	<diedIn>	<Rome>	TrainingSource	False
?a  <isCitizenOf>  ?c  ?c  <hasCapital>  ?b   => ?a  <diedIn>  ?b	<Kundurti_Anjaneyulu>	<diedIn>	<New_Delhi>	TrainingSource	False
?a  <isCitizenOf>  ?c  ?c  <hasCapital>  ?b   => ?a  <diedIn>  ?b	<Immanuel_Jakobovits,_Baron_Jakobovits>	<diedIn>	<London>	TrainingSource	False
?a  <isCitizenOf>  ?c  ?c  <hasCapital>  ?b   => ?a  <diedIn>  ?b	<Peter_Johansson_(motorcyclist)>	<diedIn>	<Stockholm>	TrainingSource	False
?a  <isCitizenOf>  ?c  ?c  <hasCapital>  ?b   => ?a  <diedIn>  ?b	<Ian_Austin_(politician)>	<diedIn>	<London>	TrainingSource	False
?a  <isCitizenOf>  ?c  ?c  <hasCapital>  ?b   => ?a  <diedIn>  ?b	<Harriet_Mead>	<diedIn>	<London>	TrainingSource	False
?a  <isCitizenOf>  ?c  ?c  <hasCapital>  ?b   => ?a  <diedIn>  ?b	<David_Rubinger>	<diedIn>	<Jerusalem>	TrainingSource	False
?a  <isCitizenOf>  ?c  ?c  <hasCapital>  ?b   => ?a  <diedIn>  ?b	<William_"Tiger"_Dunlop>	<diedIn>	<London>	TrainingSource	False
?a  <isCitizenOf>  ?c  ?c  <hasCapital>  ?b   => ?a  <diedIn>  ?b	<Guido_Zappa>	<diedIn>	<Rome>	TrainingSource	False
?a  <isCitizenOf>  ?c  ?c  <hasCapital>  ?b   => ?a  <diedIn>  ?b	<Frank_Hampson>	<diedIn>	<London>	TrainingSource	False
?a  <isCitizenOf>  ?c  ?c  <hasCapital>  ?b   => ?a  <diedIn>  ?b	<Ludwig_Prandtl>	<diedIn>	<Berlin>	TrainingSource	False
?a  <isCitizenOf>  ?c  ?c  <hasCapital>  ?b   => ?a  <diedIn>  ?b	<Vegard_Samdahl>	<diedIn>	<Oslo>	TrainingSource	False
?a  <isCitizenOf>  ?c  ?c  <hasCapital>  ?b   => ?a  <diedIn>  ?b	<Gerrit_de_Graeff_(I.)_van_Zuid-Polsbroek>	<diedIn>	<Amsterdam>	TrainingSource	False
?a  <dealsWith>  ?c  ?c  <hasCurrency>  ?b   => ?a  <hasCurrency>  ?b	<Bolivia>	<hasCurrency>	<Japanese_yen>	TrainingSource	False
?a  <dealsWith>  ?c  ?c  <hasCurrency>  ?b   => ?a  <hasCurrency>  ?b	<Bolivia>	<hasCurrency>	<Brazilian_real>	TrainingSource	False
?a  <dealsWith>  ?c  ?c  <hasCurrency>  ?b   => ?a  <hasCurrency>  ?b	<Thailand>	<hasCurrency>	<Singapore_dollar>	TrainingSource	False
?a  <dealsWith>  ?c  ?c  <hasCurrency>  ?b   => ?a  <hasCurrency>  ?b	<Brazil>	<hasCurrency>	<Renminbi>	TrainingSource	False
?a  <dealsWith>  ?c  ?c  <hasCurrency>  ?b   => ?a  <hasCurrency>  ?b	<Niger>	<hasCurrency>	<CFP_franc>	TrainingSource	False
?a  <dealsWith>  ?c  ?c  <hasCurrency>  ?b   => ?a  <hasCurrency>  ?b	<Moldova>	<hasCurrency>	<Ukrainian_hryvnia>	TrainingSource	False
?a  <dealsWith>  ?c  ?c  <hasCurrency>  ?b   => ?a  <hasCurrency>  ?b	<Philippines>	<hasCurrency>	<Hong_Kong_dollar>	TrainingSource	False
?a  <dealsWith>  ?c  ?c  <hasCurrency>  ?b   => ?a  <hasCurrency>  ?b	<Ukraine>	<hasCurrency>	<Russian_ruble>	TrainingSource	False
?a  <dealsWith>  ?c  ?c  <hasCurrency>  ?b   => ?a  <hasCurrency>  ?b	<Mexico>	<hasCurrency>	<Canadian_dollar>	TrainingSource	False
?a  <dealsWith>  ?c  ?c  <hasCurrency>  ?b   => ?a  <hasCurrency>  ?b	<Kenya>	<hasCurrency>	<Tanzanian_shilling>	TrainingSource	False
?a  <dealsWith>  ?c  ?c  <hasCurrency>  ?b   => ?a  <hasCurrency>  ?b	<Cape_Verde>	<hasCurrency>	<Brazilian_real>	TrainingSource	False
?a  <dealsWith>  ?c  ?c  <hasCurrency>  ?b   => ?a  <hasCurrency>  ?b	<Afghanistan>	<hasCurrency>	<Russian_ruble>	TrainingSource	False
?a  <dealsWith>  ?c  ?c  <hasCurrency>  ?b   => ?a  <hasCurrency>  ?b	<Ethiopia>	<hasCurrency>	<Renminbi>	TrainingSource	False
?a  <dealsWith>  ?c  ?c  <hasCurrency>  ?b   => ?a  <hasCurrency>  ?b	<Australia>	<hasCurrency>	<Malaysian_ringgit>	TrainingSource	False
?a  <dealsWith>  ?c  ?c  <hasCurrency>  ?b   => ?a  <hasCurrency>  ?b	<Slovakia>	<hasCurrency>	<Russian_ruble>	TrainingSource	False
?a  <dealsWith>  ?c  ?c  <hasCurrency>  ?b   => ?a  <hasCurrency>  ?b	<Liberia>	<hasCurrency>	<Renminbi>	TrainingSource	False
?a  <dealsWith>  ?c  ?c  <hasCurrency>  ?b   => ?a  <hasCurrency>  ?b	<Brazil>	<hasCurrency>	<Japanese_yen>	TrainingSource	False
?a  <dealsWith>  ?c  ?c  <hasCurrency>  ?b   => ?a  <hasCurrency>  ?b	<Ghana>	<hasCurrency>	<Pound_sterling>	TrainingSource	False
?a  <dealsWith>  ?c  ?c  <hasCurrency>  ?b   => ?a  <hasCurrency>  ?b	<Liberia>	<hasCurrency>	<Norwegian_krone>	TrainingSource	False
?a  <dealsWith>  ?c  ?c  <hasCurrency>  ?b   => ?a  <hasCurrency>  ?b	<Singapore>	<hasCurrency>	<Japanese_yen>	TrainingSource	False
?a  <dealsWith>  ?c  ?c  <hasCurrency>  ?b   => ?a  <hasCurrency>  ?b	<Guinea-Bissau>	<hasCurrency>	<Renminbi>	TrainingSource	False
?a  <dealsWith>  ?c  ?c  <hasCurrency>  ?b   => ?a  <hasCurrency>  ?b	<Puerto_Rico>	<hasCurrency>	<Japanese_yen>	TrainingSource	False
?a  <dealsWith>  ?c  ?c  <hasCurrency>  ?b   => ?a  <hasCurrency>  ?b	<Iceland>	<hasCurrency>	<Danish_krone>	TrainingSource	False
?a  <dealsWith>  ?c  ?c  <hasCurrency>  ?b   => ?a  <hasCurrency>  ?b	<Liberia>	<hasCurrency>	<Malaysian_ringgit>	TrainingSource	False
?a  <dealsWith>  ?c  ?c  <hasCurrency>  ?b   => ?a  <hasCurrency>  ?b	<Czech_Republic>	<hasCurrency>	<Russian_ruble>	TrainingSource	False
?a  <dealsWith>  ?c  ?c  <hasCurrency>  ?b   => ?a  <hasCurrency>  ?b	<Burma>	<hasCurrency>	<Thai_baht>	TrainingSource	False
?a  <dealsWith>  ?c  ?c  <hasCurrency>  ?b   => ?a  <hasCurrency>  ?b	<Sweden>	<hasCurrency>	<Norwegian_krone>	TrainingSource	False
?a  <dealsWith>  ?c  ?c  <hasCurrency>  ?b   => ?a  <hasCurrency>  ?b	<Azerbaijan>	<hasCurrency>	<Japanese_yen>	TrainingSource	False
?a  <dealsWith>  ?c  ?c  <hasCurrency>  ?b   => ?a  <hasCurrency>  ?b	<Australia>	<hasCurrency>	<Thai_baht>	TrainingSource	False
?a  <dealsWith>  ?c  ?c  <hasCurrency>  ?b   => ?a  <hasCurrency>  ?b	<Panama>	<hasCurrency>	<Japanese_yen>	TrainingSource	False
?a  <hasChild>  ?c  ?c  <diedIn>  ?b   => ?a  <diedIn>  ?b	<Louis_I_of_Hungary>	<diedIn>	<Kraków>	TrainingSource	False
?a  <hasChild>  ?c  ?c  <diedIn>  ?b   => ?a  <diedIn>  ?b	<Duchess_Charlotte_of_Brunswick-Lüneburg>	<diedIn>	<Fidenza>	TrainingSource	False
?a  <hasChild>  ?c  ?c  <diedIn>  ?b   => ?a  <diedIn>  ?b	<Emperor_KMmei>	<diedIn>	<Tokyo>	TrainingSource	False
?a  <hasChild>  ?c  ?c  <diedIn>  ?b   => ?a  <diedIn>  ?b	<Eirene_Kantakouzene>	<diedIn>	<Udine>	TrainingSource	False
?a  <hasChild>  ?c  ?c  <diedIn>  ?b   => ?a  <diedIn>  ?b	<Leslie_Lynch_King,_Sr.>	<diedIn>	<Rancho_Mirage,_California>	TrainingSource	False
?a  <hasChild>  ?c  ?c  <diedIn>  ?b   => ?a  <diedIn>  ?b	<Malusha>	<diedIn>	<Kiev>	TrainingSource	False
?a  <hasChild>  ?c  ?c  <diedIn>  ?b   => ?a  <diedIn>  ?b	<Alfonso_XII_of_Spain>	<diedIn>	<Rome>	TrainingSource	False
?a  <hasChild>  ?c  ?c  <diedIn>  ?b   => ?a  <diedIn>  ?b	<Hamida_Banu_Begum>	<diedIn>	<Fatehpur_Sikri>	TrainingSource	False
?a  <hasChild>  ?c  ?c  <diedIn>  ?b   => ?a  <diedIn>  ?b	<Claude_of_Valois>	<diedIn>	<Paris>	TrainingSource	False
?a  <hasChild>  ?c  ?c  <diedIn>  ?b   => ?a  <diedIn>  ?b	<BolesBaw_III_Wrymouth>	<diedIn>	<Kraków>	TrainingSource	False
?a  <hasChild>  ?c  ?c  <diedIn>  ?b   => ?a  <diedIn>  ?b	<Isabella_of_Angoulême>	<diedIn>	<Foggia>	TrainingSource	False
?a  <hasChild>  ?c  ?c  <diedIn>  ?b   => ?a  <diedIn>  ?b	<Frederick_III,_Holy_Roman_Emperor>	<diedIn>	<Wels>	TrainingSource	False
?a  <hasChild>  ?c  ?c  <diedIn>  ?b   => ?a  <diedIn>  ?b	<George_Curzon,_1st_Marquess_Curzon_of_Kedleston>	<diedIn>	<London>	TrainingSource	False
?a  <hasChild>  ?c  ?c  <diedIn>  ?b   => ?a  <diedIn>  ?b	<George_IV_of_Georgia>	<diedIn>	<Tbilisi>	TrainingSource	False
?a  <hasChild>  ?c  ?c  <diedIn>  ?b   => ?a  <diedIn>  ?b	<Aloys_II,_Prince_of_Liechtenstein>	<diedIn>	<Zell_am_See>	TrainingSource	False
?a  <hasChild>  ?c  ?c  <diedIn>  ?b   => ?a  <diedIn>  ?b	<Ikbal_Ali_Shah>	<diedIn>	<London>	TrainingSource	False
?a  <hasChild>  ?c  ?c  <diedIn>  ?b   => ?a  <diedIn>  ?b	<Louis_VIII_of_France>	<diedIn>	<Tunis>	TrainingSource	False
?a  <hasChild>  ?c  ?c  <diedIn>  ?b   => ?a  <diedIn>  ?b	<Aga_Khan_III>	<diedIn>	<Boston>	TrainingSource	False
?a  <hasChild>  ?c  ?c  <diedIn>  ?b   => ?a  <diedIn>  ?b	<Stéphanie_de_Beauharnais>	<diedIn>	<Karlsruhe>	TrainingSource	False
?a  <hasChild>  ?c  ?c  <diedIn>  ?b   => ?a  <diedIn>  ?b	<Charles_Albert_of_Sardinia>	<diedIn>	<Turin>	TrainingSource	False
?a  <hasChild>  ?c  ?c  <diedIn>  ?b   => ?a  <diedIn>  ?b	<Vlad_II_Dracul>	<diedIn>	<Bucharest>	TrainingSource	False
?a  <hasChild>  ?c  ?c  <diedIn>  ?b   => ?a  <diedIn>  ?b	<Hillevi_Rombin>	<diedIn>	<Burbank,_California>	TrainingSource	False
?a  <hasChild>  ?c  ?c  <diedIn>  ?b   => ?a  <diedIn>  ?b	<Prince_Rostislav_Alexandrovich_of_Russia>	<diedIn>	<London>	TrainingSource	False
?a  <hasChild>  ?c  ?c  <diedIn>  ?b   => ?a  <diedIn>  ?b	<Alexander_III_of_Russia>	<diedIn>	<Yekaterinburg>	TrainingSource	False
?a  <hasChild>  ?c  ?c  <diedIn>  ?b   => ?a  <diedIn>  ?b	<Ramon_Berenguer_IV,_Count_of_Provence>	<diedIn>	<Paris>	TrainingSource	False
?a  <hasChild>  ?c  ?c  <diedIn>  ?b   => ?a  <diedIn>  ?b	<^tefan_Pirogan>	<diedIn>	<Chi_inu>	TrainingSource	False
?a  <hasChild>  ?c  ?c  <diedIn>  ?b   => ?a  <diedIn>  ?b	<Marion_Davies>	<diedIn>	<Rancho_Mirage,_California>	TrainingSource	False
?a  <hasChild>  ?c  ?c  <diedIn>  ?b   => ?a  <diedIn>  ?b	<Sophia_Dorothea_of_Hanover>	<diedIn>	<Potsdam>	TrainingSource	False
?a  <hasChild>  ?c  ?c  <diedIn>  ?b   => ?a  <diedIn>  ?b	<Betty_Hemings>	<diedIn>	<Charlottesville,_Virginia>	TrainingSource	False
?a  <hasChild>  ?c  ?c  <diedIn>  ?b   => ?a  <diedIn>  ?b	<Amlaíb_Cuarán>	<diedIn>	<Dublin>	TrainingSource	False
?a  <diedIn>  ?c  ?c  <isLocatedIn>  ?b   => ?a  <isCitizenOf>  ?b	<Willem_Molijn>	<isCitizenOf>	<Netherlands>	TrainingSource	False
?a  <diedIn>  ?c  ?c  <isLocatedIn>  ?b   => ?a  <isCitizenOf>  ?b	<Ingrid_Thulin>	<isCitizenOf>	<Sweden>	TrainingSource	False
?a  <diedIn>  ?c  ?c  <isLocatedIn>  ?b   => ?a  <isCitizenOf>  ?b	<Charles_Mitchel>	<isCitizenOf>	<Republic_of_Ireland>	TrainingSource	False
?a  <diedIn>  ?c  ?c  <isLocatedIn>  ?b   => ?a  <isCitizenOf>  ?b	<Sarah_Conlon>	<isCitizenOf>	<United_Kingdom>	TrainingSource	False
?a  <diedIn>  ?c  ?c  <isLocatedIn>  ?b   => ?a  <isCitizenOf>  ?b	<Arthur_Porritt,_Baron_Porritt>	<isCitizenOf>	<United_Kingdom>	TrainingSource	False
?a  <diedIn>  ?c  ?c  <isLocatedIn>  ?b   => ?a  <isCitizenOf>  ?b	<Rudolf_Kurz>	<isCitizenOf>	<Germany>	TrainingSource	False
?a  <diedIn>  ?c  ?c  <isLocatedIn>  ?b   => ?a  <isCitizenOf>  ?b	<Kamehameha_II>	<isCitizenOf>	<United_Kingdom>	TrainingSource	False
?a  <diedIn>  ?c  ?c  <isLocatedIn>  ?b   => ?a  <isCitizenOf>  ?b	<Bashir_Ahmad_(politician)>	<isCitizenOf>	<Scotland>	TrainingSource	False
?a  <diedIn>  ?c  ?c  <isLocatedIn>  ?b   => ?a  <isCitizenOf>  ?b	<Louis_Botha>	<isCitizenOf>	<South_Africa>	TrainingSource	False
?a  <diedIn>  ?c  ?c  <isLocatedIn>  ?b   => ?a  <isCitizenOf>  ?b	<János_Mattis-Teutsch>	<isCitizenOf>	<Romania>	TrainingSource	False
?a  <diedIn>  ?c  ?c  <isLocatedIn>  ?b   => ?a  <isCitizenOf>  ?b	<Friedrich_Kemnade>	<isCitizenOf>	<Germany>	TrainingSource	False
?a  <diedIn>  ?c  ?c  <isLocatedIn>  ?b   => ?a  <isCitizenOf>  ?b	<Tomás_Ó_Fiaich>	<isCitizenOf>	<France>	TrainingSource	False
?a  <diedIn>  ?c  ?c  <isLocatedIn>  ?b   => ?a  <isCitizenOf>  ?b	<Gerhard_von_Kamptz>	<isCitizenOf>	<Germany>	TrainingSource	False
?a  <diedIn>  ?c  ?c  <isLocatedIn>  ?b   => ?a  <isCitizenOf>  ?b	<Lev_Lemke>	<isCitizenOf>	<Russia>	TrainingSource	False
?a  <livesIn>  ?b   => ?a  <isCitizenOf>  ?b	<Konrad_Zuse>	<isCitizenOf>	<Germany>	TrainingSource	False
?a  <livesIn>  ?b   => ?a  <isCitizenOf>  ?b	<Salih_Neftçi>	<isCitizenOf>	<Switzerland>	TrainingSource	False
?a  <livesIn>  ?b   => ?a  <isCitizenOf>  ?b	<Greg_Turner>	<isCitizenOf>	<New_Zealand>	TrainingSource	False
?a  <livesIn>  ?b   => ?a  <isCitizenOf>  ?b	<Gonzalo_Fernández-Castaño>	<isCitizenOf>	<Spain>	TrainingSource	False
?a  <livesIn>  ?b   => ?a  <isCitizenOf>  ?b	<Bob_Rae>	<isCitizenOf>	<Ontario>	TargetSource	False
?a  <livesIn>  ?b   => ?a  <isCitizenOf>  ?b	<Jalal_Dabagh>	<isCitizenOf>	<Sweden>	TrainingSource	False
?a  <livesIn>  ?b   => ?a  <isCitizenOf>  ?b	<William_Elliott_Whitmore>	<isCitizenOf>	<Canada>	TrainingSource	False
?a  <isMarriedTo>  ?c  ?c  <graduatedFrom>  ?b   => ?a  <graduatedFrom>  ?b	<David_Saperstein_(rabbi)>	<graduatedFrom>	<Smith_College>	TrainingSource	False
?a  <isMarriedTo>  ?c  ?c  <graduatedFrom>  ?b   => ?a  <graduatedFrom>  ?b	<Bruce_Byron>	<graduatedFrom>	<University_of_York>	TrainingSource	False
?a  <isMarriedTo>  ?c  ?c  <graduatedFrom>  ?b   => ?a  <graduatedFrom>  ?b	<Grace_Coolidge>	<graduatedFrom>	<Amherst_College>	TrainingSource	False
?a  <isMarriedTo>  ?c  ?c  <graduatedFrom>  ?b   => ?a  <graduatedFrom>  ?b	<Lesil_McGuire>	<graduatedFrom>	<University_of_Alaska_Anchorage>	TrainingSource	False
?a  <isMarriedTo>  ?c  ?c  <graduatedFrom>  ?b   => ?a  <graduatedFrom>  ?b	<Ludmila>	<graduatedFrom>	<Saint_Petersburg_State_University>	TrainingSource	False
?a  <isMarriedTo>  ?c  ?c  <graduatedFrom>  ?b   => ?a  <graduatedFrom>  ?b	<Liu_Shaoqi>	<graduatedFrom>	<Fu_Jen_Catholic_University>	TrainingSource	False
?a  <isMarriedTo>  ?c  ?c  <graduatedFrom>  ?b   => ?a  <graduatedFrom>  ?b	<Mary_Stuart,_Countess_of_Bute>	<graduatedFrom>	<Leiden_University>	TrainingSource	False
?a  <isMarriedTo>  ?c  ?c  <graduatedFrom>  ?b   => ?a  <graduatedFrom>  ?b	<Denise_Eisenberg_Rich>	<graduatedFrom>	<New_York_University>	TrainingSource	False
?a  <isMarriedTo>  ?c  ?c  <graduatedFrom>  ?b   => ?a  <graduatedFrom>  ?b	<Mary_Sue_Hubbard>	<graduatedFrom>	<George_Washington_University>	TrainingSource	False
?a  <isMarriedTo>  ?c  ?c  <graduatedFrom>  ?b   => ?a  <graduatedFrom>  ?b	<Ronald_Reagan_filmography>	<graduatedFrom>	<Smith_College>	TrainingSource	False
?a  <isMarriedTo>  ?c  ?c  <graduatedFrom>  ?b   => ?a  <graduatedFrom>  ?b	<Pentti_Arajärvi>	<graduatedFrom>	<University_of_Helsinki>	TrainingSource	False
?a  <isMarriedTo>  ?c  ?c  <graduatedFrom>  ?b   => ?a  <graduatedFrom>  ?b	<Sargent_Shriver>	<graduatedFrom>	<Stanford_University>	TrainingSource	False
?a  <isMarriedTo>  ?c  ?c  <graduatedFrom>  ?b   => ?a  <graduatedFrom>  ?b	<Ruth_Bader_Ginsburg>	<graduatedFrom>	<Harvard_Law_School>	TrainingSource	False
?a  <isMarriedTo>  ?c  ?c  <graduatedFrom>  ?b   => ?a  <graduatedFrom>  ?b	<Ava_Helen_Pauling>	<graduatedFrom>	<Oregon_State_University>	TrainingSource	False
?a  <isMarriedTo>  ?c  ?c  <graduatedFrom>  ?b   => ?a  <graduatedFrom>  ?b	<Soong_Ai-ling>	<graduatedFrom>	<Yale_University>	TrainingSource	False
?a  <isMarriedTo>  ?c  ?c  <graduatedFrom>  ?b   => ?a  <graduatedFrom>  ?b	<Joachim_Sauer>	<graduatedFrom>	<University_of_Leipzig>	TrainingSource	False
?a  <isMarriedTo>  ?c  ?c  <graduatedFrom>  ?b   => ?a  <graduatedFrom>  ?b	<Calvin_Coolidge>	<graduatedFrom>	<University_of_Vermont>	TrainingSource	False
?a  <isMarriedTo>  ?c  ?c  <graduatedFrom>  ?b   => ?a  <graduatedFrom>  ?b	<Phyllis_George>	<graduatedFrom>	<University_of_Kentucky>	TrainingSource	False
?a  <isMarriedTo>  ?c  ?c  <graduatedFrom>  ?b   => ?a  <graduatedFrom>  ?b	<Steve_Wilkos>	<graduatedFrom>	<Wayne_State_University>	TrainingSource	False
?a  <isMarriedTo>  ?c  ?c  <graduatedFrom>  ?b   => ?a  <graduatedFrom>  ?b	<Gilbert_Teodoro>	<graduatedFrom>	<Webster_University_Geneva>	TrainingSource	False
?a  <isMarriedTo>  ?c  ?c  <graduatedFrom>  ?b   => ?a  <graduatedFrom>  ?b	<Ellen_Kushner>	<graduatedFrom>	<Brown_University>	TrainingSource	False
?a  <isMarriedTo>  ?c  ?c  <graduatedFrom>  ?b   => ?a  <graduatedFrom>  ?b	<Muna_Lee_(writer)>	<graduatedFrom>	<Georgetown_University>	TrainingSource	False
?a  <isMarriedTo>  ?c  ?c  <graduatedFrom>  ?b   => ?a  <graduatedFrom>  ?b	<Clint_Formby>	<graduatedFrom>	<Texas_Tech_University>	TrainingSource	False
?a  <isMarriedTo>  ?c  ?c  <graduatedFrom>  ?b   => ?a  <graduatedFrom>  ?b	<Wallis,_Duchess_of_Windsor>	<graduatedFrom>	<Racine_College>	TrainingSource	False
?a  <isMarriedTo>  ?c  ?c  <graduatedFrom>  ?b   => ?a  <graduatedFrom>  ?b	<Elaine_Joyce>	<graduatedFrom>	<New_York_University>	TrainingSource	False
?a  <isMarriedTo>  ?c  ?c  <graduatedFrom>  ?b   => ?a  <graduatedFrom>  ?b	<Eva_Köhler>	<graduatedFrom>	<University_of_Tübingen>	TrainingSource	False
?a  <isMarriedTo>  ?c  ?c  <graduatedFrom>  ?b   => ?a  <graduatedFrom>  ?b	<Joe_McHugh>	<graduatedFrom>	<University_College_Dublin>	TrainingSource	False
?a  <isMarriedTo>  ?c  ?c  <graduatedFrom>  ?b   => ?a  <graduatedFrom>  ?b	<Taufiq_Kiemas>	<graduatedFrom>	<Padjadjaran_University>	TrainingSource	False
?a  <isMarriedTo>  ?c  ?c  <graduatedFrom>  ?b   => ?a  <graduatedFrom>  ?b	<Vijaya_Kumaranatunga>	<graduatedFrom>	<Institut_d'Études_Politiques_de_Paris>	TrainingSource	False
?a  <isMarriedTo>  ?c  ?c  <graduatedFrom>  ?b   => ?a  <graduatedFrom>  ?b	<Quentin_N._Burdick>	<graduatedFrom>	<Northwestern_University>	TrainingSource	False
?a  <diedIn>  ?c  ?c  <isLocatedIn>  ?b   => ?a  <isPoliticianOf>  ?b	<Frank_Friday_Fletcher>	<isPoliticianOf>	<New_York>	TargetSource	False
?a  <diedIn>  ?c  ?c  <isLocatedIn>  ?b   => ?a  <isPoliticianOf>  ?b	<Steve_Romanik>	<isPoliticianOf>	<New_Jersey>	TrainingSource	False
?a  <diedIn>  ?c  ?c  <isLocatedIn>  ?b   => ?a  <isPoliticianOf>  ?b	<William_A._Clark>	<isPoliticianOf>	<New_York>	TargetSource	False
?a  <diedIn>  ?c  ?c  <isLocatedIn>  ?b   => ?a  <isPoliticianOf>  ?b	<Laraine_Day>	<isPoliticianOf>	<Utah>	TrainingSource	False
?a  <diedIn>  ?c  ?c  <isLocatedIn>  ?b   => ?a  <isPoliticianOf>  ?b	<Benjamin_Franklin_Burch>	<isPoliticianOf>	<Oregon>	TrainingSource	False
?a  <diedIn>  ?c  ?c  <isLocatedIn>  ?b   => ?a  <isPoliticianOf>  ?b	<Andrew_Jackson_Bettwy>	<isPoliticianOf>	<Arkansas>	TrainingSource	False
?a  <diedIn>  ?c  ?c  <isLocatedIn>  ?b   => ?a  <isPoliticianOf>  ?b	<Radcliffe_Killam>	<isPoliticianOf>	<Texas>	TrainingSource	False
?a  <diedIn>  ?c  ?c  <isLocatedIn>  ?b   => ?a  <isPoliticianOf>  ?b	<John_Bryan_Bowman>	<isPoliticianOf>	<Kentucky>	TrainingSource	False
?a  <diedIn>  ?c  ?c  <isLocatedIn>  ?b   => ?a  <isPoliticianOf>  ?b	<Alice_B._Russell>	<isPoliticianOf>	<New_York>	TargetSource	False
?a  <diedIn>  ?c  ?c  <isLocatedIn>  ?b   => ?a  <isPoliticianOf>  ?b	<Walter_S._Jeffries>	<isPoliticianOf>	<New_Jersey>	TrainingSource	False
?a  <diedIn>  ?c  ?c  <isLocatedIn>  ?b   => ?a  <isPoliticianOf>  ?b	<Francis_J._Banfield>	<isPoliticianOf>	<New_York>	TargetSource	False
?a  <livesIn>  ?b   => ?a  <diedIn>  ?b	<Shoji_Hashimoto>	<diedIn>	<Osaka>	TrainingSource	False
?a  <livesIn>  ?b   => ?a  <diedIn>  ?b	<Angelino_Alfano>	<diedIn>	<Palermo>	TrainingSource	False
?a  <livesIn>  ?b   => ?a  <diedIn>  ?b	<Katrina_Adams>	<diedIn>	<Bradenton,_Florida>	TrainingSource	False
?a  <livesIn>  ?b   => ?a  <diedIn>  ?b	<Roger_Murtaugh>	<diedIn>	<Los_Angeles>	TrainingSource	False
?a  <livesIn>  ?b   => ?a  <diedIn>  ?b	<Kim_Craitor>	<diedIn>	<Niagara_Falls,_Ontario>	TargetSource	False
?a  <livesIn>  ?b   => ?a  <diedIn>  ?b	<Mike_Lake_(politician)>	<diedIn>	<Edmonton>	TrainingSource	False
?a  <livesIn>  ?b   => ?a  <diedIn>  ?b	<Danny_Pieters>	<diedIn>	<Leuven>	TrainingSource	False
?a  <livesIn>  ?b   => ?a  <diedIn>  ?b	<Ross_Fisher>	<diedIn>	<London>	TrainingSource	False
?a  <livesIn>  ?b   => ?a  <diedIn>  ?b	<John_Hoeven>	<diedIn>	<Minot,_North_Dakota>	TrainingSource	False
?a  <livesIn>  ?b   => ?a  <diedIn>  ?b	<Thomas_W._Libous>	<diedIn>	<Binghamton,_New_York>	TrainingSource	False
?a  <livesIn>  ?b   => ?a  <diedIn>  ?b	<Jill_Didier>	<diedIn>	<Wauwatosa,_Wisconsin>	TrainingSource	False
?a  <isMarriedTo>  ?c  ?c  <isCitizenOf>  ?b   => ?a  <isCitizenOf>  ?b	<Corazon_Aquino>	<isCitizenOf>	<Philippines>	TrainingSource	False
?a  <isMarriedTo>  ?c  ?c  <isCitizenOf>  ?b   => ?a  <isCitizenOf>  ?b	<Sandra_Roelofs>	<isCitizenOf>	<Georgia_(country)>	TrainingSource	False
?a  <isMarriedTo>  ?c  ?c  <isCitizenOf>  ?b   => ?a  <isCitizenOf>  ?b	<Ferdinand_Marcos>	<isCitizenOf>	<Philippines>	TrainingSource	False
?a  <isMarriedTo>  ?c  ?c  <isCitizenOf>  ?b   => ?a  <isCitizenOf>  ?b	<Fanny_Holland>	<isCitizenOf>	<United_Kingdom>	TrainingSource	False
?a  <isMarriedTo>  ?c  ?c  <isCitizenOf>  ?b   => ?a  <isCitizenOf>  ?b	<Henrietta_Barnett>	<isCitizenOf>	<England>	TrainingSource	False
?a  <isMarriedTo>  ?c  ?c  <isCitizenOf>  ?b   => ?a  <isCitizenOf>  ?b	<Khalifa_bin_Zayed_Al_Nahyan>	<isCitizenOf>	<United_Arab_Emirates>	TrainingSource	False
?a  <isMarriedTo>  ?c  ?c  <isCitizenOf>  ?b   => ?a  <isCitizenOf>  ?b	<Samantha_Cameron>	<isCitizenOf>	<United_Kingdom>	TrainingSource	False
?a  <isMarriedTo>  ?c  ?c  <isCitizenOf>  ?b   => ?a  <isCitizenOf>  ?b	<Polina_Zhemchuzhina>	<isCitizenOf>	<Soviet_Union>	TrainingSource	False
?a  <isMarriedTo>  ?c  ?c  <isCitizenOf>  ?b   => ?a  <isCitizenOf>  ?b	<Ranil_Wickremasinghe>	<isCitizenOf>	<Sri_Lanka>	TargetSource	True
?a  <isMarriedTo>  ?c  ?c  <isCitizenOf>  ?b   => ?a  <isCitizenOf>  ?b	<Carmen_Mondragón>	<isCitizenOf>	<Mexico>	TrainingSource	False
?a  <isMarriedTo>  ?c  ?c  <isCitizenOf>  ?b   => ?a  <isCitizenOf>  ?b	<Danny_Goffey>	<isCitizenOf>	<United_Kingdom>	TrainingSource	False
?a  <isMarriedTo>  ?c  ?c  <isCitizenOf>  ?b   => ?a  <isCitizenOf>  ?b	<Rajiv_Gandhi>	<isCitizenOf>	<India>	TrainingSource	False
?a  <isMarriedTo>  ?c  ?c  <isCitizenOf>  ?b   => ?a  <isCitizenOf>  ?b	<Dr._Evil>	<isCitizenOf>	<Germany>	TrainingSource	False
?a  <isMarriedTo>  ?c  ?c  <isCitizenOf>  ?b   => ?a  <isCitizenOf>  ?b	<Tomás_Guardia_Gutiérrez>	<isCitizenOf>	<Costa_Rica>	TrainingSource	False
?a  <isMarriedTo>  ?c  ?c  <isCitizenOf>  ?b   => ?a  <isCitizenOf>  ?b	<Adriana_Lima>	<isCitizenOf>	<Serbia>	TrainingSource	False
?a  <isMarriedTo>  ?c  ?c  <isCitizenOf>  ?b   => ?a  <isCitizenOf>  ?b	<Steve_Carson>	<isCitizenOf>	<Republic_of_Ireland>	TrainingSource	False
?a  <isMarriedTo>  ?c  ?c  <isCitizenOf>  ?b   => ?a  <isCitizenOf>  ?b	<Andrea_Aranda>	<isCitizenOf>	<Chile>	TrainingSource	False
?a  <isMarriedTo>  ?c  ?c  <isCitizenOf>  ?b   => ?a  <isCitizenOf>  ?b	<Abby_Lockhart>	<isCitizenOf>	<Croatia>	TrainingSource	False
?a  <isMarriedTo>  ?c  ?c  <isCitizenOf>  ?b   => ?a  <isCitizenOf>  ?b	<Lani_Mercado>	<isCitizenOf>	<Philippines>	TrainingSource	False
?a  <isMarriedTo>  ?c  ?c  <isCitizenOf>  ?b   => ?a  <isCitizenOf>  ?b	<Louis_Leakey>	<isCitizenOf>	<United_Kingdom>	TrainingSource	False
?a  <isMarriedTo>  ?c  ?c  <isCitizenOf>  ?b   => ?a  <isCitizenOf>  ?b	<Shohreh_Aghdashloo>	<isCitizenOf>	<Iran>	TrainingSource	False
?a  <isMarriedTo>  ?c  ?c  <isCitizenOf>  ?b   => ?a  <isCitizenOf>  ?b	<Rafael_Mercado_Aced>	<isCitizenOf>	<Chile>	TrainingSource	False
?a  <isMarriedTo>  ?c  ?c  <isCitizenOf>  ?b   => ?a  <isCitizenOf>  ?b	<Mary_Ann_Gilbert>	<isCitizenOf>	<United_Kingdom>	TrainingSource	False
?a  <isMarriedTo>  ?c  ?c  <isCitizenOf>  ?b   => ?a  <isCitizenOf>  ?b	<Anne_Neville,_16th_Countess_of_Warwick>	<isCitizenOf>	<England>	TrainingSource	False
?a  <isMarriedTo>  ?c  ?c  <isCitizenOf>  ?b   => ?a  <isCitizenOf>  ?b	<Birgit_Tengroth>	<isCitizenOf>	<Denmark>	TrainingSource	False
?a  <isMarriedTo>  ?c  ?c  <isCitizenOf>  ?b   => ?a  <isCitizenOf>  ?b	<Dylan_Thomas>	<isCitizenOf>	<United_Kingdom>	TrainingSource	False
?a  <isMarriedTo>  ?c  ?c  <isCitizenOf>  ?b   => ?a  <isCitizenOf>  ?b	<Pamela_Stephenson>	<isCitizenOf>	<Scotland>	TrainingSource	False
?a  <isMarriedTo>  ?c  ?c  <isCitizenOf>  ?b   => ?a  <isCitizenOf>  ?b	<Mary_Leakey>	<isCitizenOf>	<Kenya>	TrainingSource	False
?a  <isMarriedTo>  ?c  ?c  <isCitizenOf>  ?b   => ?a  <isCitizenOf>  ?b	<Austin_Powers>	<isCitizenOf>	<United_Kingdom>	TrainingSource	False
?a  <isMarriedTo>  ?c  ?c  <isCitizenOf>  ?b   => ?a  <isCitizenOf>  ?b	<Bamir_Topi>	<isCitizenOf>	<Albania>	TrainingSource	False
?a  <worksAt>  ?b   => ?a  <graduatedFrom>  ?b	<Steven_Rosefielde>	<graduatedFrom>	<University_of_North_Carolina_at_Chapel_Hill>	TrainingSource	False
?a  <worksAt>  ?b   => ?a  <graduatedFrom>  ?b	<Annie_Antón>	<graduatedFrom>	<North_Carolina_State_University>	TrainingSource	False
?a  <worksAt>  ?b   => ?a  <graduatedFrom>  ?b	<Charles_Bazerman>	<graduatedFrom>	<University_of_California,_Santa_Barbara>	TargetSource	False
?a  <worksAt>  ?b   => ?a  <graduatedFrom>  ?b	<Russell_L._Ackoff>	<graduatedFrom>	<Wharton_School_of_the_University_of_Pennsylvania>	TrainingSource	False
?a  <worksAt>  ?b   => ?a  <graduatedFrom>  ?b	<Emil_Grosswald>	<graduatedFrom>	<University_of_Pennsylvania>	TrainingSource	False
?a  <worksAt>  ?b   => ?a  <graduatedFrom>  ?b	<Jacob_Schmookler>	<graduatedFrom>	<University_of_Minnesota>	TrainingSource	False
?a  <worksAt>  ?b   => ?a  <graduatedFrom>  ?b	<Kenneth_Heilman>	<graduatedFrom>	<University_of_Florida>	TrainingSource	False
?a  <worksAt>  ?b   => ?a  <graduatedFrom>  ?b	<Hermann_Alexander_Diels>	<graduatedFrom>	<Humboldt_University_of_Berlin>	TrainingSource	False
?a  <worksAt>  ?b   => ?a  <graduatedFrom>  ?b	<Karl_Menger>	<graduatedFrom>	<Illinois_Institute_of_Technology>	TrainingSource	False
?a  <worksAt>  ?b   => ?a  <graduatedFrom>  ?b	<Ernest_May_(historian)>	<graduatedFrom>	<Harvard_University>	TrainingSource	False
?a  <worksAt>  ?b   => ?a  <graduatedFrom>  ?b	<Michael_Behe>	<graduatedFrom>	<Lehigh_University>	TrainingSource	False
?a  <worksAt>  ?b   => ?a  <graduatedFrom>  ?b	<Thomas_Jones_(mathematician)>	<graduatedFrom>	<University_of_Cambridge>	TargetSource	True
?a  <worksAt>  ?b   => ?a  <graduatedFrom>  ?b	<William_John_Macquorn_Rankine>	<graduatedFrom>	<University_of_Glasgow>	TrainingSource	False
?a  <worksAt>  ?b   => ?a  <graduatedFrom>  ?b	<Eric_F._Wieschaus>	<graduatedFrom>	<Princeton_University>	TrainingSource	False
?a  <worksAt>  ?b   => ?a  <graduatedFrom>  ?b	<Albert_Lilius>	<graduatedFrom>	<University_of_Helsinki>	TrainingSource	False
?a  <worksAt>  ?b   => ?a  <graduatedFrom>  ?b	<Ronald_D._Macfarlane>	<graduatedFrom>	<Texas_A&M_University>	TrainingSource	False
?a  <worksAt>  ?b   => ?a  <graduatedFrom>  ?b	<David_Bressoud>	<graduatedFrom>	<Pennsylvania_State_University>	TrainingSource	False
?a  <worksAt>  ?b   => ?a  <graduatedFrom>  ?b	<Philip_Stieg>	<graduatedFrom>	<Harvard_Medical_School>	TrainingSource	False
?a  <worksAt>  ?b   => ?a  <graduatedFrom>  ?b	<Charles_Roy_Henderson>	<graduatedFrom>	<Cornell_University>	TrainingSource	False
?a  <worksAt>  ?b   => ?a  <graduatedFrom>  ?b	<Yuet_Wai_Kan>	<graduatedFrom>	<University_of_Hong_Kong>	TargetSource	True
?a  <worksAt>  ?b   => ?a  <graduatedFrom>  ?b	<Moshe_Levy_(chemist)>	<graduatedFrom>	<Weizmann_Institute_of_Science>	TrainingSource	False
?a  <worksAt>  ?b   => ?a  <graduatedFrom>  ?b	<Marcus_du_Sautoy>	<graduatedFrom>	<University_of_Oxford>	TrainingSource	False
?a  <worksAt>  ?b   => ?a  <graduatedFrom>  ?b	<Joel_S._Demski>	<graduatedFrom>	<University_of_Florida>	TrainingSource	False
?a  <worksAt>  ?b   => ?a  <graduatedFrom>  ?b	<Saunders_Mac_Lane>	<graduatedFrom>	<Harvard_University>	TrainingSource	False
?a  <livesIn>  ?c  ?c  <isLocatedIn>  ?b   => ?a  <isPoliticianOf>  ?b	<Lloyd_Hulbert>	<isPoliticianOf>	<Kansas>	TrainingSource	False
?a  <livesIn>  ?c  ?c  <isLocatedIn>  ?b   => ?a  <isPoliticianOf>  ?b	<Mike_Cunning>	<isPoliticianOf>	<Arizona>	TrainingSource	False
?a  <livesIn>  ?c  ?c  <isLocatedIn>  ?b   => ?a  <isPoliticianOf>  ?b	<R._Thomas_Flynn>	<isPoliticianOf>	<New_York>	TargetSource	False
?a  <livesIn>  ?c  ?c  <isLocatedIn>  ?b   => ?a  <isPoliticianOf>  ?b	<Matthew_W._Milam>	<isPoliticianOf>	<New_Jersey>	TrainingSource	False
?a  <livesIn>  ?c  ?c  <isLocatedIn>  ?b   => ?a  <isPoliticianOf>  ?b	<John_M._Vining>	<isPoliticianOf>	<Delaware>	TrainingSource	False
?a  <livesIn>  ?c  ?c  <isLocatedIn>  ?b   => ?a  <isPoliticianOf>  ?b	<Kim_McMillan>	<isPoliticianOf>	<Tennessee>	TrainingSource	False
?a  <livesIn>  ?c  ?c  <isLocatedIn>  ?b   => ?a  <isPoliticianOf>  ?b	<Chris_Stroud>	<isPoliticianOf>	<Texas>	TrainingSource	False
?a  <livesIn>  ?c  ?c  <isLocatedIn>  ?b   => ?a  <isPoliticianOf>  ?b	<Mike_Flood>	<isPoliticianOf>	<Nebraska>	TrainingSource	False
?a  <livesIn>  ?c  ?c  <isLocatedIn>  ?b   => ?a  <isPoliticianOf>  ?b	<Ted_Kaufman>	<isPoliticianOf>	<Delaware>	TrainingSource	False
?a  <livesIn>  ?c  ?c  <isLocatedIn>  ?b   => ?a  <isPoliticianOf>  ?b	<Jay_Inslee>	<isPoliticianOf>	<Washington_(U.S._state)>	TrainingSource	False
?a  <livesIn>  ?c  ?c  <isLocatedIn>  ?b   => ?a  <isPoliticianOf>  ?b	<Terri_Sewell>	<isPoliticianOf>	<Alabama>	TrainingSource	False
?a  <livesIn>  ?c  ?c  <isLocatedIn>  ?b   => ?a  <isPoliticianOf>  ?b	<Sean_Murphy_(golfer)>	<isPoliticianOf>	<Arizona>	TrainingSource	False
?a  <hasChild>  ?c  ?c  <livesIn>  ?b   => ?a  <livesIn>  ?b	<Kerry_Packer>	<livesIn>	<Bellevue_Hill,_New_South_Wales>	TargetSource	True
?a  <wasBornIn>  ?c  ?c  <isLocatedIn>  ?b   => ?a  <isPoliticianOf>  ?b	<Phil_Amicone>	<isPoliticianOf>	<New_York>	TargetSource	False
?a  <wasBornIn>  ?c  ?c  <isLocatedIn>  ?b   => ?a  <isPoliticianOf>  ?b	<Kevin_Conway_(actor)>	<isPoliticianOf>	<New_York>	TargetSource	False
?a  <wasBornIn>  ?c  ?c  <isLocatedIn>  ?b   => ?a  <isPoliticianOf>  ?b	<Crystal_Smith>	<isPoliticianOf>	<Missouri>	TrainingSource	False
?a  <wasBornIn>  ?c  ?c  <isLocatedIn>  ?b   => ?a  <isPoliticianOf>  ?b	<Wendell_Mitchell>	<isPoliticianOf>	<Alabama>	TrainingSource	False
?a  <wasBornIn>  ?c  ?c  <isLocatedIn>  ?b   => ?a  <isPoliticianOf>  ?b	<Drena_De_Niro>	<isPoliticianOf>	<New_York>	TargetSource	False
?a  <wasBornIn>  ?c  ?c  <isLocatedIn>  ?b   => ?a  <isPoliticianOf>  ?b	<Tom_Pistone>	<isPoliticianOf>	<Illinois>	TrainingSource	False
?a  <wasBornIn>  ?c  ?c  <isLocatedIn>  ?b   => ?a  <isPoliticianOf>  ?b	<Tina_Romero>	<isPoliticianOf>	<New_York>	TargetSource	False
?a  <wasBornIn>  ?c  ?c  <isLocatedIn>  ?b   => ?a  <isPoliticianOf>  ?b	<Malouf_Abraham,_Sr.>	<isPoliticianOf>	<Texas>	TrainingSource	False
?a  <wasBornIn>  ?c  ?c  <isLocatedIn>  ?b   => ?a  <isPoliticianOf>  ?b	<Jacob_Ruppert>	<isPoliticianOf>	<New_York>	TargetSource	False
?a  <wasBornIn>  ?c  ?c  <isLocatedIn>  ?b   => ?a  <isPoliticianOf>  ?b	<Robert_Kendall>	<isPoliticianOf>	<Michigan>	TrainingSource	False
?a  <wasBornIn>  ?c  ?c  <isLocatedIn>  ?b   => ?a  <isPoliticianOf>  ?b	<Matt_Davis_(comedian)>	<isPoliticianOf>	<Alabama>	TrainingSource	False
?a  <wasBornIn>  ?c  ?c  <isLocatedIn>  ?b   => ?a  <isPoliticianOf>  ?b	<James_M._Sellers>	<isPoliticianOf>	<Missouri>	TrainingSource	False
?a  <wasBornIn>  ?c  ?c  <isLocatedIn>  ?b   => ?a  <isPoliticianOf>  ?b	<Antawn_Jamison>	<isPoliticianOf>	<Louisiana>	TrainingSource	False
?a  <wasBornIn>  ?c  ?c  <isLocatedIn>  ?b   => ?a  <isPoliticianOf>  ?b	<Peter_Barnes_(entrepreneur)>	<isPoliticianOf>	<New_York>	TargetSource	False
?a  <wasBornIn>  ?c  ?c  <isLocatedIn>  ?b   => ?a  <isPoliticianOf>  ?b	<Don_Herbert>	<isPoliticianOf>	<Minnesota>	TrainingSource	False
?a  <wasBornIn>  ?c  ?c  <isLocatedIn>  ?b   => ?a  <isPoliticianOf>  ?b	<Ryan_Dunn>	<isPoliticianOf>	<Ohio>	TrainingSource	False
?a  <wasBornIn>  ?c  ?c  <isLocatedIn>  ?b   => ?a  <isPoliticianOf>  ?b	<Lucile_Lomen>	<isPoliticianOf>	<Alaska>	TrainingSource	False
?a  <wasBornIn>  ?c  ?c  <isLocatedIn>  ?b   => ?a  <isPoliticianOf>  ?b	<Molly_O'Day>	<isPoliticianOf>	<New_Jersey>	TrainingSource	False
?a  <isLocatedIn>  ?c  ?c  <isLocatedIn>  ?b   => ?a  <isCitizenOf>  ?b	<Daisetsuzan_Volcanic_Group>	<isCitizenOf>	<Japan>	TrainingSource	False
?a  <isLocatedIn>  ?c  ?c  <isLocatedIn>  ?b   => ?a  <isCitizenOf>  ?b	<Kingston_(HM_Prison)>	<isCitizenOf>	<United_Kingdom>	TrainingSource	False
?a  <isLocatedIn>  ?c  ?c  <isLocatedIn>  ?b   => ?a  <isCitizenOf>  ?b	<Japuiba_River>	<isCitizenOf>	<Brazil>	TrainingSource	False
?a  <isLocatedIn>  ?c  ?c  <isLocatedIn>  ?b   => ?a  <isCitizenOf>  ?b	<Air_Contractors>	<isCitizenOf>	<Republic_of_Ireland>	TrainingSource	False
?a  <isLocatedIn>  ?c  ?c  <isLocatedIn>  ?b   => ?a  <isCitizenOf>  ?b	<Lnuma_Quasi-National_Park>	<isCitizenOf>	<Japan>	TrainingSource	False
?a  <isLocatedIn>  ?c  ?c  <isLocatedIn>  ?b   => ?a  <isCitizenOf>  ?b	<Central_Library,_Aberdeen>	<isCitizenOf>	<Scotland>	TrainingSource	False
?a  <isLocatedIn>  ?b   => ?a  <diedIn>  ?b	<Estrella_Warbird_Museum>	<diedIn>	<Paso_Robles,_California>	TrainingSource	False
?a  <isLocatedIn>  ?b   => ?a  <diedIn>  ?b	<Ansty_Hall>	<diedIn>	<Coventry>	TrainingSource	False
?a  <isLocatedIn>  ?b   => ?a  <diedIn>  ?b	<Dominican_Today>	<diedIn>	<Santo_Domingo>	TrainingSource	False
?a  <livesIn>  ?c  ?c  <isLocatedIn>  ?b   => ?a  <isCitizenOf>  ?b	<Wayne_Westner>	<isCitizenOf>	<South_Africa>	TrainingSource	False
?a  <livesIn>  ?c  ?c  <isLocatedIn>  ?b   => ?a  <isCitizenOf>  ?b	<Karen_Paterson>	<isCitizenOf>	<Scotland>	TrainingSource	False
?a  <livesIn>  ?c  ?c  <isLocatedIn>  ?b   => ?a  <isCitizenOf>  ?b	<Volodymyr_Yavorivsky>	<isCitizenOf>	<Ukraine>	TrainingSource	False
?a  <hasAcademicAdvisor>  ?c  ?c  <hasWonPrize>  ?b   => ?a  <hasWonPrize>  ?b	<Edward_B._Lewis>	<hasWonPrize>	<National_Medal_of_Science>	TargetSource	True
?a  <hasAcademicAdvisor>  ?c  ?c  <graduatedFrom>  ?b   => ?a  <graduatedFrom>  ?b	<Robert_H._Thouless>	<graduatedFrom>	<University_of_London>	TrainingSource	False
?a  <hasAcademicAdvisor>  ?c  ?c  <graduatedFrom>  ?b   => ?a  <graduatedFrom>  ?b	<Halton_Arp>	<graduatedFrom>	<University_of_Göttingen>	TrainingSource	False
?a  <hasAcademicAdvisor>  ?c  ?c  <graduatedFrom>  ?b   => ?a  <graduatedFrom>  ?b	<Oded_Schramm>	<graduatedFrom>	<University_of_California,_Berkeley>	TrainingSource	False
?a  <hasAcademicAdvisor>  ?c  ?c  <graduatedFrom>  ?b   => ?a  <graduatedFrom>  ?b	<Oswald_Bumke>	<graduatedFrom>	<University_of_Würzburg>	TrainingSource	False
?a  <hasAcademicAdvisor>  ?c  ?c  <graduatedFrom>  ?b   => ?a  <graduatedFrom>  ?b	<Friedrich_Hund>	<graduatedFrom>	<University_of_Göttingen>	TrainingSource	False
?a  <hasAcademicAdvisor>  ?c  ?c  <graduatedFrom>  ?b   => ?a  <graduatedFrom>  ?b	<Underwood_Dudley>	<graduatedFrom>	<Cornell_University>	TrainingSource	False
?a  <hasAcademicAdvisor>  ?c  ?c  <graduatedFrom>  ?b   => ?a  <graduatedFrom>  ?b	<Gerald_Gabrielse>	<graduatedFrom>	<University_of_Turin>	TrainingSource	False
?a  <hasAcademicAdvisor>  ?c  ?c  <graduatedFrom>  ?b   => ?a  <graduatedFrom>  ?b	<August_Gottlieb_Richter>	<graduatedFrom>	<University_of_Kiel>	TrainingSource	False
?a  <hasAcademicAdvisor>  ?c  ?c  <graduatedFrom>  ?b   => ?a  <graduatedFrom>  ?b	<Philipp_Lenard>	<graduatedFrom>	<University_of_Göttingen>	TrainingSource	False
?a  <hasAcademicAdvisor>  ?c  ?c  <graduatedFrom>  ?b   => ?a  <graduatedFrom>  ?b	<Johnjoe_McFadden>	<graduatedFrom>	<University_of_Wyoming>	TrainingSource	False
?a  <hasAcademicAdvisor>  ?c  ?c  <graduatedFrom>  ?b   => ?a  <graduatedFrom>  ?b	<John_Keill>	<graduatedFrom>	<University_of_Aberdeen>	TrainingSource	False
?a  <hasAcademicAdvisor>  ?c  ?c  <graduatedFrom>  ?b   => ?a  <graduatedFrom>  ?b	<Dana_Angluin>	<graduatedFrom>	<Massachusetts_Institute_of_Technology>	TrainingSource	False
?a  <hasAcademicAdvisor>  ?c  ?c  <graduatedFrom>  ?b   => ?a  <graduatedFrom>  ?b	<Cecilia_Payne-Gaposchkin>	<graduatedFrom>	<University_of_Missouri>	TrainingSource	False
?a  <hasAcademicAdvisor>  ?c  ?c  <graduatedFrom>  ?b   => ?a  <graduatedFrom>  ?b	<Fayyazuddin>	<graduatedFrom>	<University_of_the_Punjab>	TrainingSource	False
?a  <hasAcademicAdvisor>  ?c  ?c  <graduatedFrom>  ?b   => ?a  <graduatedFrom>  ?b	<William_Shockley>	<graduatedFrom>	<University_of_Rochester>	TrainingSource	False
?a  <hasAcademicAdvisor>  ?c  ?c  <graduatedFrom>  ?b   => ?a  <graduatedFrom>  ?b	<Maurice_Obstfeld>	<graduatedFrom>	<University_of_Chicago>	TrainingSource	False
?a  <hasAcademicAdvisor>  ?c  ?c  <graduatedFrom>  ?b   => ?a  <graduatedFrom>  ?b	<Paul_Vojta>	<graduatedFrom>	<Princeton_University>	TrainingSource	False
?a  <hasAcademicAdvisor>  ?c  ?c  <graduatedFrom>  ?b   => ?a  <graduatedFrom>  ?b	<Ludwig_Stickelberger>	<graduatedFrom>	<University_of_Bonn>	TrainingSource	False
?a  <hasAcademicAdvisor>  ?c  ?c  <graduatedFrom>  ?b   => ?a  <graduatedFrom>  ?b	<Daniel_McFadden>	<graduatedFrom>	<University_of_Warsaw>	TrainingSource	False
?a  <hasAcademicAdvisor>  ?c  ?c  <graduatedFrom>  ?b   => ?a  <graduatedFrom>  ?b	<George_Laurence>	<graduatedFrom>	<University_of_Canterbury>	TrainingSource	False
?a  <hasAcademicAdvisor>  ?c  ?c  <graduatedFrom>  ?b   => ?a  <graduatedFrom>  ?b	<Jean_Decety>	<graduatedFrom>	<Claude_Bernard_University_Lyon_1>	TrainingSource	False
?a  <hasAcademicAdvisor>  ?c  ?c  <graduatedFrom>  ?b   => ?a  <graduatedFrom>  ?b	<David_E._Clemmer>	<graduatedFrom>	<Case_Western_Reserve_University>	TrainingSource	False
?a  <hasAcademicAdvisor>  ?c  ?c  <graduatedFrom>  ?b   => ?a  <graduatedFrom>  ?b	<Niyaz_Ahmed>	<graduatedFrom>	<Jawaharlal_Nehru_University>	TrainingSource	False
?a  <hasAcademicAdvisor>  ?c  ?c  <graduatedFrom>  ?b   => ?a  <graduatedFrom>  ?b	<Phillip_Griffiths>	<graduatedFrom>	<University_of_Colorado_at_Boulder>	TrainingSource	False
?a  <hasAcademicAdvisor>  ?c  ?c  <graduatedFrom>  ?b   => ?a  <graduatedFrom>  ?b	<Hans_Goldschmidt>	<graduatedFrom>	<University_of_Göttingen>	TrainingSource	False
?a  <hasAcademicAdvisor>  ?c  ?c  <graduatedFrom>  ?b   => ?a  <graduatedFrom>  ?b	<Robert_Metcalfe>	<graduatedFrom>	<Harvard_University>	TrainingSource	False
?a  <hasAcademicAdvisor>  ?c  ?c  <graduatedFrom>  ?b   => ?a  <graduatedFrom>  ?b	<Jacques_Distler>	<graduatedFrom>	<Illinois_Institute_of_Technology>	TrainingSource	False
?a  <hasAcademicAdvisor>  ?c  ?c  <graduatedFrom>  ?b   => ?a  <graduatedFrom>  ?b	<Frederick_Kipping>	<graduatedFrom>	<Royal_College_of_Science>	TrainingSource	False
?a  <hasAcademicAdvisor>  ?c  ?c  <graduatedFrom>  ?b   => ?a  <graduatedFrom>  ?b	<Olivia_Judson>	<graduatedFrom>	<London_School_of_Economics>	TrainingSource	False
?a  <hasAcademicAdvisor>  ?c  ?c  <graduatedFrom>  ?b   => ?a  <graduatedFrom>  ?b	<Alan_Needleman>	<graduatedFrom>	<Lehigh_University>	TrainingSource	False
?a  <influences>  ?c  ?c  <isCitizenOf>  ?b   => ?a  <isCitizenOf>  ?b	<George_Carlin>	<isCitizenOf>	<United_Kingdom>	TrainingSource	False
?a  <influences>  ?c  ?c  <isCitizenOf>  ?b   => ?a  <isCitizenOf>  ?b	<René_Descartes>	<isCitizenOf>	<France>	TrainingSource	False
?a  <influences>  ?c  ?c  <isCitizenOf>  ?b   => ?a  <isCitizenOf>  ?b	<Robert_Henri>	<isCitizenOf>	<Canada>	TrainingSource	False
?a  <influences>  ?c  ?c  <isCitizenOf>  ?b   => ?a  <isCitizenOf>  ?b	<Thierry_Ehrmann>	<isCitizenOf>	<France>	TrainingSource	False
?a  <influences>  ?c  ?c  <isCitizenOf>  ?b   => ?a  <isCitizenOf>  ?b	<Henri_de_Régnier>	<isCitizenOf>	<Romania>	TrainingSource	False
?a  <influences>  ?c  ?c  <isCitizenOf>  ?b   => ?a  <isCitizenOf>  ?b	<Fritz_Houtermans>	<isCitizenOf>	<Germany>	TrainingSource	False
?a  <influences>  ?c  ?c  <isCitizenOf>  ?b   => ?a  <isCitizenOf>  ?b	<Émil_Goeldi>	<isCitizenOf>	<Germany>	TrainingSource	False
?a  <influences>  ?c  ?c  <isCitizenOf>  ?b   => ?a  <isCitizenOf>  ?b	<Rainer_Maria_Rilke>	<isCitizenOf>	<Austria>	TrainingSource	False
?a  <influences>  ?c  ?c  <isCitizenOf>  ?b   => ?a  <isCitizenOf>  ?b	<Harold_Hotelling>	<isCitizenOf>	<Hungary>	TrainingSource	False
?a  <influences>  ?c  ?c  <isCitizenOf>  ?b   => ?a  <isCitizenOf>  ?b	<Lewis_Black>	<isCitizenOf>	<Republic_of_Ireland>	TrainingSource	False
?a  <influences>  ?c  ?c  <isCitizenOf>  ?b   => ?a  <isCitizenOf>  ?b	<Juan_del_Encina>	<isCitizenOf>	<Portugal>	TrainingSource	False
?a  <influences>  ?c  ?c  <isCitizenOf>  ?b   => ?a  <isCitizenOf>  ?b	<Robert_R._McCammon>	<isCitizenOf>	<Republic_of_Ireland>	TrainingSource	False
?a  <influences>  ?c  ?c  <isCitizenOf>  ?b   => ?a  <isCitizenOf>  ?b	<Aristotle>	<isCitizenOf>	<Roman_Empire>	TrainingSource	False
?a  <influences>  ?c  ?c  <isCitizenOf>  ?b   => ?a  <isCitizenOf>  ?b	<Ivan_Turgenev>	<isCitizenOf>	<France>	TrainingSource	False
?a  <influences>  ?c  ?c  <isCitizenOf>  ?b   => ?a  <isCitizenOf>  ?b	<André_Breton>	<isCitizenOf>	<Spain>	TrainingSource	False
?a  <influences>  ?c  ?c  <isCitizenOf>  ?b   => ?a  <isCitizenOf>  ?b	<Alfred_Grévin>	<isCitizenOf>	<Wallachia>	TrainingSource	False
?a  <influences>  ?c  ?c  <isCitizenOf>  ?b   => ?a  <isCitizenOf>  ?b	<William_Rivers>	<isCitizenOf>	<United_Kingdom>	TrainingSource	False
?a  <influences>  ?c  ?c  <isCitizenOf>  ?b   => ?a  <isCitizenOf>  ?b	<Arnold_Böcklin>	<isCitizenOf>	<Spain>	TrainingSource	False
?a  <influences>  ?c  ?c  <isCitizenOf>  ?b   => ?a  <isCitizenOf>  ?b	<Ivan_Turgenev>	<isCitizenOf>	<Romania>	TrainingSource	False
?a  <influences>  ?c  ?c  <isCitizenOf>  ?b   => ?a  <isCitizenOf>  ?b	<Seamus_Heaney>	<isCitizenOf>	<Northern_Ireland>	TrainingSource	False
?a  <influences>  ?c  ?c  <isCitizenOf>  ?b   => ?a  <isCitizenOf>  ?b	<Muhammad_Iqbal>	<isCitizenOf>	<India>	TrainingSource	False
?a  <influences>  ?c  ?c  <isCitizenOf>  ?b   => ?a  <isCitizenOf>  ?b	<William_Whewell>	<isCitizenOf>	<England>	TrainingSource	False
?a  <influences>  ?c  ?c  <isCitizenOf>  ?b   => ?a  <isCitizenOf>  ?b	<Charlotte_Brontë>	<isCitizenOf>	<England>	TrainingSource	False
?a  <influences>  ?c  ?c  <isCitizenOf>  ?b   => ?a  <isCitizenOf>  ?b	<Umberto_Eco>	<isCitizenOf>	<Republic_of_Ireland>	TrainingSource	False
?a  <influences>  ?c  ?c  <isCitizenOf>  ?b   => ?a  <isCitizenOf>  ?b	<Robert_Graves>	<isCitizenOf>	<United_Kingdom>	TrainingSource	False
?a  <influences>  ?c  ?c  <isCitizenOf>  ?b   => ?a  <isCitizenOf>  ?b	<James_Braid_(surgeon)>	<isCitizenOf>	<France>	TrainingSource	False
?a  <influences>  ?c  ?c  <isCitizenOf>  ?b   => ?a  <isCitizenOf>  ?b	<Jacob_Epstein>	<isCitizenOf>	<United_Kingdom>	TrainingSource	False
?a  <influences>  ?c  ?c  <isCitizenOf>  ?b   => ?a  <isCitizenOf>  ?b	<Albert_Camus>	<isCitizenOf>	<New_Zealand>	TrainingSource	False
?a  <influences>  ?c  ?c  <isCitizenOf>  ?b   => ?a  <isCitizenOf>  ?b	<Jorge_Luis_Borges>	<isCitizenOf>	<Brazil>	TrainingSource	False
?a  <influences>  ?c  ?c  <isCitizenOf>  ?b   => ?a  <isCitizenOf>  ?b	<Josef_Václav_Myslbek>	<isCitizenOf>	<Yugoslavia>	TrainingSource	False
?a  <isCitizenOf>  ?c  ?c  <isLocatedIn>  ?b   => ?a  <isCitizenOf>  ?b	<Charles_Marx>	<isCitizenOf>	<German_Confederation>	TrainingSource	False
?a  <hasAcademicAdvisor>  ?c  ?c  <hasAcademicAdvisor>  ?b   => ?a  <hasAcademicAdvisor>  ?b	<Luca_Cardelli>	<hasAcademicAdvisor>	<Rod_Burstall>	TrainingSource	False
?a  <hasAcademicAdvisor>  ?c  ?c  <hasAcademicAdvisor>  ?b   => ?a  <hasAcademicAdvisor>  ?b	<Henry_Enfield_Roscoe>	<hasAcademicAdvisor>	<Friedrich_Stromeyer>	TrainingSource	False
?a  <hasAcademicAdvisor>  ?c  ?c  <hasAcademicAdvisor>  ?b   => ?a  <hasAcademicAdvisor>  ?b	<John_Robert_Kline>	<hasAcademicAdvisor>	<E._H._Moore>	TrainingSource	False
?a  <hasAcademicAdvisor>  ?c  ?c  <hasAcademicAdvisor>  ?b   => ?a  <hasAcademicAdvisor>  ?b	<Carl_H._Brans>	<hasAcademicAdvisor>	<John_Archibald_Wheeler>	TrainingSource	False
?a  <hasAcademicAdvisor>  ?c  ?c  <hasAcademicAdvisor>  ?b   => ?a  <hasAcademicAdvisor>  ?b	<Tjalling_Koopmans>	<hasAcademicAdvisor>	<Paul_Ehrenfest>	TrainingSource	False
?a  <hasAcademicAdvisor>  ?c  ?c  <hasAcademicAdvisor>  ?b   => ?a  <hasAcademicAdvisor>  ?b	<Kenneth_Alan_Ribet>	<hasAcademicAdvisor>	<Emil_Artin>	TrainingSource	False
?a  <hasAcademicAdvisor>  ?c  ?c  <hasAcademicAdvisor>  ?b   => ?a  <hasAcademicAdvisor>  ?b	<Martin_Davis>	<hasAcademicAdvisor>	<Oswald_Veblen>	TrainingSource	False
?a  <hasAcademicAdvisor>  ?c  ?c  <hasAcademicAdvisor>  ?b   => ?a  <hasAcademicAdvisor>  ?b	<Paula_Isabel_da_Silva_Moreira>	<hasAcademicAdvisor>	<David_Epel>	TrainingSource	False
?a  <hasAcademicAdvisor>  ?c  ?c  <hasAcademicAdvisor>  ?b   => ?a  <hasAcademicAdvisor>  ?b	<Tim_Poston>	<hasAcademicAdvisor>	<Shaun_Wylie>	TrainingSource	False
?a  <hasAcademicAdvisor>  ?c  ?c  <hasAcademicAdvisor>  ?b   => ?a  <hasAcademicAdvisor>  ?b	<Hector_Garcia-Molina>	<hasAcademicAdvisor>	<John_Amsden_Starkweather>	TrainingSource	False
?a  <hasAcademicAdvisor>  ?c  ?c  <hasAcademicAdvisor>  ?b   => ?a  <hasAcademicAdvisor>  ?b	<Eduard_Buchner>	<hasAcademicAdvisor>	<Friedrich_August_Kekulé_von_Stradonitz>	TrainingSource	False
?a  <hasAcademicAdvisor>  ?c  ?c  <hasAcademicAdvisor>  ?b   => ?a  <hasAcademicAdvisor>  ?b	<James_A._Isenberg>	<hasAcademicAdvisor>	<John_Archibald_Wheeler>	TrainingSource	False
?a  <hasAcademicAdvisor>  ?c  ?c  <hasAcademicAdvisor>  ?b   => ?a  <hasAcademicAdvisor>  ?b	<Charles_F._Van_Loan>	<hasAcademicAdvisor>	<George_Forsythe>	TrainingSource	False
?a  <hasAcademicAdvisor>  ?c  ?c  <hasAcademicAdvisor>  ?b   => ?a  <hasAcademicAdvisor>  ?b	<Robbert_Dijkgraaf>	<hasAcademicAdvisor>	<Martinus_J._G._Veltman>	TrainingSource	False
?a  <hasAcademicAdvisor>  ?c  ?c  <hasAcademicAdvisor>  ?b   => ?a  <hasAcademicAdvisor>  ?b	<Walter_Haworth>	<hasAcademicAdvisor>	<Adolf_von_Baeyer>	TrainingSource	False
?a  <hasAcademicAdvisor>  ?c  ?c  <hasAcademicAdvisor>  ?b   => ?a  <hasAcademicAdvisor>  ?b	<Arthur_W._Wright>	<hasAcademicAdvisor>	<Michel_Chasles>	TrainingSource	False
?a  <hasAcademicAdvisor>  ?c  ?c  <hasAcademicAdvisor>  ?b   => ?a  <hasAcademicAdvisor>  ?b	<E._M._Wright>	<hasAcademicAdvisor>	<Augustus_Edward_Hough_Love>	TrainingSource	False
?a  <hasAcademicAdvisor>  ?c  ?c  <hasAcademicAdvisor>  ?b   => ?a  <hasAcademicAdvisor>  ?b	<Rudolf_Wolf>	<hasAcademicAdvisor>	<Carl_Friedrich_Gauss>	TrainingSource	False
?a  <hasAcademicAdvisor>  ?c  ?c  <hasAcademicAdvisor>  ?b   => ?a  <hasAcademicAdvisor>  ?b	<Simion_Stoilow>	<hasAcademicAdvisor>	<Jean_Gaston_Darboux>	TrainingSource	False
?a  <hasAcademicAdvisor>  ?c  ?c  <hasAcademicAdvisor>  ?b   => ?a  <hasAcademicAdvisor>  ?b	<Jean-Marie_De_Koninck>	<hasAcademicAdvisor>	<Hans_Rademacher>	TrainingSource	False
?a  <hasAcademicAdvisor>  ?c  ?c  <hasAcademicAdvisor>  ?b   => ?a  <hasAcademicAdvisor>  ?b	<Gustav_de_Vries>	<hasAcademicAdvisor>	<Johannes_Diderik_van_der_Waals>	TrainingSource	False
?a  <hasAcademicAdvisor>  ?c  ?c  <hasAcademicAdvisor>  ?b   => ?a  <hasAcademicAdvisor>  ?b	<Alfred_Horn>	<hasAcademicAdvisor>	<Maxime_Bôcher>	TrainingSource	False
?a  <hasAcademicAdvisor>  ?c  ?c  <hasAcademicAdvisor>  ?b   => ?a  <hasAcademicAdvisor>  ?b	<Emil_Erlenmeyer>	<hasAcademicAdvisor>	<Karl_Wilhelm_Gottlob_Kastner>	TrainingSource	False
?a  <hasAcademicAdvisor>  ?c  ?c  <hasAcademicAdvisor>  ?b   => ?a  <hasAcademicAdvisor>  ?b	<Robert_Geroch>	<hasAcademicAdvisor>	<Karl_Herzfeld>	TrainingSource	False
?a  <hasAcademicAdvisor>  ?c  ?c  <hasAcademicAdvisor>  ?b   => ?a  <hasAcademicAdvisor>  ?b	<Charles_Émile_Picard>	<hasAcademicAdvisor>	<Michel_Chasles>	TrainingSource	False
?a  <hasAcademicAdvisor>  ?c  ?c  <hasAcademicAdvisor>  ?b   => ?a  <hasAcademicAdvisor>  ?b	<Octavio_Novaro>	<hasAcademicAdvisor>	<Eugene_Wigner>	TrainingSource	False
?a  <hasAcademicAdvisor>  ?c  ?c  <hasAcademicAdvisor>  ?b   => ?a  <hasAcademicAdvisor>  ?b	<Kamran_Eshraghian>	<hasAcademicAdvisor>	<Ronald_Ernest_Aitchison>	TrainingSource	False
?a  <hasAcademicAdvisor>  ?c  ?c  <hasAcademicAdvisor>  ?b   => ?a  <hasAcademicAdvisor>  ?b	<Athanassios_S._Fokas>	<hasAcademicAdvisor>	<Salomon_Bochner>	TrainingSource	False
?a  <hasAcademicAdvisor>  ?c  ?c  <hasAcademicAdvisor>  ?b   => ?a  <hasAcademicAdvisor>  ?b	<Felix_Villars>	<hasAcademicAdvisor>	<Arnold_Sommerfeld>	TrainingSource	False
?a  <hasAcademicAdvisor>  ?c  ?c  <hasAcademicAdvisor>  ?b   => ?a  <hasAcademicAdvisor>  ?b	<Albert_Shiryaev>	<hasAcademicAdvisor>	<Nikolai_Luzin>	TrainingSource	False
?a  <isLeaderOf>  ?b   => ?a  <livesIn>  ?b	<Jim_Ferlo>	<livesIn>	<Pittsburgh>	TargetSource	True
?a  <hasAcademicAdvisor>  ?c  ?c  <livesIn>  ?b   => ?a  <livesIn>  ?b	<Johann_Christoph_Wichmannshausen>	<livesIn>	<Germany>	TargetSource	True
?a  <hasAcademicAdvisor>  ?c  ?c  <livesIn>  ?b   => ?a  <livesIn>  ?b	<Heinrich_Friedrich_Weber>	<livesIn>	<Germany>	TargetSource	True
?a  <hasChild>  ?c  ?c  <isCitizenOf>  ?b   => ?a  <isCitizenOf>  ?b	<Peter_Barry>	<isCitizenOf>	<Republic_of_Ireland>	TrainingSource	False
?a  <hasChild>  ?c  ?c  <isCitizenOf>  ?b   => ?a  <isCitizenOf>  ?b	<William_de_Montagu,_2nd_Baron_Montagu>	<isCitizenOf>	<England>	TrainingSource	False
?a  <hasChild>  ?c  ?c  <isCitizenOf>  ?b   => ?a  <isCitizenOf>  ?b	<Moses_Sofer>	<isCitizenOf>	<Hungary>	TrainingSource	False
?a  <hasChild>  ?c  ?c  <isCitizenOf>  ?b   => ?a  <isCitizenOf>  ?b	<Ruth_Roche,_Baroness_Fermoy>	<isCitizenOf>	<United_Kingdom>	TrainingSource	False
?a  <hasChild>  ?c  ?c  <isCitizenOf>  ?b   => ?a  <isCitizenOf>  ?b	<Edmund_Dudley>	<isCitizenOf>	<England>	TrainingSource	False
?a  <hasChild>  ?c  ?c  <isCitizenOf>  ?b   => ?a  <isCitizenOf>  ?b	<Edwin_Abbott_(educator)>	<isCitizenOf>	<England>	TrainingSource	False
?a  <hasChild>  ?c  ?c  <isCitizenOf>  ?b   => ?a  <isCitizenOf>  ?b	<Nigel_Norman>	<isCitizenOf>	<United_Kingdom>	TrainingSource	False
?a  <hasChild>  ?c  ?c  <isCitizenOf>  ?b   => ?a  <isCitizenOf>  ?b	<William_Saunders_(scientist)>	<isCitizenOf>	<Canada>	TrainingSource	False
?a  <hasChild>  ?c  ?c  <isCitizenOf>  ?b   => ?a  <isCitizenOf>  ?b	<Anton_Koolhaas>	<isCitizenOf>	<Netherlands>	TrainingSource	False
?a  <hasChild>  ?c  ?c  <isCitizenOf>  ?b   => ?a  <isCitizenOf>  ?b	<Anne_Hathaway_(Shakespeare)>	<isCitizenOf>	<England>	TrainingSource	False
?a  <hasChild>  ?c  ?c  <isCitizenOf>  ?b   => ?a  <isCitizenOf>  ?b	<David_Mountbatten,_3rd_Marquess_of_Milford_Haven>	<isCitizenOf>	<United_Kingdom>	TrainingSource	False
?a  <hasChild>  ?c  ?c  <isCitizenOf>  ?b   => ?a  <isCitizenOf>  ?b	<Aditya_Vikram_Birla>	<isCitizenOf>	<India>	TrainingSource	False
?a  <hasChild>  ?c  ?c  <isCitizenOf>  ?b   => ?a  <isCitizenOf>  ?b	<Asif_Ali_Zardari>	<isCitizenOf>	<Pakistan>	TrainingSource	False
?a  <hasChild>  ?c  ?c  <isCitizenOf>  ?b   => ?a  <isCitizenOf>  ?b	<Beatrice_of_England>	<isCitizenOf>	<England>	TrainingSource	False
?a  <hasChild>  ?c  ?c  <isCitizenOf>  ?b   => ?a  <isCitizenOf>  ?b	<Percival_Levett>	<isCitizenOf>	<England>	TrainingSource	False
?a  <hasChild>  ?c  ?c  <isCitizenOf>  ?b   => ?a  <isCitizenOf>  ?b	<Fujiwara_no_Umakai>	<isCitizenOf>	<Japan>	TargetSource	True
?a  <hasChild>  ?c  ?c  <isCitizenOf>  ?b   => ?a  <isCitizenOf>  ?b	<Richard_Grenville_(politician)>	<isCitizenOf>	<England>	TrainingSource	False
?a  <hasChild>  ?c  ?c  <isCitizenOf>  ?b   => ?a  <isCitizenOf>  ?b	<Maurice_Roche,_4th_Baron_Fermoy>	<isCitizenOf>	<United_Kingdom>	TrainingSource	False
?a  <hasChild>  ?c  ?c  <isCitizenOf>  ?b   => ?a  <isCitizenOf>  ?b	<Colin_Vaughan>	<isCitizenOf>	<Canada>	TrainingSource	False
?a  <hasChild>  ?c  ?c  <isCitizenOf>  ?b   => ?a  <isCitizenOf>  ?b	<Anton_Philips>	<isCitizenOf>	<Netherlands>	TrainingSource	False
?a  <hasChild>  ?c  ?c  <isCitizenOf>  ?b   => ?a  <isCitizenOf>  ?b	<Mohamed_Al-Fayed>	<isCitizenOf>	<Egypt>	TargetSource	True
?a  <hasChild>  ?c  ?c  <isCitizenOf>  ?b   => ?a  <isCitizenOf>  ?b	<Ian_Balding>	<isCitizenOf>	<United_Kingdom>	TrainingSource	False
?a  <hasChild>  ?c  ?c  <isCitizenOf>  ?b   => ?a  <isCitizenOf>  ?b	<Sir_Henry_Vane-Tempest,_2nd_Baronet>	<isCitizenOf>	<England>	TrainingSource	False
?a  <hasChild>  ?c  ?c  <isCitizenOf>  ?b   => ?a  <isCitizenOf>  ?b	<Winifred_Wagner>	<isCitizenOf>	<Germany>	TrainingSource	False
?a  <hasChild>  ?c  ?c  <isCitizenOf>  ?b   => ?a  <isCitizenOf>  ?b	<Heidi_Sørensen>	<isCitizenOf>	<Norway>	TrainingSource	False
?a  <hasChild>  ?c  ?c  <isCitizenOf>  ?b   => ?a  <isCitizenOf>  ?b	<Ghassan_Tueni>	<isCitizenOf>	<Lebanon>	TrainingSource	False
?a  <hasChild>  ?c  ?c  <isCitizenOf>  ?b   => ?a  <isCitizenOf>  ?b	<Zulfikar_Ali_Bhutto>	<isCitizenOf>	<Pakistan>	TrainingSource	False
?a  <hasChild>  ?c  ?c  <isCitizenOf>  ?b   => ?a  <isCitizenOf>  ?b	<Julius_Leopold_Pagel>	<isCitizenOf>	<Germany>	TrainingSource	False
?a  <hasChild>  ?c  ?c  <isCitizenOf>  ?b   => ?a  <isCitizenOf>  ?b	<Angela_Hitler>	<isCitizenOf>	<Austria>	TrainingSource	False
?a  <hasChild>  ?c  ?c  <isCitizenOf>  ?b   => ?a  <isCitizenOf>  ?b	<Shân_Legge-Bourke>	<isCitizenOf>	<United_Kingdom>	TrainingSource	False
?a  <influences>  ?c  ?c  <graduatedFrom>  ?b   => ?a  <graduatedFrom>  ?b	<Charles_Simonyi>	<graduatedFrom>	<University_of_British_Columbia>	TrainingSource	False
?a  <influences>  ?c  ?c  <graduatedFrom>  ?b   => ?a  <graduatedFrom>  ?b	<Irving_Copi>	<graduatedFrom>	<University_of_Iowa>	TrainingSource	False
?a  <influences>  ?c  ?c  <graduatedFrom>  ?b   => ?a  <graduatedFrom>  ?b	<Willard_Van_Orman_Quine>	<graduatedFrom>	<Harvard_University>	TrainingSource	False
?a  <influences>  ?c  ?c  <graduatedFrom>  ?b   => ?a  <graduatedFrom>  ?b	<Dylan_Thomas>	<graduatedFrom>	<Smith_College>	TrainingSource	False
?a  <influences>  ?c  ?c  <graduatedFrom>  ?b   => ?a  <graduatedFrom>  ?b	<Sheridan_Le_Fanu>	<graduatedFrom>	<Harvard_Law_School>	TrainingSource	False
?a  <influences>  ?c  ?c  <graduatedFrom>  ?b   => ?a  <graduatedFrom>  ?b	<Arthur_Rimbaud>	<graduatedFrom>	<University_of_Amsterdam>	TrainingSource	False
?a  <influences>  ?c  ?c  <graduatedFrom>  ?b   => ?a  <graduatedFrom>  ?b	<Harold_Garfinkel>	<graduatedFrom>	<Duke_University>	TrainingSource	False
?a  <influences>  ?c  ?c  <graduatedFrom>  ?b   => ?a  <graduatedFrom>  ?b	<James_Joyce>	<graduatedFrom>	<University_of_Iowa>	TrainingSource	False
?a  <influences>  ?c  ?c  <graduatedFrom>  ?b   => ?a  <graduatedFrom>  ?b	<David_Gregory_(mathematician)>	<graduatedFrom>	<University_of_Glasgow>	TrainingSource	False
?a  <influences>  ?c  ?c  <graduatedFrom>  ?b   => ?a  <graduatedFrom>  ?b	<Alexandre_Herculano>	<graduatedFrom>	<University_of_Coimbra>	TrainingSource	False
?a  <influences>  ?c  ?c  <graduatedFrom>  ?b   => ?a  <graduatedFrom>  ?b	<Jane_Goodall>	<graduatedFrom>	<American_University>	TrainingSource	False
?a  <influences>  ?c  ?c  <graduatedFrom>  ?b   => ?a  <graduatedFrom>  ?b	<Vladimir_Nabokov>	<graduatedFrom>	<University_of_Kent>	TrainingSource	False
?a  <influences>  ?c  ?c  <graduatedFrom>  ?b   => ?a  <graduatedFrom>  ?b	<Asghar_Qadir>	<graduatedFrom>	<ETH_Zurich>	TrainingSource	False
?a  <influences>  ?c  ?c  <graduatedFrom>  ?b   => ?a  <graduatedFrom>  ?b	<Friedrich_Wöhler>	<graduatedFrom>	<University_of_Göttingen>	TrainingSource	False
?a  <influences>  ?c  ?c  <graduatedFrom>  ?b   => ?a  <graduatedFrom>  ?b	<Karl_Marx>	<graduatedFrom>	<Fisk_University>	TrainingSource	False
?a  <influences>  ?c  ?c  <graduatedFrom>  ?b   => ?a  <graduatedFrom>  ?b	<Ayn_Rand>	<graduatedFrom>	<Gettysburg_College>	TrainingSource	False
?a  <influences>  ?c  ?c  <graduatedFrom>  ?b   => ?a  <graduatedFrom>  ?b	<Ian_Stevenson>	<graduatedFrom>	<University_of_Pennsylvania>	TrainingSource	False
?a  <influences>  ?c  ?c  <graduatedFrom>  ?b   => ?a  <graduatedFrom>  ?b	<Jacob_Marschak>	<graduatedFrom>	<University_of_Warsaw>	TrainingSource	False
?a  <influences>  ?c  ?c  <graduatedFrom>  ?b   => ?a  <graduatedFrom>  ?b	<Charles_Lafontaine>	<graduatedFrom>	<University_of_Edinburgh>	TrainingSource	False
?a  <influences>  ?c  ?c  <graduatedFrom>  ?b   => ?a  <graduatedFrom>  ?b	<George_Carlin>	<graduatedFrom>	<Emerson_College>	TrainingSource	False
?a  <influences>  ?c  ?c  <graduatedFrom>  ?b   => ?a  <graduatedFrom>  ?b	<Tjalling_Koopmans>	<graduatedFrom>	<University_of_Warsaw>	TrainingSource	False
?a  <influences>  ?c  ?c  <graduatedFrom>  ?b   => ?a  <graduatedFrom>  ?b	<Robert_S._Barton>	<graduatedFrom>	<University_of_Colorado_at_Boulder>	TrainingSource	False
?a  <influences>  ?c  ?c  <graduatedFrom>  ?b   => ?a  <graduatedFrom>  ?b	<Georges_Cuvier>	<graduatedFrom>	<Catholic_University_of_Leuven>	TrainingSource	False
?a  <influences>  ?c  ?c  <graduatedFrom>  ?b   => ?a  <graduatedFrom>  ?b	<Mikhail_Bulgakov>	<graduatedFrom>	<University_of_Kent>	TrainingSource	False
?a  <influences>  ?c  ?c  <graduatedFrom>  ?b   => ?a  <graduatedFrom>  ?b	<Karl_Marx>	<graduatedFrom>	<University_of_Havana>	TrainingSource	False
?a  <influences>  ?c  ?c  <graduatedFrom>  ?b   => ?a  <graduatedFrom>  ?b	<Carroll_Quigley>	<graduatedFrom>	<San_Bernardino_Valley_College>	TrainingSource	False
?a  <influences>  ?c  ?c  <graduatedFrom>  ?b   => ?a  <graduatedFrom>  ?b	<Harold_Davenport>	<graduatedFrom>	<University_of_Oxford>	TrainingSource	False
?a  <influences>  ?c  ?c  <graduatedFrom>  ?b   => ?a  <graduatedFrom>  ?b	<Alfred_Radcliffe-Brown>	<graduatedFrom>	<University_of_Sydney>	TrainingSource	False
?a  <influences>  ?c  ?c  <graduatedFrom>  ?b   => ?a  <graduatedFrom>  ?b	<Jin_Yuelin>	<graduatedFrom>	<University_of_Pennsylvania>	TrainingSource	False
?a  <influences>  ?c  ?c  <graduatedFrom>  ?b   => ?a  <graduatedFrom>  ?b	<Johann_Wolfgang_von_Goethe>	<graduatedFrom>	<University_of_Edinburgh>	TrainingSource	False
