?a  <hasChild>  ?b  ?b  <isMarriedTo>  ?a   => ?a  <isMarriedTo>  ?b	<Joe_Martin_(All_My_Children)>	<isMarriedTo>	<Ruth_Martin_(All_My_Children)>	ManualEvaluation	True
?a  <isKnownFor>  ?b   => ?a  <created>  ?b	<Martin_Newell_(computer_scientist)>	<created>	<Newell's_algorithm>	ManualEvaluation	True
?a  <isKnownFor>  ?b   => ?a  <created>  ?b	<James_Hendler>	<created>	<Semantic_Web>	ManualEvaluation	True
?a  <isKnownFor>  ?b   => ?a  <created>  ?b	<Chris_Cuthbert>	<created>	<Canadian_Football_League>	ManualEvaluation	False
?a  <isKnownFor>  ?b   => ?a  <created>  ?b	<Jonas_Gilman_Clark>	<created>	<Clark_University>	ManualEvaluation	True
?a  <isKnownFor>  ?b   => ?a  <created>  ?b	<Giorgio_Agamben>	<created>	<Homo_sacer>	ManualEvaluation	True
?a  <isKnownFor>  ?b   => ?a  <created>  ?b	<John_Archibald_Wheeler>	<created>	<Geometrodynamics>	ManualEvaluation	True
?a  <isKnownFor>  ?b   => ?a  <created>  ?b	<Pierre_Lorillard_III>	<created>	<Tuxedo_Park,_New_York>	ManualEvaluation	True
?a  <isKnownFor>  ?b   => ?a  <created>  ?b	<Fernand_Sastre>	<created>	<Association_football>	ManualEvaluation	False
?a  <isKnownFor>  ?b   => ?a  <created>  ?b	<Michael_Eisen>	<created>	<Public_Library_of_Science>	ManualEvaluation	True
?a  <isKnownFor>  ?b   => ?a  <created>  ?b	<Dovey_Johnson_Roundtree>	<created>	<Margaret_Brent>	ManualEvaluation	False
?a  <isKnownFor>  ?b   => ?a  <created>  ?b	<Immanuel_Kant>	<created>	<Nebular_hypothesis>	ManualEvaluation	True
?a  <isKnownFor>  ?b   => ?a  <created>  ?b	<Francis_J._Banfield>	<created>	<New_York_Draft_Riots>	ManualEvaluation	False
?a  <isKnownFor>  ?b   => ?a  <created>  ?b	<J._A._Todd>	<created>	<Todd_class>	ManualEvaluation	True
?a  <isKnownFor>  ?b   => ?a  <created>  ?b	<Diane_Hegarty>	<created>	<Church_of_Satan>	ManualEvaluation	True
?a  <isKnownFor>  ?b   => ?a  <created>  ?b	<Masud_Ahmad>	<created>	<Quantum_electrodynamics>	ManualEvaluation	Unknown
?a  <isKnownFor>  ?b   => ?a  <created>  ?b	<Michael_Baden>	<created>	<John_F._Kennedy_assassination>	ManualEvaluation	False
?a  <isKnownFor>  ?b   => ?a  <created>  ?b	<Pervez_Hoodbhoy>	<created>	<Parton_distribution_functions>	ManualEvaluation	False
?a  <isKnownFor>  ?b   => ?a  <created>  ?b	<Noam_Chomsky>	<created>	<X-bar_theory>	ManualEvaluation	Unknown
?a  <isKnownFor>  ?b   => ?a  <created>  ?b	<Gilles_Deleuze>	<created>	<Body_without_organs>	ManualEvaluation	True
?a  <isKnownFor>  ?b   => ?a  <created>  ?b	<Anthony_Allaire>	<created>	<Slaughter_House_Gang>	ManualEvaluation	False
?a  <isKnownFor>  ?b   => ?a  <created>  ?b	<Charles_de_Secondat>	<created>	<_baron_de_Montesquieu,Executive_(government)>	ManualEvaluation	False
?a  <isKnownFor>  ?b   => ?a  <created>  ?b	<Klaus_Klostermaier>	<created>	<Sanskrit>	ManualEvaluation	False
?a  <isKnownFor>  ?b   => ?a  <created>  ?b	<Wainai_Sadayuki>	<created>	<Lake_Towada>	ManualEvaluation	False
?a  <isKnownFor>  ?b   => ?a  <created>  ?b	<Adrien-Marie_Legendre>	<created>	<Lagrangian>	ManualEvaluation	True
?a  <isKnownFor>  ?b   => ?a  <created>  ?b	<William_Jones_(gangster)>	<created>	<Gas_House_Gang>	ManualEvaluation	False
?a  <isKnownFor>  ?b   => ?a  <created>  ?b	<Robert_Kardashian>	<created>	<O._J._Simpson>	ManualEvaluation	False
?a  <isKnownFor>  ?b   => ?a  <created>  ?b	<Thomas_Kirkman>	<created>	<Kirkman's_schoolgirl_problem>	ManualEvaluation	True
?a  <isKnownFor>  ?b   => ?a  <created>  ?b	<Bram_van_Leer>	<created>	<MUSCL_scheme>	ManualEvaluation	True
?a  <isKnownFor>  ?b   => ?a  <created>  ?b	<Jacques_de_Molay>	<created>	<Knights_Templar>	ManualEvaluation	False
?a  <created>  ?f  ?f  <hasChild>  ?b   => ?a  <created>  ?b	<Matthew_Labine>	<created>	<Danielle_Rayburn>	ManualEvaluation	False
?a  <actedIn>  ?b  ?a  <directed>  ?b   => ?a  <created>  ?b	<Y1lmaz_GÃ¼ney>	<created>	<Umut>	ManualEvaluation	True
?a  <actedIn>  ?b  ?a  <directed>  ?b   => ?a  <created>  ?b	<Wu_Ma>	<created>	<Just_Heroes>	ManualEvaluation	Unknown
?a  <actedIn>  ?b  ?a  <directed>  ?b   => ?a  <created>  ?b	<Lou_Diamond_Phillips>	<created>	<Sioux_City_(film)>	ManualEvaluation	False
?a  <actedIn>  ?b  ?a  <directed>  ?b   => ?a  <created>  ?b	<Denis_Leary>	<created>	<Favorite_Deadly_Sins>	ManualEvaluation	False
?a  <actedIn>  ?b  ?a  <directed>  ?b   => ?a  <created>  ?b	<Al_Pacino>	<created>	<Chinese_Coffee>	ManualEvaluation	False
?a  <actedIn>  ?b  ?a  <directed>  ?b   => ?a  <created>  ?b	<Sunil_Dutt>	<created>	<Yaadein_(1964_film)>	ManualEvaluation	False
?a  <actedIn>  ?b  ?a  <directed>  ?b   => ?a  <created>  ?b	<Dane_Cook>	<created>	<Tourgasm>	ManualEvaluation	True
?a  <actedIn>  ?b  ?a  <directed>  ?b   => ?a  <created>  ?b	<Lucas_Belvaux>	<created>	<Nature_contre_nature>	ManualEvaluation	True
?a  <actedIn>  ?b  ?a  <directed>  ?b   => ?a  <created>  ?b	<Warren_Beatty>	<created>	<Dick_Tracy_(1990_film)>	ManualEvaluation	False
?a  <actedIn>  ?b  ?a  <directed>  ?b   => ?a  <created>  ?b	<Palito_Ortega>	<created>	<Brigada_en_acciÃ³n>	ManualEvaluation	False
?a  <actedIn>  ?b  ?a  <directed>  ?b   => ?a  <created>  ?b	<Lou_Diamond_Phillips>	<created>	<Dangerous_Touch>	ManualEvaluation	False
?a  <actedIn>  ?b  ?a  <directed>  ?b   => ?a  <created>  ?b	<Sunil_Dutt>	<created>	<Reshma_Aur_Shera>	ManualEvaluation	False
?a  <actedIn>  ?b  ?a  <directed>  ?b   => ?a  <created>  ?b	<Chris_Rock>	<created>	<I_Think_I_Love_My_Wife>	ManualEvaluation	True
?a  <actedIn>  ?b  ?a  <directed>  ?b   => ?a  <created>  ?b	<Cliff_Robertson>	<created>	<The_Pilot_(film)>	ManualEvaluation	False
?a  <actedIn>  ?b  ?a  <directed>  ?b   => ?a  <created>  ?b	<John_Wayne>	<created>	<The_Longest_Day_(film)>	ManualEvaluation	False
?a  <actedIn>  ?b  ?a  <directed>  ?b   => ?a  <created>  ?b	<Michael_Keaton>	<created>	<The_Merry_Gentleman>	ManualEvaluation	False
?a  <actedIn>  ?b  ?a  <directed>  ?b   => ?a  <created>  ?b	<John_Wayne>	<created>	<The_Green_Berets_(film)>	ManualEvaluation	False
?a  <actedIn>  ?b  ?a  <directed>  ?b   => ?a  <created>  ?b	<Emilio_Estevez>	<created>	<Bobby_(2006_film)>	ManualEvaluation	True
?a  <actedIn>  ?b  ?a  <directed>  ?b   => ?a  <created>  ?b	<Kenneth_Branagh>	<created>	<Peter's_Friends>	ManualEvaluation	False
?a  <actedIn>  ?b  ?a  <directed>  ?b   => ?a  <created>  ?b	<Burt_Reynolds>	<created>	<The_Man_From_Left_Field>	ManualEvaluation	False
?a  <actedIn>  ?b  ?a  <directed>  ?b   => ?a  <created>  ?b	<Burt_Reynolds>	<created>	<Sharky's_Machine_(film)>	ManualEvaluation	False
?a  <actedIn>  ?b  ?a  <directed>  ?b   => ?a  <created>  ?b	<Emilio_Estevez>	<created>	<The_War_at_Home_(film)>	ManualEvaluation	False
?a  <actedIn>  ?b  ?a  <directed>  ?b   => ?a  <created>  ?b	<Sunil_Dutt>	<created>	<Daaku_Aur_Jawan>	ManualEvaluation	Unknown
?a  <actedIn>  ?b  ?a  <directed>  ?b   => ?a  <created>  ?b	<Palito_Ortega>	<created>	<Amigos_para_La_Aventura>	ManualEvaluation	False
?a  <actedIn>  ?b  ?a  <directed>  ?b   => ?a  <created>  ?b	<Lou_Diamond_Phillips>	<created>	<Love_Takes_Wing>	ManualEvaluation	False
?a  <actedIn>  ?b  ?a  <directed>  ?b   => ?a  <created>  ?b	<Kenneth_Branagh>	<created>	<Dead_Again>	ManualEvaluation	False
?a  <actedIn>  ?b  ?a  <directed>  ?b   => ?a  <created>  ?b	<Frank_Buck_(animal_collector)>	<created>	<Jungle_Cavalcade_(1941_film)>	ManualEvaluation	False
?a  <actedIn>  ?b  ?a  <directed>  ?b   => ?a  <produced>  ?b	<Kamal_Haasan>	<produced>	<Virumaandi>	ManualEvaluation	True
?a  <actedIn>  ?b  ?a  <directed>  ?b   => ?a  <produced>  ?b	<Lillete_Dubey>	<produced>	<30_Days_in_September_(Play)>	ManualEvaluation	False
?a  <actedIn>  ?b  ?a  <directed>  ?b   => ?a  <produced>  ?b	<Y1lmaz_GÃ¼ney>	<produced>	<Umut>	ManualEvaluation	True
?a  <actedIn>  ?b  ?a  <directed>  ?b   => ?a  <produced>  ?b	<Bob_Saget>	<produced>	<Becoming_Dick>	ManualEvaluation	False
?a  <actedIn>  ?b  ?a  <directed>  ?b   => ?a  <produced>  ?b	<Dodo_Abashidze>	<produced>	<The_Legend_of_Suram_Fortress>	ManualEvaluation	False
?a  <actedIn>  ?b  ?a  <directed>  ?b   => ?a  <produced>  ?b	<Denis_Leary>	<produced>	<Favorite_Deadly_Sins>	ManualEvaluation	Unknown
?a  <actedIn>  ?b  ?a  <directed>  ?b   => ?a  <produced>  ?b	<Sunil_Dutt>	<produced>	<Yaadein_(1964_film)>	ManualEvaluation	True
?a  <actedIn>  ?b  ?a  <directed>  ?b   => ?a  <produced>  ?b	<John_Wayne>	<produced>	<The_Undefeated_(1969_film)>	ManualEvaluation	False
?a  <actedIn>  ?b  ?a  <directed>  ?b   => ?a  <produced>  ?b	<Lucas_Belvaux>	<produced>	<Nature_contre_nature>	ManualEvaluation	Unknown
?a  <actedIn>  ?b  ?a  <directed>  ?b   => ?a  <produced>  ?b	<Palito_Ortega>	<produced>	<Brigada_en_acciÃ³n>	ManualEvaluation	Unknown
?a  <actedIn>  ?b  ?a  <directed>  ?b   => ?a  <produced>  ?b	<Lucas_Belvaux>	<produced>	<Cavale>	ManualEvaluation	False
?a  <actedIn>  ?b  ?a  <directed>  ?b   => ?a  <produced>  ?b	<Lou_Diamond_Phillips>	<produced>	<Sioux_City_(film)>	ManualEvaluation	False
?a  <actedIn>  ?b  ?a  <directed>  ?b   => ?a  <produced>  ?b	<Tom_Hanks>	<produced>	<That_Thing_You_Do!>	ManualEvaluation	False
?a  <actedIn>  ?b  ?a  <directed>  ?b   => ?a  <produced>  ?b	<Alex_Chandon>	<produced>	<Night_Pastor>	ManualEvaluation	False
?a  <actedIn>  ?b  ?a  <directed>  ?b   => ?a  <produced>  ?b	<Kenneth_Branagh>	<produced>	<Hamlet_(1996_film)>	ManualEvaluation	False
?a  <actedIn>  ?b  ?a  <directed>  ?b   => ?a  <produced>  ?b	<Cliff_Robertson>	<produced>	<The_Pilot_(film)>	ManualEvaluation	Unknown
?a  <actedIn>  ?b  ?a  <directed>  ?b   => ?a  <produced>  ?b	<John_Wayne>	<produced>	<The_Longest_Day_(film)>	ManualEvaluation	False
?a  <actedIn>  ?b  ?a  <directed>  ?b   => ?a  <produced>  ?b	<Kenneth_Branagh>	<produced>	<Frankenstein_(1994_film)>	ManualEvaluation	False
?a  <actedIn>  ?b  ?a  <directed>  ?b   => ?a  <produced>  ?b	<John_Wayne>	<produced>	<The_Green_Berets_(film)>	ManualEvaluation	False
?a  <actedIn>  ?b  ?a  <directed>  ?b   => ?a  <produced>  ?b	<Emilio_Estevez>	<produced>	<Bobby_(2006_film)>	ManualEvaluation	False
?a  <actedIn>  ?b  ?a  <directed>  ?b   => ?a  <produced>  ?b	<John_Lennon>	<produced>	<Imagine_(film)>	ManualEvaluation	False
?a  <actedIn>  ?b  ?a  <directed>  ?b   => ?a  <produced>  ?b	<Al_Pacino>	<produced>	<Chinese_Coffee>	ManualEvaluation	False
?a  <actedIn>  ?b  ?a  <directed>  ?b   => ?a  <produced>  ?b	<Sunil_Dutt>	<produced>	<Daaku_Aur_Jawan>	ManualEvaluation	Unknown
?a  <actedIn>  ?b  ?a  <directed>  ?b   => ?a  <produced>  ?b	<Palito_Ortega>	<produced>	<Amigos_para_La_Aventura>	ManualEvaluation	Unknown
?a  <actedIn>  ?b  ?a  <directed>  ?b   => ?a  <produced>  ?b	<Lou_Diamond_Phillips>	<produced>	<Love_Takes_Wing>	ManualEvaluation	False
?a  <actedIn>  ?b  ?a  <directed>  ?b   => ?a  <produced>  ?b	<Burt_Reynolds>	<produced>	<The_End_(film)>	ManualEvaluation	False
?a  <actedIn>  ?b  ?a  <directed>  ?b   => ?a  <produced>  ?b	<Frank_Buck_(animal_collector)>	<produced>	<Jungle_Cavalcade_(1941_film)>	ManualEvaluation	False
?a  <actedIn>  ?b  ?a  <directed>  ?b   => ?a  <produced>  ?b	<Dane_Cook>	<produced>	<Tourgasm>	ManualEvaluation	False
?a  <actedIn>  ?b  ?a  <directed>  ?b   => ?a  <produced>  ?b	<Emilio_Estevez>	<produced>	<Wisdom_(film)>	ManualEvaluation	False
?a  <actedIn>  ?b  ?a  <directed>  ?b   => ?a  <produced>  ?b	<Michael_Keaton>	<produced>	<The_Merry_Gentleman>	ManualEvaluation	False
?b  <hasChild>  ?a  ?a  <hasChild>  ?b   => ?a  <isMarriedTo>  ?b	<Rick_Bauer_(Guiding_Light)>	<isMarriedTo>	<Harley_Cooper>	ManualEvaluation	False
?b  <hasChild>  ?a  ?a  <hasChild>  ?b   => ?a  <isMarriedTo>  ?b	<Harley_Cooper>	<isMarriedTo>	<Rick_Bauer_(Guiding_Light)>	ManualEvaluation	False
?a  <actedIn>  ?b  ?a  <produced>  ?b   => ?a  <created>  ?b	<James_Woods>	<created>	<Another_Day_in_Paradise_(film)>	ManualEvaluation	False
?a  <actedIn>  ?b  ?a  <produced>  ?b   => ?a  <created>  ?b	<Carla_Gugino>	<created>	<Judas_Kiss_(1998_film)>	ManualEvaluation	False
?a  <actedIn>  ?b  ?a  <produced>  ?b   => ?a  <created>  ?b	<Alain_Delon>	<created>	<Death_of_a_Corrupt_Man>	ManualEvaluation	False
?a  <actedIn>  ?b  ?a  <produced>  ?b   => ?a  <created>  ?b	<Kamal_Haasan>	<created>	<Kuruthipunal>	ManualEvaluation	True
?a  <actedIn>  ?b  ?a  <produced>  ?b   => ?a  <created>  ?b	<Frankie_Chan>	<created>	<Carry_On_Pickpocket>	ManualEvaluation	False
?a  <actedIn>  ?b  ?a  <produced>  ?b   => ?a  <created>  ?b	<Eddie_Murphy>	<created>	<Life_(film)>	ManualEvaluation	True
?a  <actedIn>  ?b  ?a  <produced>  ?b   => ?a  <created>  ?b	<Bruce_Willis>	<created>	<Hostage_(film)>	ManualEvaluation	False
?a  <actedIn>  ?b  ?a  <produced>  ?b   => ?a  <created>  ?b	<Saif_Ali_Khan>	<created>	<Love_Aaj_Kal>	ManualEvaluation	False
?a  <actedIn>  ?b  ?a  <produced>  ?b   => ?a  <created>  ?b	<Tom_Hanks>	<created>	<Charlie_Wilson's_War>	ManualEvaluation	False
?a  <actedIn>  ?b  ?a  <produced>  ?b   => ?a  <created>  ?b	<Kamal_Haasan>	<created>	<Sathi_Leelavathi>	ManualEvaluation	False
?a  <actedIn>  ?b  ?a  <produced>  ?b   => ?a  <created>  ?b	<Sanjay_Dutt>	<created>	<Zinda_(film)>	ManualEvaluation	False
?a  <actedIn>  ?b  ?a  <produced>  ?b   => ?a  <created>  ?b	<Sunil_Dutt>	<created>	<Mujhe_Jeene_Do>	ManualEvaluation	False
?a  <actedIn>  ?b  ?a  <produced>  ?b   => ?a  <created>  ?b	<Jim_Carrey>	<created>	<Bruce_Almighty>	ManualEvaluation	False
?a  <actedIn>  ?b  ?a  <produced>  ?b   => ?a  <created>  ?b	<Richard_Attenborough>	<created>	<The_Angry_Silence>	ManualEvaluation	False
?a  <actedIn>  ?b  ?a  <produced>  ?b   => ?a  <created>  ?b	<Tom_Hanks>	<created>	<Cast_Away>	ManualEvaluation	False
?a  <actedIn>  ?b  ?a  <produced>  ?b   => ?a  <created>  ?b	<Martin_Lawrence>	<created>	<What's_the_Worst_That_Could_Happen?>	ManualEvaluation	False
?a  <actedIn>  ?b  ?a  <produced>  ?b   => ?a  <created>  ?b	<Amitabh_Bachchan>	<created>	<Viruddh..._Family_Comes_First>	ManualEvaluation	False
?a  <actedIn>  ?b  ?a  <produced>  ?b   => ?a  <created>  ?b	<Saif_Ali_Khan>	<created>	<Agent_Vinod_(2011_film)>	ManualEvaluation	False
?a  <actedIn>  ?b  ?a  <produced>  ?b   => ?a  <created>  ?b	<Chris_Rock>	<created>	<Death_at_a_Funeral_(2010_film)>	ManualEvaluation	False
?a  <actedIn>  ?b  ?a  <produced>  ?b   => ?a  <created>  ?b	<Amitabh_Bachchan>	<created>	<Aladin_2>	ManualEvaluation	False
?a  <actedIn>  ?b  ?a  <produced>  ?b   => ?a  <created>  ?b	<Russell_Crowe>	<created>	<Robin_Hood_(2010_film)>	ManualEvaluation	False
?a  <actedIn>  ?b  ?a  <produced>  ?b   => ?a  <created>  ?b	<George_Lopez>	<created>	<Mr._Troop_Mom>	ManualEvaluation	False
?a  <actedIn>  ?b  ?a  <produced>  ?b   => ?a  <created>  ?b	<Kamal_Haasan>	<created>	<Mumbai_Express>	ManualEvaluation	True
?a  <actedIn>  ?b  ?a  <produced>  ?b   => ?a  <created>  ?b	<Alain_Delon>	<created>	<The_Return_of_Casanova>	ManualEvaluation	False
?a  <actedIn>  ?b  ?a  <produced>  ?b   => ?a  <created>  ?b	<John_Wayne>	<created>	<Island_in_the_Sky_(1953_film)>	ManualEvaluation	False
?a  <actedIn>  ?b  ?a  <produced>  ?b   => ?a  <created>  ?b	<Warren_Beatty>	<created>	<The_Parallax_View>	ManualEvaluation	False
?a  <actedIn>  ?b  ?a  <produced>  ?b   => ?a  <created>  ?b	<Pierce_Brosnan>	<created>	<Evelyn_(film)>	ManualEvaluation	False
?a  <actedIn>  ?b  ?a  <produced>  ?b   => ?a  <created>  ?b	<Pierce_Brosnan>	<created>	<The_Thomas_Crown_Affair_(1999_film)>	ManualEvaluation	False
?a  <actedIn>  ?b  ?a  <produced>  ?b   => ?a  <created>  ?b	<Mary-Kate_Olsen>	<created>	<New_York_Minute_(film)>	ManualEvaluation	False
?a  <created>  ?b   => ?a  <directed>  ?b	<Paul_Bracq>	<directed>	<Mercedes-Benz_W114>	ManualEvaluation	False
?a  <created>  ?b   => ?a  <directed>  ?b	<Jack_Kerouac>	<directed>	<Scattered_Poems>	ManualEvaluation	False
?a  <created>  ?b   => ?a  <directed>  ?b	<George_Schenck>	<directed>	<More_Dead_Than_Alive>	ManualEvaluation	False
?a  <created>  ?b   => ?a  <directed>  ?b	<Quicksilver_Messenger_Service>	<directed>	<Peace_by_Piece>	ManualEvaluation	False
?a  <created>  ?b   => ?a  <directed>  ?b	<Basil_Dickey>	<directed>	<The_Green_Hornet_(serial)>	ManualEvaluation	False
?a  <created>  ?b   => ?a  <directed>  ?b	<Nickelodeon_Studios>	<directed>	<The_Fairly_OddParents>	ManualEvaluation	False
?a  <created>  ?b   => ?a  <directed>  ?b	<Stacey_Q>	<directed>	<We_Connect>	ManualEvaluation	False
?a  <created>  ?b   => ?a  <directed>  ?b	<Felix_Cavaliere>	<directed>	<Groovin'>	ManualEvaluation	False
?a  <created>  ?b   => ?a  <directed>  ?b	<Stephen_King>	<directed>	<Sleepwalkers_(film)>	ManualEvaluation	False
?a  <created>  ?b   => ?a  <directed>  ?b	<Spirit_(band)>	<directed>	<Son_of_Spirit>	ManualEvaluation	False
?a  <created>  ?b   => ?a  <directed>  ?b	<MC_Ren>	<directed>	<Renincarnated>	ManualEvaluation	False
?a  <created>  ?b   => ?a  <directed>  ?b	<Nintendo_Research_&_Development_1>	<directed>	<Dr._Mario_(video_game)>	ManualEvaluation	False
?a  <created>  ?b   => ?a  <directed>  ?b	<Square_Co.>	<directed>	<Final_Fantasy_IX>	ManualEvaluation	False
?a  <created>  ?b   => ?a  <directed>  ?b	<The_Rolling_Stones>	<directed>	<Emotional_Rescue_(song)>	ManualEvaluation False
?a  <created>  ?b   => ?a  <directed>  ?b	<Catatonia_(band)>	<directed>	<Strange_Glue>	ManualEvaluation	False
?a  <created>  ?b   => ?a  <directed>  ?b	<Mandawuy_Yunupingu>	<directed>	<Treaty_(song)>	ManualEvaluation	False
?a  <created>  ?b   => ?a  <directed>  ?b	<Ray_Bradbury>	<directed>	<The_Veldt>	ManualEvaluation	False
?a  <created>  ?b   => ?a  <directed>  ?b	<Leo_Tolstoy>	<directed>	<Anna_Karenina_(1948_film)>	ManualEvaluation	False
?a  <created>  ?b   => ?a  <directed>  ?b	<Berton_Averre>	<directed>	<My_Sharona>	ManualEvaluation	False
?a  <created>  ?b   => ?a  <directed>  ?b	<Anthony_Horowitz>	<directed>	<Skeleton_Key_(novel)>	ManualEvaluation	False
?a  <created>  ?b   => ?a  <directed>  ?b	<Singer_Vinger>	<directed>	<Troinoi>	ManualEvaluation	False
?a  <created>  ?b   => ?a  <directed>  ?b	<Jack_Kerouac>	<directed>	<Beat_Generation_(play)>	ManualEvaluation	False
?a  <created>  ?b   => ?a  <directed>  ?b	<Michael_Swanwick>	<directed>	<Stations_of_the_Tide>	ManualEvaluation	False
?a  <created>  ?b   => ?a  <directed>  ?b	<Electronic_Arts>	<directed>	<Fountain_of_Dreams>	ManualEvaluation	False
?a  <created>  ?b   => ?a  <directed>  ?b	<Dave_Matthews_Band>	<directed>	<Live_Trax_Vol._14>	ManualEvaluation	False
?a  <created>  ?b   => ?a  <directed>  ?b	<Thomas_Mann>	<directed>	<The_Holy_Sinner>	ManualEvaluation	False
?a  <created>  ?b   => ?a  <directed>  ?b	<Keith_Jarrett>	<directed>	<Standards_Live>	ManualEvaluation	False
?a  <created>  ?b   => ?a  <directed>  ?b	<Stephen_King>	<directed>	<The_Langoliers>	ManualEvaluation	False
?a  <created>  ?b   => ?a  <directed>  ?b	<Rod_McKuen>	<directed>	<Jean_(song)>	ManualEvaluation	False
?a  <created>  ?b   => ?a  <directed>  ?b	<The_Rolling_Stones>	<directed>	<Under_My_Thumb>	ManualEvaluation	False
?a  <actedIn>  ?b  ?a  <produced>  ?b   => ?a  <directed>  ?b	<Dane_Cook>	<directed>	<My_Best_Friend's_Girl_(2008_film)>	ManualEvaluation	False
?a  <actedIn>  ?b  ?a  <produced>  ?b   => ?a  <directed>  ?b	<Carla_Gugino>	<directed>	<Judas_Kiss_(1998_film)>	ManualEvaluation	False
?a  <actedIn>  ?b  ?a  <produced>  ?b   => ?a  <directed>  ?b	<Alain_Delon>	<directed>	<Death_of_a_Corrupt_Man>	ManualEvaluation	False
?a  <actedIn>  ?b  ?a  <produced>  ?b   => ?a  <directed>  ?b	<Amitabh_Bachchan>	<directed>	<Aladin_2>	ManualEvaluation	False
?a  <actedIn>  ?b  ?a  <produced>  ?b   => ?a  <directed>  ?b	<Frankie_Chan>	<directed>	<Carry_On_Pickpocket>	ManualEvaluation	False
?a  <actedIn>  ?b  ?a  <produced>  ?b   => ?a  <directed>  ?b	<Eddie_Murphy>	<directed>	<Life_(film)>	ManualEvaluation	False	
?a  <actedIn>  ?b  ?a  <produced>  ?b   => ?a  <directed>  ?b	<John_Wayne>	<directed>	<The_Fighting_Kentuckian>	ManualEvaluation	False
?a  <actedIn>  ?b  ?a  <produced>  ?b   => ?a  <directed>  ?b	<Saif_Ali_Khan>	<directed>	<Love_Aaj_Kal>	ManualEvaluation	False
?a  <actedIn>  ?b  ?a  <produced>  ?b   => ?a  <directed>  ?b	<Tom_Hanks>	<directed>	<Charlie_Wilson's_War>	ManualEvaluation	False
?a  <actedIn>  ?b  ?a  <produced>  ?b   => ?a  <directed>  ?b	<James_Woods>	<directed>	<Another_Day_in_Paradise_(film)>	ManualEvaluation	False
?a  <actedIn>  ?b  ?a  <produced>  ?b   => ?a  <directed>  ?b	<Sanjay_Dutt>	<directed>	<Zinda_(film)>	ManualEvaluation	False
?a  <actedIn>  ?b  ?a  <produced>  ?b   => ?a  <directed>  ?b	<Sunil_Dutt>	<directed>	<Mujhe_Jeene_Do>	ManualEvaluation	False
?a  <actedIn>  ?b  ?a  <produced>  ?b   => ?a  <directed>  ?b	<Jim_Carrey>	<directed>	<Bruce_Almighty>	ManualEvaluation	False
?a  <actedIn>  ?b  ?a  <produced>  ?b   => ?a  <directed>  ?b	<Richard_Attenborough>	<directed>	<The_Angry_Silence>	ManualEvaluation	False
?a  <actedIn>  ?b  ?a  <produced>  ?b   => ?a  <directed>  ?b	<Tom_Hanks>	<directed>	<Cast_Away>	ManualEvaluation	False
?a  <actedIn>  ?b  ?a  <produced>  ?b   => ?a  <directed>  ?b	<Kamal_Haasan>	<directed>	<Unnaipol_Oruvan>	ManualEvaluation	False
?a  <actedIn>  ?b  ?a  <produced>  ?b   => ?a  <directed>  ?b	<John_Wayne>	<directed>	<Island_in_the_Sky_(1953_film)>	ManualEvaluation	False
?a  <actedIn>  ?b  ?a  <produced>  ?b   => ?a  <directed>  ?b	<Amitabh_Bachchan>	<directed>	<Viruddh..._Family_Comes_First>	ManualEvaluation	False
?a  <actedIn>  ?b  ?a  <produced>  ?b   => ?a  <directed>  ?b	<Saif_Ali_Khan>	<directed>	<Agent_Vinod_(2011_film)>	ManualEvaluation	False
?a  <actedIn>  ?b  ?a  <produced>  ?b   => ?a  <directed>  ?b	<Chris_Rock>	<directed>	<Death_at_a_Funeral_(2010_film)>	ManualEvaluation	False
?a  <actedIn>  ?b  ?a  <produced>  ?b   => ?a  <directed>  ?b	<John_Wayne>	<directed>	<Big_Jim_McLain>	ManualEvaluation	False
?a  <actedIn>  ?b  ?a  <produced>  ?b   => ?a  <directed>  ?b	<Bruce_Willis>	<directed>	<Hostage_(film)>	ManualEvaluation	False
?a  <actedIn>  ?b  ?a  <produced>  ?b   => ?a  <directed>  ?b	<George_Lopez>	<directed>	<Mr._Troop_Mom>	ManualEvaluation	False
?a  <actedIn>  ?b  ?a  <produced>  ?b   => ?a  <directed>  ?b	<Kamal_Haasan>	<directed>	<Mumbai_Express>	ManualEvaluation	False
?a  <actedIn>  ?b  ?a  <produced>  ?b   => ?a  <directed>  ?b	<Alain_Delon>	<directed>	<The_Return_of_Casanova>	ManualEvaluation	False
?a  <actedIn>  ?b  ?a  <produced>  ?b   => ?a  <directed>  ?b	<James_Woods>	<directed>	<Cop_(film)>	ManualEvaluation	False
?a  <actedIn>  ?b  ?a  <produced>  ?b   => ?a  <directed>  ?b	<Tom_Hanks>	<directed>	<The_Polar_Express_(film)>	ManualEvaluation	False
?a  <actedIn>  ?b  ?a  <produced>  ?b   => ?a  <directed>  ?b	<Pierce_Brosnan>	<directed>	<Evelyn_(film)>	ManualEvaluation	False
?a  <actedIn>  ?b  ?a  <produced>  ?b   => ?a  <directed>  ?b	<Pierce_Brosnan>	<directed>	<The_Thomas_Crown_Affair_(1999_film)>	ManualEvaluation	False
?a  <actedIn>  ?b  ?a  <produced>  ?b   => ?a  <directed>  ?b	<Mary-Kate_Olsen>	<directed>	<New_York_Minute_(film)>	ManualEvaluation	False
?a  <created>  ?b   => ?a  <produced>  ?b	<Kylie_Minogue>	<produced>	<Some_Kind_of_Bliss>	ManualEvaluation	False
?a  <created>  ?b   => ?a  <produced>  ?b	<Alexander_II_of_Scotland>	<produced>	<Pluscarden_Abbey>	ManualEvaluation	False
?a  <created>  ?b   => ?a  <produced>  ?b	<Dave_Matthews_Band>	<produced>	<Live_at_Piedmont_Park>	ManualEvaluation	Unknown
?a  <created>  ?b   => ?a  <produced>  ?b	<Anne_Rice>	<produced>	<Taltos_(novel)>	ManualEvaluation	False
?a  <created>  ?b   => ?a  <produced>  ?b	<Joe_Ranft>	<produced>	<Sport_Goofy_in_Soccermania>	ManualEvaluation	False
?a  <created>  ?b   => ?a  <produced>  ?b	<Loren_Bouchard>	<produced>	<Bob's_Burgers>	ManualEvaluation	true
?a  <created>  ?b   => ?a  <produced>  ?b	<Catatonia_(band)>	<produced>	<Paper_Scissors_Stone_(album)>	ManualEvaluation	False
?a  <created>  ?b   => ?a  <produced>  ?b	<Hayden_(musician)>	<produced>	<Everything_I_Long_For>	ManualEvaluation	true
?a  <created>  ?b   => ?a  <produced>  ?b	<Carlton_Cuse>	<produced>	<The_End_(Lost)>	ManualEvaluation	true
?a  <created>  ?b   => ?a  <produced>  ?b	<George_Carlin>	<produced>	<Sometimes_a_Little_Brain_Damage_Can_Help>	ManualEvaluation	False
?a  <created>  ?b   => ?a  <produced>  ?b	<Haruki_Murakami>	<produced>	<Dance_Dance_Dance>	ManualEvaluation	False
?a  <created>  ?b   => ?a  <produced>  ?b	<Jim_Norton_(comedian)>	<produced>	<Trinkets_I_Own_Made_from_Gorilla_Hands>	ManualEvaluation	False
?a  <created>  ?b   => ?a  <produced>  ?b	<John_Tavener>	<produced>	<Children_of_Men_soundtracks>	ManualEvaluation	False
?a  <created>  ?b   => ?a  <produced>  ?b	<Square_Co.>	<produced>	<Front_Mission_2>	ManualEvaluation	False
?a  <created>  ?b   => ?a  <produced>  ?b	<Khloé_Kardashian>	<produced>	<D-A-S-H>	ManualEvaluation	False
?a  <created>  ?b   => ?a  <produced>  ?b	<Gerry_Anderson>	<produced>	<Lavender_Castle>	ManualEvaluation	true
?a  <created>  ?b   => ?a  <produced>  ?b	<Diam's>	<produced>	<La_Boulette>	ManualEvaluation	False
?a  <created>  ?b   => ?a  <produced>  ?b	<Connie_Willis>	<produced>	<To_Say_Nothing_of_the_Dog>	ManualEvaluation	False
?a  <created>  ?b   => ?a  <produced>  ?b	<Michael_Cunningham>	<produced>	<The_Hours_(novel)>	ManualEvaluation	False
?a  <created>  ?b   => ?a  <produced>  ?b	<Isaac_Asimov>	<produced>	<The_Magnificent_Possession>	ManualEvaluation	False
?a  <created>  ?b   => ?a  <produced>  ?b	<Steve_Hackett>	<produced>	<Get_'Em_Out_by_Friday>	ManualEvaluation	False
?a  <created>  ?b   => ?a  <produced>  ?b	<Bing_Crosby>	<produced>	<Fancy_Meeting_You_Here>	ManualEvaluation	False
?a  <created>  ?b   => ?a  <produced>  ?b	<Bleach_(band)>	<produced>	<Again,_for_the_First_Time>	ManualEvaluation	False
?a  <created>  ?b   => ?a  <produced>  ?b	<T._Coraghessan_Boyle>	<produced>	<The_Road_to_Wellville_(film)>	ManualEvaluation	False
?a  <created>  ?b   => ?a  <produced>  ?b	<Molly_Wood>	<produced>	<Buzz_Out_Loud>	ManualEvaluation	False
?a  <created>  ?b   => ?a  <produced>  ?b	<Jack_Williamson>	<produced>	<With_Folded_Hands>	ManualEvaluation	False
?a  <created>  ?b   => ?a  <produced>  ?b	<Kurumi_Enomoto>	<produced>	<Anata_ni_Tsutaetai>	ManualEvaluation	Unknown
?a  <created>  ?b   => ?a  <produced>  ?b	<Quarashi>	<produced>	<Kristnihald_undir_Jökli>	ManualEvaluation	False
?a  <created>  ?b   => ?a  <produced>  ?b	<Martin_Lawrence>	<produced>	<Martin_Lawrence_Live_Talkin'_Shit>	ManualEvaluation	true
?a  <created>  ?b   => ?a  <produced>  ?b	<Tudor_Gates>	<produced>	<Barbarella_(film)>	ManualEvaluation	False
?e  <participatedIn>  ?b  ?a  <participatedIn>  ?e   => ?a  <participatedIn>  ?b	<France>	<participatedIn>	<Invasion_of_France_(1795)>	ManualEvaluation	False
?a  <created>  ?b  ?a  <produced>  ?b   => ?a  <actedIn>  ?b	<Luis_Bayón_Herrera>	<actedIn>	<Jettatore>	ManualEvaluation	False
?a  <created>  ?b  ?a  <produced>  ?b   => ?a  <actedIn>  ?b	<Ben_Rice>	<actedIn>	<Opal_Dream>	ManualEvaluation	False
?a  <created>  ?b  ?a  <produced>  ?b   => ?a  <actedIn>  ?b	<Anu_Malik>	<actedIn>	<Asoka_(2001_film)>	ManualEvaluation	False
?a  <created>  ?b  ?a  <produced>  ?b   => ?a  <actedIn>  ?b	<Dean_Devlin>	<actedIn>	<Independence_Day_(film)>	ManualEvaluation	False
?a  <created>  ?b  ?a  <produced>  ?b   => ?a  <actedIn>  ?b	<Román_Viñoly_Barreto>	<actedIn>	<La_Bestia_debe_morir>	ManualEvaluation	False
?a  <created>  ?b  ?a  <produced>  ?b   => ?a  <actedIn>  ?b	<Michael_Hemmingson>	<actedIn>	<The_Watermelon>	ManualEvaluation	False
?a  <created>  ?b  ?a  <produced>  ?b   => ?a  <actedIn>  ?b	<Sheryl_Leach>	<actedIn>	<Barney's_Great_Adventure>	ManualEvaluation	False
?a  <created>  ?b  ?a  <produced>  ?b   => ?a  <actedIn>  ?b	<Dominique_Deruddere>	<actedIn>	<Everybody's_Famous!>	ManualEvaluation	False
?a  <created>  ?b  ?a  <produced>  ?b   => ?a  <actedIn>  ?b	<Tony_Bui>	<actedIn>	<Green_Dragon_(film)>	ManualEvaluation	False
?a  <created>  ?b  ?a  <produced>  ?b   => ?a  <actedIn>  ?b	<Eddie_Murphy>	<actedIn>	<Norbit>	ManualEvaluation	true
?a  <created>  ?b  ?a  <produced>  ?b   => ?a  <actedIn>  ?b	<Victor_Salva>	<actedIn>	<Clownhouse>	ManualEvaluation	False
?a  <created>  ?b  ?a  <produced>  ?b   => ?a  <actedIn>  ?b	<Clive_Barker>	<actedIn>	<Lord_of_Illusions>	ManualEvaluation	False
?a  <created>  ?b  ?a  <produced>  ?b   => ?a  <actedIn>  ?b	<George_Carlin>	<actedIn>	<Life_Is_Worth_Losing>	ManualEvaluation	False
?a  <created>  ?b  ?a  <produced>  ?b   => ?a  <actedIn>  ?b	<Abel_Gance>	<actedIn>	<J'accuse!_(1938_film)>	ManualEvaluation	False
?a  <created>  ?b  ?a  <produced>  ?b   => ?a  <actedIn>  ?b	<Anu_Malik>	<actedIn>	<Munna_Bhai_M.B.B.S.>	ManualEvaluation	False
?a  <created>  ?b  ?a  <produced>  ?b   => ?a  <actedIn>  ?b	<Saeed_Akhtar_Mirza>	<actedIn>	<Mohan_Joshi_Hazir_Ho!>	ManualEvaluation	False
?a  <created>  ?b  ?a  <produced>  ?b   => ?a  <actedIn>  ?b	<Quentin_Tarantino>	<actedIn>	<Past_Midnight>	ManualEvaluation	False
?a  <created>  ?b  ?a  <produced>  ?b   => ?a  <actedIn>  ?b	<Mike_Jefferies>	<actedIn>	<Goal!_(trilogy)>	ManualEvaluation	False
?a  <created>  ?b  ?a  <produced>  ?b   => ?a  <actedIn>  ?b	<Clive_Barker>	<actedIn>	<The_Midnight_Meat_Train>	ManualEvaluation	False
?a  <created>  ?b  ?a  <produced>  ?b   => ?a  <actedIn>  ?b	<Michael_Tolkin>	<actedIn>	<The_Player>	ManualEvaluation	False
?a  <created>  ?b  ?a  <produced>  ?b   => ?a  <actedIn>  ?b	<Y1lmaz_Güney>	<actedIn>	<Yol>	ManualEvaluation	False
?a  <created>  ?b  ?a  <produced>  ?b   => ?a  <actedIn>  ?b	<Michael_Dowse>	<actedIn>	<FUBAR_2_(film)>	ManualEvaluation	False
?a  <created>  ?b  ?a  <produced>  ?b   => ?a  <actedIn>  ?b	<Christopher_Pike_(author)>	<actedIn>	<Fall_Into_Darkness>	ManualEvaluation	False
?a  <created>  ?b  ?a  <produced>  ?b   => ?a  <actedIn>  ?b	<Bert_Haanstra>	<actedIn>	<Alleman_(film)>	ManualEvaluation	False
?a  <created>  ?b  ?a  <produced>  ?b   => ?a  <actedIn>  ?b	<Emilio_Fernández>	<actedIn>	<La_Choca>	ManualEvaluation	False
?a  <created>  ?b  ?a  <produced>  ?b   => ?a  <actedIn>  ?b	<Ali_Selim>	<actedIn>	<Sweet_Land>	ManualEvaluation	False
?a  <created>  ?b  ?a  <produced>  ?b   => ?a  <actedIn>  ?b	<Sam_Denoff>	<actedIn>	<Roll,_Freddy,_Roll!>	ManualEvaluation	true
?a  <created>  ?b  ?a  <produced>  ?b   => ?a  <actedIn>  ?b	<Arthur_Rankin>	<actedIn>	<_Jr.,The_Daydreamer>	ManualEvaluation	False
?a  <created>  ?b  ?a  <produced>  ?b   => ?a  <actedIn>  ?b	<Tudor_Gates>	<actedIn>	<The_Sex_Thief>	ManualEvaluation	False
?a  <created>  ?b  ?a  <produced>  ?b   => ?a  <actedIn>  ?b	<Tony_Bui>	<actedIn>	<Three_Seasons>	ManualEvaluation	False
?b  <hasChild>  ?a  ?a  <isMarriedTo>  ?b   => ?a  <hasChild>  ?b	<Erica_Kane>	<hasChild>	<Dimitri_Marick>	ManualEvaluation	False
?b  <hasChild>  ?a  ?a  <isMarriedTo>  ?b   => ?a  <hasChild>  ?b	<Marissa_Tasker>	<hasChild>	<JR_Chandler>	ManualEvaluation	False
?b  <hasChild>  ?a  ?a  <isMarriedTo>  ?b   => ?a  <hasChild>  ?b	<Nash_Brennan>	<hasChild>	<Jessica_Buchanan>	ManualEvaluation	False
?b  <hasChild>  ?a  ?a  <isMarriedTo>  ?b   => ?a  <hasChild>  ?b	<Téa_Delgado>	<hasChild>	<Todd_Manning>	ManualEvaluation	False
?b  <hasChild>  ?a  ?a  <isMarriedTo>  ?b   => ?a  <hasChild>  ?b	<Sitamun>	<hasChild>	<Amenhotep_III>	ManualEvaluation	False
?b  <hasChild>  ?a  ?a  <isMarriedTo>  ?b   => ?a  <hasChild>  ?b	<Iset_(daughter_of_Amenhotep_III)>	<hasChild>	<Amenhotep_III>	ManualEvaluation	False
?b  <hasChild>  ?a  ?a  <isMarriedTo>  ?b   => ?a  <hasChild>  ?b	<Olivia_Winters>	<hasChild>	<Nathan_Hastings>	ManualEvaluation	False
?b  <hasChild>  ?a  ?a  <isMarriedTo>  ?b   => ?a  <hasChild>  ?b	<Joey_Buchanan>	<hasChild>	<Jennifer_Rappaport>	ManualEvaluation	False
?b  <hasChild>  ?a  ?a  <isMarriedTo>  ?b   => ?a  <hasChild>  ?b	<Gloria_Marsh>	<hasChild>	<Adam_Chandler>	ManualEvaluation	False
?a  <participatedIn>  ?f  ?b  <participatedIn>  ?f   => ?a  <participatedIn>  ?b	<Athens>	<participatedIn>	<Sparta>	ManualEvaluation	False
?a  <participatedIn>  ?f  ?b  <participatedIn>  ?f   => ?a  <participatedIn>  ?b	<Sweden>	<participatedIn>	<Moldavia>	ManualEvaluation	False
?a  <participatedIn>  ?f  ?b  <participatedIn>  ?f   => ?a  <participatedIn>  ?b	<Iraq>	<participatedIn>	<Poland>	ManualEvaluation	False
?a  <participatedIn>  ?f  ?b  <participatedIn>  ?f   => ?a  <participatedIn>  ?b	<Poland>	<participatedIn>	<Hungary>	ManualEvaluation	False
?a  <participatedIn>  ?f  ?b  <participatedIn>  ?f   => ?a  <participatedIn>  ?b	<Egypt>	<participatedIn>	<Russian_Empire>	ManualEvaluation	False
?a  <participatedIn>  ?f  ?b  <participatedIn>  ?f   => ?a  <participatedIn>  ?b	<German_Empire>	<participatedIn>	<Austria-Hungary>	ManualEvaluation	False
?a  <participatedIn>  ?f  ?b  <participatedIn>  ?f   => ?a  <participatedIn>  ?b	<Sudan>	<participatedIn>	<Ireland>	ManualEvaluation	False
?a  <participatedIn>  ?f  ?b  <participatedIn>  ?f   => ?a  <participatedIn>  ?b	<New_Zealand>	<participatedIn>	<Australia>	ManualEvaluation	False
?a  <participatedIn>  ?f  ?b  <participatedIn>  ?f   => ?a  <participatedIn>  ?b	<Kingdom_of_Castile>	<participatedIn>	<Morocco>	ManualEvaluation	False
?a  <participatedIn>  ?f  ?b  <participatedIn>  ?f   => ?a  <participatedIn>  ?b	<People's_Republic_of_China>	<participatedIn>	<Philippines>	ManualEvaluation	False
?a  <participatedIn>  ?f  ?b  <participatedIn>  ?f   => ?a  <participatedIn>  ?b	<United_Kingdom>	<participatedIn>	<Saudi_Arabia>	ManualEvaluation	False
?a  <participatedIn>  ?f  ?b  <participatedIn>  ?f   => ?a  <participatedIn>  ?b	<Tonga>	<participatedIn>	<United_States>	ManualEvaluation	False
?a  <participatedIn>  ?f  ?b  <participatedIn>  ?f   => ?a  <participatedIn>  ?b	<Djibouti>	<participatedIn>	<United_Kingdom>	ManualEvaluation	False
?a  <participatedIn>  ?f  ?b  <participatedIn>  ?f   => ?a  <participatedIn>  ?b	<Israel>	<participatedIn>	<Morocco>	ManualEvaluation	False
?a  <participatedIn>  ?f  ?b  <participatedIn>  ?f   => ?a  <participatedIn>  ?b	<Italy>	<participatedIn>	<Netherlands>	ManualEvaluation	False
?a  <participatedIn>  ?f  ?b  <participatedIn>  ?f   => ?a  <participatedIn>  ?b	<Uzbekistan>	<participatedIn>	<Russia>	ManualEvaluation	False
?a  <participatedIn>  ?f  ?b  <participatedIn>  ?f   => ?a  <participatedIn>  ?b	<Sweden>	<participatedIn>	<Confederation_of_the_Rhine>	ManualEvaluation	False
?a  <participatedIn>  ?f  ?b  <participatedIn>  ?f   => ?a  <participatedIn>  ?b	<Ethiopia>	<participatedIn>	<Germany>	ManualEvaluation	False
?a  <participatedIn>  ?f  ?b  <participatedIn>  ?f   => ?a  <participatedIn>  ?b	<Djibouti>	<participatedIn>	<Eritrea>	ManualEvaluation	False
?a  <participatedIn>  ?f  ?b  <participatedIn>  ?f   => ?a  <participatedIn>  ?b	<Thailand>	<participatedIn>	<Australia>	ManualEvaluation	False
?a  <participatedIn>  ?f  ?b  <participatedIn>  ?f   => ?a  <participatedIn>  ?b	<Pakistan>	<participatedIn>	<Ethiopia>	ManualEvaluation	False
?a  <participatedIn>  ?f  ?b  <participatedIn>  ?f   => ?a  <participatedIn>  ?b	<Ukraine>	<participatedIn>	<Uganda>	ManualEvaluation	False
?a  <participatedIn>  ?f  ?b  <participatedIn>  ?f   => ?a  <participatedIn>  ?b	<Texas>	<participatedIn>	<Mexico>	ManualEvaluation	False
?a  <participatedIn>  ?f  ?b  <participatedIn>  ?f   => ?a  <participatedIn>  ?b	<Australia>	<participatedIn>	<Portugal>	ManualEvaluation	False
?a  <participatedIn>  ?f  ?b  <participatedIn>  ?f   => ?a  <participatedIn>  ?b	<Djibouti>	<participatedIn>	<Uzbekistan>	ManualEvaluation	False
?a  <participatedIn>  ?f  ?b  <participatedIn>  ?f   => ?a  <participatedIn>  ?b	<Iraq>	<participatedIn>	<Spain>	ManualEvaluation	False
?a  <participatedIn>  ?f  ?b  <participatedIn>  ?f   => ?a  <participatedIn>  ?b	<United_States>	<participatedIn>	<Ottoman_Empire>	ManualEvaluation	False
?a  <participatedIn>  ?f  ?b  <participatedIn>  ?f   => ?a  <participatedIn>  ?b	<Tonga>	<participatedIn>	<British_Empire>	ManualEvaluation	False
?a  <participatedIn>  ?f  ?b  <participatedIn>  ?f   => ?a  <participatedIn>  ?b	<France>	<participatedIn>	<Republic_of_China>	ManualEvaluation	False
?a  <participatedIn>  ?f  ?b  <participatedIn>  ?f   => ?a  <participatedIn>  ?b	<Russian_Empire>	<participatedIn>	<Soviet_Union>	ManualEvaluation	False
?a  <directed>  ?b  ?a  <produced>  ?b   => ?a  <actedIn>  ?b	<King_Vidor>	<actedIn>	<Real_Adventure>	ManualEvaluation	False
?a  <directed>  ?b  ?a  <produced>  ?b   => ?a  <actedIn>  ?b	<Bert_Haanstra>	<actedIn>	<Glass_(film)>	ManualEvaluation	Unknown
?a  <directed>  ?b  ?a  <produced>  ?b   => ?a  <actedIn>  ?b	<King_Vidor>	<actedIn>	<The_Family_Honor>	ManualEvaluation	False
?a  <directed>  ?b  ?a  <produced>  ?b   => ?a  <actedIn>  ?b	<King_Vidor>	<actedIn>	<The_Jack-Knife_Man>	ManualEvaluation	False
?a  <directed>  ?b  ?a  <produced>  ?b   => ?a  <actedIn>  ?b	<Iain_Softley>	<actedIn>	<Inkheart_(film)>	ManualEvaluation	False
?a  <directed>  ?b  ?a  <produced>  ?b   => ?a  <actedIn>  ?b	<James_Cruze>	<actedIn>	<The_Great_Gabbo>	ManualEvaluation	False
?a  <directed>  ?b  ?a  <produced>  ?b   => ?a  <actedIn>  ?b	<Emilio_Fernández>	<actedIn>	<The_Fugitive_(1947_film)>	ManualEvaluation	False
?a  <directed>  ?b  ?a  <produced>  ?b   => ?a  <actedIn>  ?b	<King_Vidor>	<actedIn>	<Wine_of_Youth>	ManualEvaluation	False
?a  <directed>  ?b  ?a  <produced>  ?b   => ?a  <actedIn>  ?b	<Román_Viñoly_Barreto>	<actedIn>	<El_Abuelo>	ManualEvaluation	False
?a  <directed>  ?b  ?a  <produced>  ?b   => ?a  <actedIn>  ?b	<King_Vidor>	<actedIn>	<The_Patsy_(1928_film)>	ManualEvaluation	False
?a  <directed>  ?b  ?a  <produced>  ?b   => ?a  <actedIn>  ?b	<King_Vidor>	<actedIn>	<Bird_of_Paradise_(1932_film)>	ManualEvaluation	False
?a  <directed>  ?b  ?a  <produced>  ?b   => ?a  <actedIn>  ?b	<Tom_Hanks>	<actedIn>	<Band_of_Brothers_(TV_miniseries)>	ManualEvaluation	False
?a  <directed>  ?b  ?a  <produced>  ?b   => ?a  <actedIn>  ?b	<King_Vidor>	<actedIn>	<Dusk_to_Dawn>	ManualEvaluation	False
?a  <directed>  ?b  ?a  <produced>  ?b   => ?a  <actedIn>  ?b	<Shimon_Dotan>	<actedIn>	<You_Can_Thank_Me_Later>	ManualEvaluation	False
?a  <directed>  ?b  ?a  <produced>  ?b   => ?a  <actedIn>  ?b	<Joe_McStravick>	<actedIn>	<Room_to_Let>	ManualEvaluation	False
?a  <directed>  ?b  ?a  <produced>  ?b   => ?a  <actedIn>  ?b	<King_Vidor>	<actedIn>	<Not_So_Dumb>	ManualEvaluation	False
?a  <directed>  ?b  ?a  <produced>  ?b   => ?a  <actedIn>  ?b	<Frances_Reid_(director)>	<actedIn>	<Straight_from_the_Heart_(1994_film)>	ManualEvaluation	False
?a  <directed>  ?b  ?a  <produced>  ?b   => ?a  <actedIn>  ?b	<Marin_Karmitz>	<actedIn>	<Adolescence_(film)>	ManualEvaluation	False
?a  <directed>  ?b  ?a  <produced>  ?b   => ?a  <actedIn>  ?b	<King_Vidor>	<actedIn>	<Ruby_Gentry>	ManualEvaluation	False
?a  <directed>  ?b  ?a  <produced>  ?b   => ?a  <actedIn>  ?b	<Jean-Pierre_Mocky>	<actedIn>	<Bonsoir>	ManualEvaluation	False
?a  <directed>  ?b  ?a  <produced>  ?b   => ?a  <actedIn>  ?b	<David_Miller_(director)>	<actedIn>	<The_Story_of_Esther_Costello>	ManualEvaluation	False
?a  <directed>  ?b  ?a  <produced>  ?b   => ?a  <actedIn>  ?b	<Arthur_Rankin>	<actedIn>	<_Jr.,The_Mad,_Mad,_Mad_Comedians>	ManualEvaluation	False
?a  <directed>  ?b  ?a  <produced>  ?b   => ?a  <actedIn>  ?b	<Quentin_Tarantino>	<actedIn>	<Machete_(film)>	ManualEvaluation	False
?a  <directed>  ?b  ?a  <produced>  ?b   => ?a  <actedIn>  ?b	<Sai_Kiran_Adivi>	<actedIn>	<Villagelo_Vinayakudu>	ManualEvaluation	False
?b  <hasChild>  ?a  ?b  <isMarriedTo>  ?a   => ?a  <hasChild>  ?b	<JR_Chandler>	<hasChild>	<Babe_Carey>	ManualEvaluation	False
?b  <hasChild>  ?a  ?b  <isMarriedTo>  ?a   => ?a  <hasChild>  ?b	<Phillip_Spaulding>	<hasChild>	<Mindy_Lewis>	ManualEvaluation	False
?b  <hasChild>  ?a  ?b  <isMarriedTo>  ?a   => ?a  <hasChild>  ?b	<Marina_Cooper>	<hasChild>	<Shayne_Lewis>	ManualEvaluation	False
?b  <hasChild>  ?a  ?b  <isMarriedTo>  ?a   => ?a  <hasChild>  ?b	<Olivia_Spencer>	<hasChild>	<Jeffrey_O'Neill>	ManualEvaluation	False
?b  <hasChild>  ?a  ?b  <isMarriedTo>  ?a   => ?a  <hasChild>  ?b	<Mateo_Santos>	<hasChild>	<Hayley_Vaughan>	ManualEvaluation	False
?b  <hasChild>  ?a  ?b  <isMarriedTo>  ?a   => ?a  <hasChild>  ?b	<Phillip_Spaulding>	<hasChild>	<Beth_Raines-Spaulding>	ManualEvaluation	False
?b  <hasChild>  ?a  ?b  <isMarriedTo>  ?a   => ?a  <hasChild>  ?b	<Erica_Kane>	<hasChild>	<Jeff_Martin_(All_My_Children)>	ManualEvaluation		False
?b  <hasChild>  ?a  ?b  <isMarriedTo>  ?a   => ?a  <hasChild>  ?b	<Jonathan_Randall>	<hasChild>	<Lizzie_Spaulding>	ManualEvaluation	False
?b  <hasChild>  ?a  ?b  <isMarriedTo>  ?a   => ?a  <hasChild>  ?b	<Ankhesenamun>	<hasChild>	<Akhenaten>	ManualEvaluation	False
?b  <hasChild>  ?a  ?b  <isMarriedTo>  ?a   => ?a  <hasChild>  ?b	<Meritaten>	<hasChild>	<Akhenaten>	ManualEvaluation	False
?b  <hasChild>  ?a  ?b  <isMarriedTo>  ?a   => ?a  <hasChild>  ?b	<Adam_Chandler>	<hasChild>	<Dixie_Cooney_Martin>	ManualEvaluation	False
?b  <hasChild>  ?a  ?b  <isMarriedTo>  ?a   => ?a  <hasChild>  ?b	<David_Hayward>	<hasChild>	<Krystal_Carey>	ManualEvaluation	False
?b  <hasChild>  ?a  ?b  <isMarriedTo>  ?a   => ?a  <hasChild>  ?b	<Erica_Kane>	<hasChild>	<Travis_Montgomery>	ManualEvaluation	False
?a  <created>  ?b  ?a  <directed>  ?b   => ?a  <actedIn>  ?b	<Alex_Chandon>	<actedIn>	<Pervirella>	ManualEvaluation	False
?a  <created>  ?b  ?a  <directed>  ?b   => ?a  <actedIn>  ?b	<Isabel_Coixet>	<actedIn>	<My_Life_Without_Me>	ManualEvaluation	False
?a  <created>  ?b  ?a  <directed>  ?b   => ?a  <actedIn>  ?b	<François_Dupeyron>	<actedIn>	<Monsieur_Ibrahim>	ManualEvaluation	False
?a  <created>  ?b  ?a  <directed>  ?b   => ?a  <actedIn>  ?b	<Éric_Rochant>	<actedIn>	<The_Patriots_(film)>	ManualEvaluation	False
?a  <created>  ?b  ?a  <directed>  ?b   => ?a  <actedIn>  ?b	<Henri-Georges_Clouzot>	<actedIn>	<The_Wages_of_Fear>	ManualEvaluation	False
?a  <created>  ?b  ?a  <directed>  ?b   => ?a  <actedIn>  ?b	<Lucas_Belvaux>	<actedIn>	<La_Raison_du_plus_faible>	ManualEvaluation	True
?a  <created>  ?b  ?a  <directed>  ?b   => ?a  <actedIn>  ?b	<Pierre_Andre>	<actedIn>	<I'm_Not_Single>	ManualEvaluation	False
?a  <created>  ?b  ?a  <directed>  ?b   => ?a  <actedIn>  ?b	<Marco_Ferreri>	<actedIn>	<The_Conjugal_Bed>	ManualEvaluation	False
?a  <created>  ?b  ?a  <directed>  ?b   => ?a  <actedIn>  ?b	<Iain_Softley>	<actedIn>	<Backbeat_(film)>	ManualEvaluation	False
?a  <created>  ?b  ?a  <directed>  ?b   => ?a  <actedIn>  ?b	<Fernando_Cerchio>	<actedIn>	<Lulu_(1953_film)>	ManualEvaluation	False
?a  <created>  ?b  ?a  <directed>  ?b   => ?a  <actedIn>  ?b	<Manish_Gupta>	<actedIn>	<The_Stoneman_Murders>	ManualEvaluation	False
?a  <created>  ?b  ?a  <directed>  ?b   => ?a  <actedIn>  ?b	<Alan_Rudolph>	<actedIn>	<Choose_Me>	ManualEvaluation	False
?a  <created>  ?b  ?a  <directed>  ?b   => ?a  <actedIn>  ?b	<Abel_Gance>	<actedIn>	<Le_droit_à_la_vie>	ManualEvaluation	False
?a  <created>  ?b  ?a  <directed>  ?b   => ?a  <actedIn>  ?b	<Marshall_Brickman>	<actedIn>	<Simon_(1980_film)>	ManualEvaluation	False
?a  <created>  ?b  ?a  <directed>  ?b   => ?a  <actedIn>  ?b	<Rod_Lurie>	<actedIn>	<The_Contender_(2000_film)>	ManualEvaluation	False
?a  <created>  ?b  ?a  <directed>  ?b   => ?a  <actedIn>  ?b	<Leonid_Trauberg>	<actedIn>	<Alone_(1931_film)>	ManualEvaluation	False
?a  <created>  ?b  ?a  <directed>  ?b   => ?a  <actedIn>  ?b	<Noboru_Iguchi>	<actedIn>	<Oira_Sukeban>	ManualEvaluation	True
?a  <created>  ?b  ?a  <directed>  ?b   => ?a  <actedIn>  ?b	<Luis_Bayón_Herrera>	<actedIn>	<Buenos_Aires_a_la_vista>	ManualEvaluation	False
?a  <created>  ?b  ?a  <directed>  ?b   => ?a  <actedIn>  ?b	<Jacques_Feyder>	<actedIn>	<Carnival_in_Flanders_(film)>	ManualEvaluation	False
?a  <created>  ?b  ?a  <directed>  ?b   => ?a  <actedIn>  ?b	<Serge_Gainsbourg>	<actedIn>	<Équateur_(film)>	ManualEvaluation	False
?a  <created>  ?b  ?a  <directed>  ?b   => ?a  <actedIn>  ?b	<Henri-Georges_Clouzot>	<actedIn>	<Le_Corbeau>	ManualEvaluation	False
?a  <created>  ?b  ?a  <directed>  ?b   => ?a  <actedIn>  ?b	<Emilio_Fernández>	<actedIn>	<Rosanna_(film)>	ManualEvaluation	False
?a  <created>  ?b  ?a  <directed>  ?b   => ?a  <actedIn>  ?b	<Bill_Condon>	<actedIn>	<Dreamgirls_(film)>	ManualEvaluation	False
?a  <created>  ?b  ?a  <directed>  ?b   => ?a  <actedIn>  ?b	<King_Vidor>	<actedIn>	<Wild_Oranges>	ManualEvaluation	False
?a  <created>  ?b  ?a  <directed>  ?b   => ?a  <actedIn>  ?b	<King_Vidor>	<actedIn>	<His_Hour>	ManualEvaluation	False
?a  <created>  ?b  ?a  <directed>  ?b   => ?a  <actedIn>  ?b	<Emilio_Fernández>	<actedIn>	<Siempre_tuya>	ManualEvaluation	False
?a  <created>  ?b  ?a  <directed>  ?b   => ?a  <actedIn>  ?b	<R._Kannan>	<actedIn>	<Jayamkondaan>	ManualEvaluation	False
?a  <created>  ?b  ?a  <directed>  ?b   => ?a  <actedIn>  ?b	<IshirM_Honda>	<actedIn>	<Destroy_All_Monsters>	ManualEvaluation	False
?a  <created>  ?b  ?a  <directed>  ?b   => ?a  <actedIn>  ?b	<Alan_Rudolph>	<actedIn>	<Trouble_in_Mind_(film)>	ManualEvaluation	False
?a  <created>  ?b  ?a  <directed>  ?b   => ?a  <actedIn>  ?b	<Lucien_Hubbard>	<actedIn>	<The_Mysterious_Island_(1929_film)>	ManualEvaluation	False
