?b  <hasCapital>  ?a   => ?a  <isLocatedIn>  ?b	<Kabul>	<isLocatedIn>	<Emirate_of_Afghanistan>	ManualEvaluation	True
?b  <hasCapital>  ?a   => ?a  <isLocatedIn>  ?b	<Triolet,_Mauritius>	<isLocatedIn>	<Pamplemousses_District>	ManualEvaluation	True
?b  <hasCapital>  ?a   => ?a  <isLocatedIn>  ?b	<Kolwezi>	<isLocatedIn>	<Lualaba_Province>	ManualEvaluation	True
?b  <hasCapital>  ?a   => ?a  <isLocatedIn>  ?b	<Dushanbe>	<isLocatedIn>	<Tajik_Soviet_Socialist_Republic>	ManualEvaluation	True
?b  <hasCapital>  ?a   => ?a  <isLocatedIn>  ?b	<San_Carlos,_Cojedes>	<isLocatedIn>	<Cojedes_(state)>	ManualEvaluation	True
?b  <hasCapital>  ?a   => ?a  <isLocatedIn>  ?b	<Göppingen>	<isLocatedIn>	<Göppingen_(district)>	ManualEvaluation	True
?b  <hasCapital>  ?a   => ?a  <isLocatedIn>  ?b	<Heraklion>	<isLocatedIn>	<Heraklion_Prefecture>	ManualEvaluation	True
?b  <hasCapital>  ?a   => ?a  <isLocatedIn>  ?b	<Shiraz>	<isLocatedIn>	<Zand_dynasty>	ManualEvaluation	True
?b  <hasCapital>  ?a   => ?a  <isLocatedIn>  ?b	<Livadeia>	<isLocatedIn>	<Boeotia_Prefecture>	ManualEvaluation	True
?b  <hasCapital>  ?a   => ?a  <isLocatedIn>  ?b	<Jiankang>	<isLocatedIn>	<Liang_Dynasty>	ManualEvaluation	True
?b  <hasCapital>  ?a   => ?a  <isLocatedIn>  ?b	<Sinuiju>	<isLocatedIn>	<North_Pyongan>	ManualEvaluation	True
?b  <hasCapital>  ?a   => ?a  <isLocatedIn>  ?b	<Ludwigslust>	<isLocatedIn>	<Ludwigslust_(district)>	ManualEvaluation	True
?b  <hasCapital>  ?a   => ?a  <isLocatedIn>  ?b	<Gemena>	<isLocatedIn>	<Sud-Ubangi_Province>	ManualEvaluation	True
?b  <hasCapital>  ?a   => ?a  <isLocatedIn>  ?b	<Sigmaringen>	<isLocatedIn>	<Hohenzollern_Province>	ManualEvaluation	True
?a  <isMarriedTo>  ?c  ?c  <livesIn>  ?b   => ?a  <livesIn>  ?b	<Daphne_DiMera>	<livesIn>	<Salem_(Days_of_our_Lives)>	ManualEvaluation	True
?a  <isMarriedTo>  ?c  ?c  <livesIn>  ?b   => ?a  <livesIn>  ?b	<Anna_DiMera>	<livesIn>	<Salem_(Days_of_our_Lives)>	ManualEvaluation	True
?a  <isMarriedTo>  ?c  ?c  <livesIn>  ?b   => ?a  <livesIn>  ?b	<Nancy_D._Freudenthal>	<livesIn>	<Cheyenne,_Wyoming>	ManualEvaluation	True
?a  <isMarriedTo>  ?c  ?c  <livesIn>  ?b   => ?a  <livesIn>  ?b	<Doyle_Corman>	<livesIn>	<Centre_County,_Pennsylvania>	ManualEvaluation	True
?a  <isMarriedTo>  ?c  ?c  <livesIn>  ?b   => ?a  <livesIn>  ?b	<Jorge_Vargas_González>	<livesIn>	<Chile>	ManualEvaluation	True
?a  <isMarriedTo>  ?c  ?c  <livesIn>  ?b   => ?a  <livesIn>  ?b	<Alex_Devane_Marick>	<livesIn>	<Hungary>	ManualEvaluation	True
?a  <isMarriedTo>  ?c  ?c  <livesIn>  ?b   => ?a  <livesIn>  ?b	<Jo_Gilbert>	<livesIn>	<Hampstead_Garden_Suburb>	ManualEvaluation	False
?a  <isMarriedTo>  ?c  ?c  <livesIn>  ?b   => ?a  <livesIn>  ?b	<Josie_Fitial>	<livesIn>	<Saipan>	ManualEvaluation	True
?a  <isMarriedTo>  ?c  ?c  <livesIn>  ?b   => ?a  <livesIn>  ?b	<Thelma_Evans>	<livesIn>	<USA>	ManualEvaluation	True
?a  <isMarriedTo>  ?c  ?c  <livesIn>  ?b   => ?a  <livesIn>  ?b	<Laura_Bush>	<livesIn>	<Crawford,_Texas>	ManualEvaluation	False
?a  <isMarriedTo>  ?c  ?c  <livesIn>  ?b   => ?a  <livesIn>  ?b	<Cramer_family>	<livesIn>	<England>	ManualEvaluation	False
?a  <isMarriedTo>  ?c  ?c  <livesIn>  ?b   => ?a  <livesIn>  ?b	<Martin_Scorsese>	<livesIn>	<New_York>	ManualEvaluation	True
?a  <isMarriedTo>  ?c  ?c  <livesIn>  ?b   => ?a  <livesIn>  ?b	<Vilma_Santos>	<livesIn>	<Metro_Manila>	ManualEvaluation	False
?a  <isMarriedTo>  ?c  ?c  <livesIn>  ?b   => ?a  <livesIn>  ?b	<Jomo_Kenyatta>	<livesIn>	<Kenya>	ManualEvaluation	True
?a  <isMarriedTo>  ?c  ?c  <livesIn>  ?b   => ?a  <livesIn>  ?b	<Ed_Bauer>	<livesIn>	<San_Francisco>	ManualEvaluation	Unknown
?a  <isMarriedTo>  ?c  ?c  <livesIn>  ?b   => ?a  <livesIn>  ?b	<Kathy_Pippy>	<livesIn>	<Moon_Township,_Pennsylvania>	ManualEvaluation	True
?a  <isMarriedTo>  ?c  ?c  <livesIn>  ?b   => ?a  <livesIn>  ?b	<Daniel_Romalotti>	<livesIn>	<California>	ManualEvaluation	Unknown
?a  <isMarriedTo>  ?c  ?c  <livesIn>  ?b   => ?a  <livesIn>  ?b	<Laura_Bush>	<livesIn>	<Dallas>	ManualEvaluation	True
?a  <isMarriedTo>  ?c  ?c  <livesIn>  ?b   => ?a  <livesIn>  ?b	<Parris_Glendening>	<livesIn>	<University_Park,_Maryland>	ManualEvaluation	True
?a  <isMarriedTo>  ?c  ?c  <livesIn>  ?b   => ?a  <livesIn>  ?b	<Cécilia_Attias>	<livesIn>	<Élysée_Palace>	ManualEvaluation	True
?a  <isMarriedTo>  ?c  ?c  <livesIn>  ?b   => ?a  <livesIn>  ?b	<Kelly_Cramer>	<livesIn>	<England>	ManualEvaluation	True
?a  <isMarriedTo>  ?c  ?c  <livesIn>  ?b   => ?a  <livesIn>  ?b	<Frances_Carr,_Countess_of_Somerset>	<livesIn>	<Dorset>	ManualEvaluation	False
?a  <isMarriedTo>  ?c  ?c  <livesIn>  ?b   => ?a  <livesIn>  ?b	<Jeff_Webber>	<livesIn>	<Port_Charles,_New_York_(fictional_city)>	ManualEvaluation	True
?a  <isMarriedTo>  ?c  ?c  <livesIn>  ?b   => ?a  <livesIn>  ?b	<Husain_Haqqani>	<livesIn>	<Pakistan>	ManualEvaluation	True
?a  <isMarriedTo>  ?c  ?c  <livesIn>  ?b   => ?a  <livesIn>  ?b	<Earl_Long>	<livesIn>	<Baton_Rouge,_Louisiana>	ManualEvaluation	True
?a  <isMarriedTo>  ?c  ?c  <livesIn>  ?b   => ?a  <livesIn>  ?b	<Callista_Gingrich>	<livesIn>	<McLean,_Virginia>	ManualEvaluation	True
?a  <isMarriedTo>  ?c  ?c  <livesIn>  ?b   => ?a  <livesIn>  ?b	<Gina_Von_Amberg>	<livesIn>	<USA>	ManualEvaluation	True
?a  <isMarriedTo>  ?c  ?c  <livesIn>  ?b   => ?a  <livesIn>  ?b	<Lynn_Bari>	<livesIn>	<USA>	ManualEvaluation	True
?a  <isMarriedTo>  ?c  ?c  <livesIn>  ?b   => ?a  <livesIn>  ?b	<Sheridan_Crane>	<livesIn>	<New_England>	ManualEvaluation	True
?c  <isMarriedTo>  ?a  ?c  <livesIn>  ?b   => ?a  <livesIn>  ?b	<Andrea_Conte>	<livesIn>	<Nashville,_Tennessee>	ManualEvaluation	True
?c  <isMarriedTo>  ?a  ?c  <livesIn>  ?b   => ?a  <livesIn>  ?b	<Becky_Corman>	<livesIn>	<Bellefonte,_Pennsylvania>	ManualEvaluation	True
?c  <isMarriedTo>  ?a  ?c  <livesIn>  ?b   => ?a  <livesIn>  ?b	<Gursharan_Kaur>	<livesIn>	<7_Race_Course_Road>	ManualEvaluation	Unknown
?c  <isMarriedTo>  ?a  ?c  <livesIn>  ?b   => ?a  <livesIn>  ?b	<Gursharan_Kaur>	<livesIn>	<Guwahati>	ManualEvaluation	Unknown
?c  <isMarriedTo>  ?a  ?c  <livesIn>  ?b   => ?a  <livesIn>  ?b	<Jill_Foster_Abbott>	<livesIn>	<Louisiana>	ManualEvaluation	False
?c  <isMarriedTo>  ?a  ?c  <livesIn>  ?b   => ?a  <livesIn>  ?b	<Dimpy_Mahajan>	<livesIn>	<Mumbai>	ManualEvaluation	True
?c  <isMarriedTo>  ?a  ?c  <livesIn>  ?b   => ?a  <livesIn>  ?b	<Elizabeth_Boleyn,_Countess_of_Wiltshire>	<livesIn>	<Hever_Castle>	ManualEvaluation	True
?c  <isMarriedTo>  ?a  ?c  <livesIn>  ?b   => ?a  <livesIn>  ?b	<Bernt_Hagtvet>	<livesIn>	<Oslo>	ManualEvaluation	True
?c  <isMarriedTo>  ?a  ?c  <livesIn>  ?b   => ?a  <livesIn>  ?b	<Mackenzie_Browning>	<livesIn>	<Genoa_City_(fictional_city)>	ManualEvaluation	True
?c  <isMarriedTo>  ?a  ?c  <livesIn>  ?b   => ?a  <livesIn>  ?b	<Lois_Hart>	<livesIn>	<Sacramento,_California>	ManualEvaluation	True
?c  <isMarriedTo>  ?a  ?c  <livesIn>  ?b   => ?a  <livesIn>  ?b	<Mila_Mulroney>	<livesIn>	<Baie-Comeau,_Quebec>	ManualEvaluation	False
?c  <isMarriedTo>  ?a  ?c  <livesIn>  ?b   => ?a  <livesIn>  ?b	<Chuck_Hunt>	<livesIn>	<Williamstown,_Massachusetts>	ManualEvaluation	True
?c  <isMarriedTo>  ?a  ?c  <livesIn>  ?b   => ?a  <livesIn>  ?b	<Branko_uri>	<livesIn>	<Ljubljana>	ManualEvaluation	unknown
?c  <isMarriedTo>  ?a  ?c  <livesIn>  ?b   => ?a  <livesIn>  ?b	<Victoria_Newman>	<livesIn>	<Wisconsin>	ManualEvaluation	True
?c  <isMarriedTo>  ?a  ?c  <livesIn>  ?b   => ?a  <livesIn>  ?b	<Scott_Grainger,_Sr.>	<livesIn>	<Wisconsin>	ManualEvaluation	True
?c  <isMarriedTo>  ?a  ?c  <livesIn>  ?b   => ?a  <livesIn>  ?b	<Shelley_Martel>	<livesIn>	<Ontario>	ManualEvaluation	True
?c  <isMarriedTo>  ?a  ?c  <livesIn>  ?b   => ?a  <livesIn>  ?b	<Paul_McCartney>	<livesIn>	<Manhattan>	ManualEvaluation	Unknown
?c  <isMarriedTo>  ?a  ?c  <livesIn>  ?b   => ?a  <livesIn>  ?b	<Vilma_Santos>	<livesIn>	<Batangas>	ManualEvaluation	True
?c  <isMarriedTo>  ?a  ?c  <livesIn>  ?b   => ?a  <livesIn>  ?b	<Lettice_Knollys>	<livesIn>	<Wanstead_Park>	ManualEvaluation	True
?c  <isMarriedTo>  ?a  ?c  <livesIn>  ?b   => ?a  <livesIn>  ?b	<Bishop_of_Worcester>	<livesIn>	<Isle_of_Ely>	ManualEvaluation	False
?c  <isMarriedTo>  ?a  ?c  <livesIn>  ?b   => ?a  <livesIn>  ?b	<Lettice_Knollys>	<livesIn>	<Essex>	ManualEvaluation	True
?c  <isMarriedTo>  ?a  ?c  <livesIn>  ?b   => ?a  <livesIn>  ?b	<Claude_Blanchet>	<livesIn>	<Quebec>	ManualEvaluation	True
?c  <isMarriedTo>  ?a  ?c  <livesIn>  ?b   => ?a  <livesIn>  ?b	<Judy_Garland>	<livesIn>	<USA>	ManualEvaluation	True
?c  <isMarriedTo>  ?a  ?c  <livesIn>  ?b   => ?a  <livesIn>  ?b	<Stewart_Castledine>	<livesIn>	<Greater_London>	ManualEvaluation	True
?c  <isMarriedTo>  ?a  ?c  <livesIn>  ?b   => ?a  <livesIn>  ?b	<Brock_Reynolds>	<livesIn>	<Wisconsin>	ManualEvaluation	True
?c  <isMarriedTo>  ?a  ?c  <livesIn>  ?b   => ?a  <livesIn>  ?b	<Aruna_Roy>	<livesIn>	<Rajasthan>	ManualEvaluation	True
?c  <isMarriedTo>  ?a  ?c  <livesIn>  ?b   => ?a  <livesIn>  ?b	<W._Scott_Gould>	<livesIn>	<Bethesda,_Maryland>	ManualEvaluation	True
?c  <isMarriedTo>  ?a  ?c  <livesIn>  ?b   => ?a  <livesIn>  ?b	<Prince_Miguel,_Duke_of_Viseu>	<livesIn>	<New_York_City>	ManualEvaluation	True
?a  <isPoliticianOf>  ?b   => ?a  <livesIn>  ?b	<Roy_E._Ayers>	<livesIn>	<Montana>	ManualEvaluation	True
?a  <isPoliticianOf>  ?b   => ?a  <livesIn>  ?b	<Mike_Enzi>	<livesIn>	<Wyoming>	ManualEvaluation	True
?a  <isPoliticianOf>  ?b   => ?a  <livesIn>  ?b	<Jacques_Dupre>	<livesIn>	<Louisiana>	ManualEvaluation	True
?a  <isPoliticianOf>  ?b   => ?a  <livesIn>  ?b	<Ninian_Edwards>	<livesIn>	<Illinois>	ManualEvaluation	True
?a  <isPoliticianOf>  ?b   => ?a  <livesIn>  ?b	<William_T._Cahill>	<livesIn>	<New_Jersey>	ManualEvaluation	True
?a  <isPoliticianOf>  ?b   => ?a  <livesIn>  ?b	<Edward_Coles>	<livesIn>	<Illinois>	ManualEvaluation	True
?a  <isPoliticianOf>  ?b   => ?a  <livesIn>  ?b	<Clifford_Joy_Rogers>	<livesIn>	<Wyoming>	ManualEvaluation	True
?a  <isPoliticianOf>  ?b   => ?a  <livesIn>  ?b	<Thomas_Reynolds_(Governor)>	<livesIn>	<Missouri>	ManualEvaluation	True
?a  <isPoliticianOf>  ?b   => ?a  <livesIn>  ?b	<Sam_C._Ford>	<livesIn>	<Montana>	ManualEvaluation	True
?a  <isPoliticianOf>  ?b   => ?a  <livesIn>  ?b	<Rodman_M._Price>	<livesIn>	<New_Jersey>	ManualEvaluation	True
?a  <isPoliticianOf>  ?b   => ?a  <livesIn>  ?b	<John_M._Parker>	<livesIn>	<Louisiana>	ManualEvaluation	True
?a  <isPoliticianOf>  ?b   => ?a  <livesIn>  ?b	<Henry_Massey_Rector>	<livesIn>	<Arkansas>	ManualEvaluation	True
?a  <isPoliticianOf>  ?b   => ?a  <livesIn>  ?b	<Robert_F._Stockton>	<livesIn>	<California>	ManualEvaluation	True
?a  <isPoliticianOf>  ?b   => ?a  <livesIn>  ?b	<Clifford_Ross_Powell>	<livesIn>	<New_Jersey>	ManualEvaluation	True
?a  <isPoliticianOf>  ?b   => ?a  <livesIn>  ?b	<Charles_C._Gossett>	<livesIn>	<Idaho>	ManualEvaluation	True
?a  <isPoliticianOf>  ?b   => ?a  <livesIn>  ?b	<Agustín_V._Zamorano>	<livesIn>	<California>	ManualEvaluation	True
?a  <isPoliticianOf>  ?b   => ?a  <livesIn>  ?b	<Arthur_P._Bagby>	<livesIn>	<Alabama>	ManualEvaluation	True
?a  <isPoliticianOf>  ?b   => ?a  <livesIn>  ?b	<José_Joaquín_de_Arrillaga>	<livesIn>	<California>	ManualEvaluation	True
?a  <isPoliticianOf>  ?b   => ?a  <livesIn>  ?b	<Mark_S._Schweiker>	<livesIn>	<Pennsylvania>	ManualEvaluation	True
?a  <isPoliticianOf>  ?b   => ?a  <livesIn>  ?b	<Dan_Edward_Garvey>	<livesIn>	<Arizona>	ManualEvaluation	True
?a  <isPoliticianOf>  ?b   => ?a  <livesIn>  ?b	<John_V._Evans>	<livesIn>	<Idaho>	ManualEvaluation	True
?a  <isPoliticianOf>  ?b   => ?a  <livesIn>  ?b	<Robert_S._Kerr>	<livesIn>	<Oklahoma>	ManualEvaluation	True
?a  <isPoliticianOf>  ?b   => ?a  <livesIn>  ?b	<Frank_L._Houx>	<livesIn>	<Wyoming>	ManualEvaluation	True
?a  <isPoliticianOf>  ?b   => ?a  <livesIn>  ?b	<Sidney_Preston_Osborn>	<livesIn>	<Arizona>	ManualEvaluation	True
?a  <isPoliticianOf>  ?b   => ?a  <livesIn>  ?b	<Jay_Bowerman>	<livesIn>	<Oregon>	ManualEvaluation	True
?a  <isPoliticianOf>  ?b   => ?a  <livesIn>  ?b	<James_Budd>	<livesIn>	<California>	ManualEvaluation	True
?a  <isPoliticianOf>  ?b   => ?a  <livesIn>  ?b	<Jeff_Merkley>	<livesIn>	<Oregon>	ManualEvaluation	True
?a  <isPoliticianOf>  ?b   => ?a  <livesIn>  ?b	<Joseph_McMinn>	<livesIn>	<Tennessee>	ManualEvaluation	True
?a  <isPoliticianOf>  ?b   => ?a  <livesIn>  ?b	<William_Sprague_(politician)>	<livesIn>	<Rhode_Island>	ManualEvaluation	True
?a  <isPoliticianOf>  ?b   => ?a  <livesIn>  ?b	<John_Rankin_Rogers>	<livesIn>	<Washington_(U.S._state)>	ManualEvaluation	True
?a  <diedIn>  ?b   => ?a  <livesIn>  ?b	<Agostino_Richelmy>	<livesIn>	<Turin>	ManualEvaluation	True
?a  <diedIn>  ?b   => ?a  <livesIn>  ?b	<Samuel_D._Lockwood>	<livesIn>	<Batavia_(city),_New_York>	ManualEvaluation	True
?a  <diedIn>  ?b   => ?a  <livesIn>  ?b	<Jacques_Derrida>	<livesIn>	<Paris>	ManualEvaluation	True
?a  <diedIn>  ?b   => ?a  <livesIn>  ?b	<Alexander_the_Great>	<livesIn>	<Babylon>	ManualEvaluation	False
?a  <diedIn>  ?b   => ?a  <livesIn>  ?b	<Benedicta_Henrietta_of_the_Palatinate>	<livesIn>	<Hanover>	ManualEvaluation	True
?a  <diedIn>  ?b   => ?a  <livesIn>  ?b	<Stina_Berg>	<livesIn>	<Stockholm>	ManualEvaluation	True
?a  <diedIn>  ?b   => ?a  <livesIn>  ?b	<Kirill_Meretskov>	<livesIn>	<Moscow>	ManualEvaluation	True
?a  <diedIn>  ?b   => ?a  <livesIn>  ?b	<Mykola_Bazhan>	<livesIn>	<Kiev>	ManualEvaluation	True
?a  <diedIn>  ?b   => ?a  <livesIn>  ?b	<Wang_Guangmei>	<livesIn>	<Beijing>	ManualEvaluation	True
?a  <diedIn>  ?b   => ?a  <livesIn>  ?b	<Dicky_Owen>	<livesIn>	<Swansea>	ManualEvaluation	True
?a  <diedIn>  ?b   => ?a  <livesIn>  ?b	<Evelyn_Baring,_1st_Earl_of_Cromer>	<livesIn>	<City_of_Westminster>	ManualEvaluation	True
?a  <diedIn>  ?b   => ?a  <livesIn>  ?b	<João_do_Canto_e_Castro>	<livesIn>	<Lisbon>	ManualEvaluation	True
?a  <diedIn>  ?b   => ?a  <livesIn>  ?b	<Richard_Taylor_(general)>	<livesIn>	<New_York_City>	ManualEvaluation	True
?a  <diedIn>  ?b   => ?a  <livesIn>  ?b	<Liang_Yusheng>	<livesIn>	<Sydney>	ManualEvaluation	True
?a  <diedIn>  ?b   => ?a  <livesIn>  ?b	<Levi_Woodbury>	<livesIn>	<Portsmouth,_New_Hampshire>	ManualEvaluation	True
?a  <diedIn>  ?b   => ?a  <livesIn>  ?b	<George_B._McClellan>	<livesIn>	<Orange,_New_Jersey>	ManualEvaluation	True
?a  <diedIn>  ?b   => ?a  <livesIn>  ?b	<Francis_William_Aston>	<livesIn>	<Cambridge>	ManualEvaluation	True
?a  <diedIn>  ?b   => ?a  <livesIn>  ?b	<Raul_Cortez>	<livesIn>	<São_Paulo>	ManualEvaluation	True
?a  <diedIn>  ?b   => ?a  <livesIn>  ?b	<John_H._Buschemeyer>	<livesIn>	<Louisville,_Kentucky>	ManualEvaluation	True
?a  <diedIn>  ?b   => ?a  <livesIn>  ?b	<Sylvester_"Pat"_Weaver>	<livesIn>	<Santa_Barbara,_California>	ManualEvaluation	True
?a  <diedIn>  ?b   => ?a  <livesIn>  ?b	<Francis_Grevemberg>	<livesIn>	<New_Orleans>	ManualEvaluation	True
?a  <diedIn>  ?b   => ?a  <livesIn>  ?b	<Martin_L._Clardy>	<livesIn>	<St._Louis,_Missouri>	ManualEvaluation	True
?a  <diedIn>  ?b   => ?a  <livesIn>  ?b	<Carlos_Mérida>	<livesIn>	<Mexico_City>	ManualEvaluation	True
?a  <diedIn>  ?b   => ?a  <livesIn>  ?b	<Halliwell_Hobbes>	<livesIn>	<Santa_Monica,_California>	ManualEvaluation	True
?a  <diedIn>  ?b   => ?a  <livesIn>  ?b	<Julius_Jaenzon>	<livesIn>	<Stockholm>	ManualEvaluation	True
?a  <diedIn>  ?b   => ?a  <livesIn>  ?b	<Dimitri_Kirsanoff>	<livesIn>	<Paris>	ManualEvaluation	True
?a  <diedIn>  ?b   => ?a  <livesIn>  ?b	<Paul_John_Hallinan>	<livesIn>	<Atlanta>	ManualEvaluation	True
?a  <diedIn>  ?b   => ?a  <livesIn>  ?b	<Kurt_Krieger>	<livesIn>	<St._Louis,_Missouri>	ManualEvaluation	True
?a  <diedIn>  ?b   => ?a  <livesIn>  ?b	<Maximilian,_Count_of_Merveldt>	<livesIn>	<London>	ManualEvaluation	True
?a  <diedIn>  ?b   => ?a  <livesIn>  ?b	<Antoon_Hoevers>	<livesIn>	<The_Hague>	ManualEvaluation	True
?a  <isCitizenOf>  ?b   => ?a  <livesIn>  ?b	<Claudio_Cantelli>	<livesIn>	<Brazil>	ManualEvaluation	True
?a  <isCitizenOf>  ?b   => ?a  <livesIn>  ?b	<Yotam_Ottolenghi>	<livesIn>	<United_Kingdom>	ManualEvaluation	True
?a  <isCitizenOf>  ?b   => ?a  <livesIn>  ?b	<Lukas_Brazdauskis>	<livesIn>	<Lithuania>	ManualEvaluation	True
?a  <isCitizenOf>  ?b   => ?a  <livesIn>  ?b	<Lionel_George_Curtis>	<livesIn>	<United_Kingdom>	ManualEvaluation	True
?a  <isCitizenOf>  ?b   => ?a  <livesIn>  ?b	<Choi_Tseveenpurev>	<livesIn>	<Mongolia>	ManualEvaluation	True
?a  <isCitizenOf>  ?b   => ?a  <livesIn>  ?b	<Eduardo_Nájera>	<livesIn>	<Mexico>	ManualEvaluation	True
?a  <isCitizenOf>  ?b   => ?a  <livesIn>  ?b	<Fábio_Beretta>	<livesIn>	<Brazil>	ManualEvaluation	True
?a  <isCitizenOf>  ?b   => ?a  <livesIn>  ?b	<Mark_d'Inverno>	<livesIn>	<United_Kingdom>	ManualEvaluation	True
?a  <isCitizenOf>  ?b   => ?a  <livesIn>  ?b	<Valtteri_Bottas>	<livesIn>	<Finland>	ManualEvaluation	True
?a  <isCitizenOf>  ?b   => ?a  <livesIn>  ?b	<Christian_Konrad_Sprengel>	<livesIn>	<Germany>	ManualEvaluation	True
?a  <isCitizenOf>  ?b   => ?a  <livesIn>  ?b	<Xawery_Dunikowski>	<livesIn>	<Poland>	ManualEvaluation	True
?a  <isCitizenOf>  ?b   => ?a  <livesIn>  ?b	<Lars_Myraune>	<livesIn>	<Norway>	ManualEvaluation	True
?a  <isCitizenOf>  ?b   => ?a  <livesIn>  ?b	<John_Kidd_(chemist)>	<livesIn>	<England>	ManualEvaluation	True
?a  <isCitizenOf>  ?b   => ?a  <livesIn>  ?b	<James_Moorhouse_(politician)>	<livesIn>	<United_Kingdom>	ManualEvaluation	True
?a  <isCitizenOf>  ?b   => ?a  <livesIn>  ?b	<Markus_Aspelmeyer>	<livesIn>	<Germany>	ManualEvaluation	True
?a  <isCitizenOf>  ?b   => ?a  <livesIn>  ?b	<Abel-Dominique_Boyé>	<livesIn>	<France>	ManualEvaluation	True
?a  <isCitizenOf>  ?b   => ?a  <livesIn>  ?b	<Éric_Raoult>	<livesIn>	<France>	ManualEvaluation	True
?a  <isCitizenOf>  ?b   => ?a  <livesIn>  ?b	<Louis_Laurent_Gabriel_de_Mortillet>	<livesIn>	<France>	ManualEvaluation	True
?a  <isCitizenOf>  ?b   => ?a  <livesIn>  ?b	<Sardar_Fraz_Wahlah>	<livesIn>	<Pakistan>	ManualEvaluation	True
?a  <isCitizenOf>  ?b   => ?a  <livesIn>  ?b	<Roger_Langridge>	<livesIn>	<New_Zealand>	ManualEvaluation	True
?a  <isCitizenOf>  ?b   => ?a  <livesIn>  ?b	<Tomas_Delininkaitis>	<livesIn>	<Lithuania>	ManualEvaluation	True
?a  <isCitizenOf>  ?b   => ?a  <livesIn>  ?b	<Martin_Orwin>	<livesIn>	<United_Kingdom>	ManualEvaluation	True
?a  <isCitizenOf>  ?b   => ?a  <livesIn>  ?b	<Amir-ul-Mulk_Mengal>	<livesIn>	<Pakistan>	ManualEvaluation	True
?a  <isCitizenOf>  ?b   => ?a  <livesIn>  ?b	<Ian_Neilson>	<livesIn>	<South_Africa>	ManualEvaluation	True
?a  <isCitizenOf>  ?b   => ?a  <livesIn>  ?b	<Ediriweera_Sarachchandra>	<livesIn>	<Sri_Lanka>	ManualEvaluation	True
?a  <isCitizenOf>  ?b   => ?a  <livesIn>  ?b	<Dingiri_Bandara_(D.B)_Welagedara>	<livesIn>	<Sri_Lanka>	ManualEvaluation	True
?a  <isCitizenOf>  ?b   => ?a  <livesIn>  ?b	<Randy_de_Puniet>	<livesIn>	<France>	ManualEvaluation	True
?a  <isCitizenOf>  ?b   => ?a  <livesIn>  ?b	<Hikari_Lta>	<livesIn>	<Japan>	ManualEvaluation	True
?a  <isCitizenOf>  ?b   => ?a  <livesIn>  ?b	<Henry_Jayasena>	<livesIn>	<Sri_Lanka>	ManualEvaluation	True
?c  <hasChild>  ?a  ?c  <livesIn>  ?b   => ?a  <livesIn>  ?b	<Noah_Newman>	<livesIn>	<Wisconsin>	ManualEvaluation	True
?c  <hasChild>  ?a  ?c  <livesIn>  ?b   => ?a  <livesIn>  ?b	<Erin_Bethea>	<livesIn>	<Albany,_Georgia>	ManualEvaluation	Unknown
?c  <hasChild>  ?a  ?c  <livesIn>  ?b   => ?a  <livesIn>  ?b	<Dorothy_Walker_Bush>	<livesIn>	<Sutton_Place,_Manhattan>	ManualEvaluation	Unknown
?c  <hasChild>  ?a  ?c  <livesIn>  ?b   => ?a  <livesIn>  ?b	<Richard_Barnes_Mason>	<livesIn>	<Gunston_Hall>	ManualEvaluation	True
?c  <hasChild>  ?a  ?c  <livesIn>  ?b   => ?a  <livesIn>  ?b	<Luke_Spencer>	<livesIn>	<France>	ManualEvaluation	False
?c  <hasChild>  ?a  ?c  <livesIn>  ?b   => ?a  <livesIn>  ?b	<John_Dudley,_2nd_Earl_of_Warwick>	<livesIn>	<West_Midlands_(county)>	ManualEvaluation	False
?c  <hasChild>  ?a  ?c  <livesIn>  ?b   => ?a  <livesIn>  ?b	<George_Herbert_Walker,_Jr.>	<livesIn>	<Kennebunkport,_Maine>	ManualEvaluation	Unknown
?c  <hasChild>  ?a  ?c  <livesIn>  ?b   => ?a  <livesIn>  ?b	<Umar_Farouk_Abdulmutallab>	<livesIn>	<Nigeria>	ManualEvaluation	True
?c  <hasChild>  ?a  ?c  <livesIn>  ?b   => ?a  <livesIn>  ?b	<Wen_Yunsong>	<livesIn>	<Beijing>	ManualEvaluation	True
?c  <hasChild>  ?a  ?c  <livesIn>  ?b   => ?a  <livesIn>  ?b	<Scott_Grainger,_Jr.>	<livesIn>	<Wisconsin>	ManualEvaluation	True
?c  <hasChild>  ?a  ?c  <livesIn>  ?b   => ?a  <livesIn>  ?b	<Brock_Reynolds>	<livesIn>	<Genoa_City_(fictional_city)>	ManualEvaluation	False
?c  <hasChild>  ?a  ?c  <livesIn>  ?b   => ?a  <livesIn>  ?b	<Anne_Carr,_Countess_of_Bedford>	<livesIn>	<Dorset>	ManualEvaluation	Unknown
?c  <hasChild>  ?a  ?c  <livesIn>  ?b   => ?a  <livesIn>  ?b	<Mary_Soames,_Baroness_Soames>	<livesIn>	<10_Downing_Street>	ManualEvaluation	True
?c  <hasChild>  ?a  ?c  <livesIn>  ?b   => ?a  <livesIn>  ?b	<Rodman_Rockefeller>	<livesIn>	<New_York>	ManualEvaluation	True
?c  <hasChild>  ?a  ?c  <livesIn>  ?b   => ?a  <livesIn>  ?b	<Eric_Brady>	<livesIn>	<USA>	ManualEvaluation	True
?c  <hasChild>  ?a  ?c  <livesIn>  ?b   => ?a  <livesIn>  ?b	<Cornelius_Vanderbilt_III>	<livesIn>	<The_Breakers>	ManualEvaluation	False
?c  <hasChild>  ?a  ?c  <livesIn>  ?b   => ?a  <livesIn>  ?b	<Foxhall_P._Keene>	<livesIn>	<Cedarhurst,_New_York>	ManualEvaluation	False
?c  <hasChild>  ?a  ?c  <livesIn>  ?b   => ?a  <livesIn>  ?b	<Philip_Kiriakis>	<livesIn>	<Salem_(Days_of_our_Lives)>	ManualEvaluation	True
?c  <hasChild>  ?a  ?c  <livesIn>  ?b   => ?a  <livesIn>  ?b	<Cornelia_Guest>	<livesIn>	<New_York>	ManualEvaluation	True
?c  <hasChild>  ?a  ?c  <livesIn>  ?b   => ?a  <livesIn>  ?b	<Maxie_Jones>	<livesIn>	<Texas>	ManualEvaluation	False
?c  <hasChild>  ?a  ?c  <livesIn>  ?b   => ?a  <livesIn>  ?b	<Aditya_Mittal>	<livesIn>	<United_Kingdom>	ManualEvaluation	True
?c  <hasChild>  ?a  ?c  <livesIn>  ?b   => ?a  <livesIn>  ?b	<Tom_Hardy_Sr.>	<livesIn>	<Port_Charles,_New_York_(fictional_city)>	ManualEvaluation	False
?c  <hasChild>  ?a  ?c  <livesIn>  ?b   => ?a  <livesIn>  ?b	<John_Dudley,_2nd_Earl_of_Warwick>	<livesIn>	<Kenilworth_Castle>	ManualEvaluation	Unknown
?c  <hasChild>  ?a  ?c  <livesIn>  ?b   => ?a  <livesIn>  ?b	<Naveen_Jindal>	<livesIn>	<India>	ManualEvaluation	True
?c  <hasChild>  ?a  ?c  <livesIn>  ?b   => ?a  <livesIn>  ?b	<Lord_Guilford_Dudley>	<livesIn>	<Warwickshire>	ManualEvaluation	Unknown
?c  <hasChild>  ?a  ?c  <livesIn>  ?b   => ?a  <livesIn>  ?b	<James_Stenbeck>	<livesIn>	<Illinois>	ManualEvaluation	False
?c  <hasChild>  ?a  ?c  <livesIn>  ?b   => ?a  <livesIn>  ?b	<France_Chrétien_Desmarais>	<livesIn>	<Quebec>	ManualEvaluation	False
?c  <hasChild>  ?a  ?c  <livesIn>  ?b   => ?a  <livesIn>  ?b	<Alice_Ormsby-Gore>	<livesIn>	<Oswestry>	ManualEvaluation	False
?a  <isMarriedTo>  ?c  ?c  <hasWonPrize>  ?b   => ?a  <hasWonPrize>  ?b	<Jean_Hale>	<hasWonPrize>	<Emmy_Award>	ManualEvaluation	False
?a  <isMarriedTo>  ?c  ?c  <hasWonPrize>  ?b   => ?a  <hasWonPrize>  ?b	<Chen_Hong_(actress)>	<hasWonPrize>	<BAFTA_Award_for_Best_Film>	ManualEvaluation	False
?a  <isMarriedTo>  ?c  ?c  <hasWonPrize>  ?b   => ?a  <hasWonPrize>  ?b	<Laura_Ziskin>	<hasWonPrize>	<Saturn_Award>	ManualEvaluation	False
?a  <isMarriedTo>  ?c  ?c  <hasWonPrize>  ?b   => ?a  <hasWonPrize>  ?b	<Brad_Hall>	<hasWonPrize>	<Emmy_Award>	ManualEvaluation	False
?a  <isMarriedTo>  ?c  ?c  <hasWonPrize>  ?b   => ?a  <hasWonPrize>  ?b	<Julie_Andrews>	<hasWonPrize>	<Writers_Guild_of_America_Award>	ManualEvaluation	False
?a  <isMarriedTo>  ?c  ?c  <hasWonPrize>  ?b   => ?a  <hasWonPrize>  ?b	<Evelyn_G._Lowery>	<hasWonPrize>	<Presidential_Medal_of_Freedom>	ManualEvaluation	False
?a  <isMarriedTo>  ?c  ?c  <hasWonPrize>  ?b   => ?a  <hasWonPrize>  ?b	<Cynthia_Rhodes>	<hasWonPrize>	<Grammy_Award>	ManualEvaluation	False
?a  <isMarriedTo>  ?c  ?c  <hasWonPrize>  ?b   => ?a  <hasWonPrize>  ?b	<Helen_Mirren>	<hasWonPrize>	<Grammy_Award>	ManualEvaluation	False
?a  <isMarriedTo>  ?c  ?c  <hasWonPrize>  ?b   => ?a  <hasWonPrize>  ?b	<Roberto_Rossellini>	<hasWonPrize>	<Emmy_Award>	ManualEvaluation	False
?a  <isMarriedTo>  ?c  ?c  <hasWonPrize>  ?b   => ?a  <hasWonPrize>  ?b	<David_Gest>	<hasWonPrize>	<Grammy_Award>	ManualEvaluation	False
?a  <isMarriedTo>  ?c  ?c  <hasWonPrize>  ?b   => ?a  <hasWonPrize>  ?b	<Richard_Mulligan>	<hasWonPrize>	<Drama_Desk_Award>	ManualEvaluation	False
?a  <isMarriedTo>  ?c  ?c  <hasWonPrize>  ?b   => ?a  <hasWonPrize>  ?b	<Sharon_Osbourne>	<hasWonPrize>	<Grammy_Award>	ManualEvaluation	False
?a  <isMarriedTo>  ?c  ?c  <hasWonPrize>  ?b   => ?a  <hasWonPrize>  ?b	<Georg_Stanford_Brown>	<hasWonPrize>	<Emmy_Award>	ManualEvaluation	False
?a  <isMarriedTo>  ?c  ?c  <hasWonPrize>  ?b   => ?a  <hasWonPrize>  ?b	<Jada_Pinkett_Smith>	<hasWonPrize>	<MTV_Video_Music_Awards>	ManualEvaluation	False
?a  <isMarriedTo>  ?c  ?c  <hasWonPrize>  ?b   => ?a  <hasWonPrize>  ?b	<Kathie_Lee_Gifford>	<hasWonPrize>	<Sports_Emmy_Award>	ManualEvaluation	False
?a  <isMarriedTo>  ?c  ?c  <hasWonPrize>  ?b   => ?a  <hasWonPrize>  ?b	<Dewey_Martin_(actor)>	<hasWonPrize>	<Grammy_Award>	ManualEvaluation	False
?a  <isMarriedTo>  ?c  ?c  <hasWonPrize>  ?b   => ?a  <hasWonPrize>  ?b	<Diane_Sawyer>	<hasWonPrize>	<Emmy_Award>	ManualEvaluation	True
?a  <isMarriedTo>  ?c  ?c  <hasWonPrize>  ?b   => ?a  <hasWonPrize>  ?b	<Saira_Banu>	<hasWonPrize>	<Filmfare_Awards>	ManualEvaluation	False
?a  <isMarriedTo>  ?c  ?c  <hasWonPrize>  ?b   => ?a  <hasWonPrize>  ?b	<Dixie_Carter>	<hasWonPrize>	<Drama_Desk_Award>	ManualEvaluation	False
?a  <isMarriedTo>  ?c  ?c  <hasWonPrize>  ?b   => ?a  <hasWonPrize>  ?b	<Heather_Mills>	<hasWonPrize>	<Grammy_Award>	ManualEvaluation	False
?a  <isMarriedTo>  ?c  ?c  <hasWonPrize>  ?b   => ?a  <hasWonPrize>  ?b	<Richard_Brooks>	<hasWonPrize>	<Emmy_Award>	ManualEvaluation	False
?a  <isMarriedTo>  ?c  ?c  <hasWonPrize>  ?b   => ?a  <hasWonPrize>  ?b	<Madge_Evans>	<hasWonPrize>	<Pulitzer_Prize_for_Drama>	ManualEvaluation	False
?a  <isMarriedTo>  ?c  ?c  <hasWonPrize>  ?b   => ?a  <hasWonPrize>  ?b	<Sean_Penn>	<hasWonPrize>	<MTV_Video_Vanguard_Award>	ManualEvaluation	False
?a  <isMarriedTo>  ?c  ?c  <hasWonPrize>  ?b   => ?a  <hasWonPrize>  ?b	<Joan_Bennett>	<hasWonPrize>	<Bronze_Star_Medal>	ManualEvaluation	False
?a  <isMarriedTo>  ?c  ?c  <hasWonPrize>  ?b   => ?a  <hasWonPrize>  ?b	<Ashley_Eckstein>	<hasWonPrize>	<Heart_&_Hustle_Award>	ManualEvaluation	False
?a  <isMarriedTo>  ?c  ?c  <hasWonPrize>  ?b   => ?a  <hasWonPrize>  ?b	<Amy_Irving>	<hasWonPrize>	<Daytime_Emmy_Award>	ManualEvaluation	False
?a  <isMarriedTo>  ?c  ?c  <hasWonPrize>  ?b   => ?a  <hasWonPrize>  ?b	<Jacqueline_Schultz>	<hasWonPrize>	<Daytime_Emmy_Award>	ManualEvaluation	False
?a  <isMarriedTo>  ?c  ?c  <hasWonPrize>  ?b   => ?a  <hasWonPrize>  ?b	<Tommy_Mottola>	<hasWonPrize>	<Grammy_Award>	ManualEvaluation	False
?a  <isMarriedTo>  ?c  ?c  <hasWonPrize>  ?b   => ?a  <hasWonPrize>  ?b	<Cathy_O'Donnell>	<hasWonPrize>	<Edgar_Award>	ManualEvaluation	False
?a  <isMarriedTo>  ?c  ?c  <hasWonPrize>  ?b   => ?a  <hasWonPrize>  ?b	<Rosemarie_Ford>	<hasWonPrize>	<Tony_Award>	ManualEvaluation	False
?a  <isLeaderOf>  ?b  ?a  <livesIn>  ?b   => ?a  <wasBornIn>  ?b	<Anna_C._Little>	<wasBornIn>	<Highlands,_New_Jersey>	ManualEvaluation	False
?a  <isLeaderOf>  ?b  ?a  <livesIn>  ?b   => ?a  <wasBornIn>  ?b	<John_Cummins_(politician)>	<wasBornIn>	<Richmond,_British_Columbia>	ManualEvaluation	Unknown
?a  <isLeaderOf>  ?b  ?a  <livesIn>  ?b   => ?a  <wasBornIn>  ?b	<Dalton_McGuinty>	<wasBornIn>	<Ottawa>	ManualEvaluation	True
?a  <isLeaderOf>  ?b  ?a  <livesIn>  ?b   => ?a  <wasBornIn>  ?b	<Jack_Layton>	<wasBornIn>	<Toronto>	ManualEvaluation	False
?a  <isLeaderOf>  ?b  ?a  <livesIn>  ?b   => ?a  <wasBornIn>  ?b	<Jonas_Cortes>	<wasBornIn>	<Mandaue_City>	ManualEvaluation	True
?a  <isLeaderOf>  ?b  ?a  <livesIn>  ?b   => ?a  <wasBornIn>  ?b	<Kathleen_Wynne>	<wasBornIn>	<Toronto>	ManualEvaluation	False
?a  <isLeaderOf>  ?b  ?a  <livesIn>  ?b   => ?a  <wasBornIn>  ?b	<Morgan_Tsvangirai>	<wasBornIn>	<Zimbabwe>	ManualEvaluation	True
?a  <isLeaderOf>  ?b  ?a  <livesIn>  ?b   => ?a  <wasBornIn>  ?b	<Patrick_Brown_(politician)>	<wasBornIn>	<Barrie>	ManualEvaluation	False
?a  <isLeaderOf>  ?b  ?a  <livesIn>  ?b   => ?a  <wasBornIn>  ?b	<Rob_Burton>	<wasBornIn>	<Oakville,_Ontario>	ManualEvaluation	Unknown
?a  <isLeaderOf>  ?b  ?a  <livesIn>  ?b   => ?a  <wasBornIn>  ?b	<Bob_Rae>	<wasBornIn>	<Toronto>	ManualEvaluation	False
?a  <isLeaderOf>  ?b  ?a  <livesIn>  ?b   => ?a  <wasBornIn>  ?b	<Denis_Lebel>	<wasBornIn>	<Roberval,_Quebec>	ManualEvaluation	True
?a  <isLeaderOf>  ?b  ?a  <livesIn>  ?b   => ?a  <wasBornIn>  ?b	<Jim_Maloway>	<wasBornIn>	<Winnipeg>	ManualEvaluation	False
?a  <isLeaderOf>  ?b  ?a  <livesIn>  ?b   => ?a  <wasBornIn>  ?b	<Ralph_Goodale>	<wasBornIn>	<Regina,_Saskatchewan>	ManualEvaluation	True
?a  <isLeaderOf>  ?b  ?a  <livesIn>  ?b   => ?a  <wasBornIn>  ?b	<Sukh_Dhaliwal>	<wasBornIn>	<Surrey,_British_Columbia>	ManualEvaluation	False
?a  <isLeaderOf>  ?b  ?a  <livesIn>  ?b   => ?a  <wasBornIn>  ?b	<John_Nkomo>	<wasBornIn>	<Zimbabwe>	ManualEvaluation	True
?a  <isLeaderOf>  ?b  ?a  <livesIn>  ?b   => ?a  <wasBornIn>  ?b	<Eva_Aariak>	<wasBornIn>	<Nunavut>	ManualEvaluation	True
?a  <hasCapital>  ?c  ?c  <hasOfficialLanguage>  ?b   => ?a  <hasOfficialLanguage>  ?b	<Delhi_Territory>	<hasOfficialLanguage>	<Punjabi_language>	ManualEvaluation	True
?a  <hasCapital>  ?c  ?c  <hasOfficialLanguage>  ?b   => ?a  <hasOfficialLanguage>  ?b	<Delhi_Territory>	<hasOfficialLanguage>	<Hindi>	ManualEvaluation	True
?a  <hasCapital>  ?c  ?c  <hasOfficialLanguage>  ?b   => ?a  <hasOfficialLanguage>  ?b	<Delhi_Territory>	<hasOfficialLanguage>	<English_language>	ManualEvaluation	False
?a  <hasCapital>  ?c  ?c  <hasOfficialLanguage>  ?b   => ?a  <hasOfficialLanguage>  ?b	<Delhi_Territory>	<hasOfficialLanguage>	<Urdu>	ManualEvaluation	True
?a  <hasCapital>  ?c  ?c  <hasOfficialLanguage>  ?b   => ?a  <hasOfficialLanguage>  ?b	<Khilji_dynasty>	<hasOfficialLanguage>	<Punjabi_language>	ManualEvaluation	False
?a  <hasCapital>  ?c  ?c  <hasOfficialLanguage>  ?b   => ?a  <hasOfficialLanguage>  ?b	<Khilji_dynasty>	<hasOfficialLanguage>	<Hindi>	ManualEvaluation	False
?a  <hasCapital>  ?c  ?c  <hasOfficialLanguage>  ?b   => ?a  <hasOfficialLanguage>  ?b	<Khilji_dynasty>	<hasOfficialLanguage>	<English_language>	ManualEvaluation	False
?a  <hasCapital>  ?c  ?c  <hasOfficialLanguage>  ?b   => ?a  <hasOfficialLanguage>  ?b	<Khilji_dynasty>	<hasOfficialLanguage>	<Urdu>	ManualEvaluation	False
?a  <hasCapital>  ?c  ?c  <hasOfficialLanguage>  ?b   => ?a  <hasOfficialLanguage>  ?b	<Lodi_dynasty>	<hasOfficialLanguage>	<Punjabi_language>	ManualEvaluation	False
?a  <hasCapital>  ?c  ?c  <hasOfficialLanguage>  ?b   => ?a  <hasOfficialLanguage>  ?b	<Lodi_dynasty>	<hasOfficialLanguage>	<Hindi>	ManualEvaluation	False
?a  <hasCapital>  ?c  ?c  <hasOfficialLanguage>  ?b   => ?a  <hasOfficialLanguage>  ?b	<Lodi_dynasty>	<hasOfficialLanguage>	<English_language>	ManualEvaluation	False
?a  <hasCapital>  ?c  ?c  <hasOfficialLanguage>  ?b   => ?a  <hasOfficialLanguage>  ?b	<Lodi_dynasty>	<hasOfficialLanguage>	<Urdu>	ManualEvaluation	False
?a  <hasCapital>  ?c  ?c  <hasOfficialLanguage>  ?b   => ?a  <hasOfficialLanguage>  ?b	<United_Province>	<hasOfficialLanguage>	<Hindi>	ManualEvaluation	True
?a  <hasCapital>  ?c  ?c  <hasOfficialLanguage>  ?b   => ?a  <hasOfficialLanguage>  ?b	<United_Province>	<hasOfficialLanguage>	<Urdu>	ManualEvaluation	True
?a  <hasCapital>  ?c  ?c  <hasOfficialLanguage>  ?b   => ?a  <hasOfficialLanguage>  ?b	<Suri_dynasty>	<hasOfficialLanguage>	<Punjabi_language>	ManualEvaluation	False
?a  <hasCapital>  ?c  ?c  <hasOfficialLanguage>  ?b   => ?a  <hasOfficialLanguage>  ?b	<Suri_dynasty>	<hasOfficialLanguage>	<Hindi>	ManualEvaluation	False
?a  <hasCapital>  ?c  ?c  <hasOfficialLanguage>  ?b   => ?a  <hasOfficialLanguage>  ?b	<Suri_dynasty>	<hasOfficialLanguage>	<English_language>	ManualEvaluation	False
?a  <hasCapital>  ?c  ?c  <hasOfficialLanguage>  ?b   => ?a  <hasOfficialLanguage>  ?b	<Suri_dynasty>	<hasOfficialLanguage>	<Urdu>	ManualEvaluation	False
?a  <hasCapital>  ?c  ?c  <hasOfficialLanguage>  ?b   => ?a  <hasOfficialLanguage>  ?b	<United_Provinces_of_British_India>	<hasOfficialLanguage>	<Hindi>	ManualEvaluation	True
?a  <hasCapital>  ?c  ?c  <hasOfficialLanguage>  ?b   => ?a  <hasOfficialLanguage>  ?b	<United_Provinces_of_British_India>	<hasOfficialLanguage>	<Urdu>	ManualEvaluation	True
?a  <hasCapital>  ?c  ?c  <hasOfficialLanguage>  ?b   => ?a  <hasOfficialLanguage>  ?b	<Kerala>	<hasOfficialLanguage>	<English_language>	ManualEvaluation	True
?a  <hasCapital>  ?c  ?c  <hasOfficialLanguage>  ?b   => ?a  <hasOfficialLanguage>  ?b	<Delhi_Sultanate>	<hasOfficialLanguage>	<Punjabi_language>	ManualEvaluation	False
?a  <hasCapital>  ?c  ?c  <hasOfficialLanguage>  ?b   => ?a  <hasOfficialLanguage>  ?b	<Delhi_Sultanate>	<hasOfficialLanguage>	<Hindi>	ManualEvaluation	False
?a  <hasCapital>  ?c  ?c  <hasOfficialLanguage>  ?b   => ?a  <hasOfficialLanguage>  ?b	<Delhi_Sultanate>	<hasOfficialLanguage>	<English_language>	ManualEvaluation	False
?a  <hasCapital>  ?c  ?c  <hasOfficialLanguage>  ?b   => ?a  <hasOfficialLanguage>  ?b	<Delhi_Sultanate>	<hasOfficialLanguage>	<Urdu>	ManualEvaluation	False
?a  <wasBornIn>  ?c  ?c  <isLocatedIn>  ?b   => ?a  <isCitizenOf>  ?b	<Rebecca_Grant_(actress)>	<isCitizenOf>	<East_Midlands>	ManualEvaluation	Unknown
?a  <wasBornIn>  ?c  ?c  <isLocatedIn>  ?b   => ?a  <isCitizenOf>  ?b	<John_B._Fournet>	<isCitizenOf>	<Louisiana>	ManualEvaluation	True
?a  <wasBornIn>  ?c  ?c  <isLocatedIn>  ?b   => ?a  <isCitizenOf>  ?b	<Jennifer_Garner>	<isCitizenOf>	<Texas>	ManualEvaluation	True
?a  <wasBornIn>  ?c  ?c  <isLocatedIn>  ?b   => ?a  <isCitizenOf>  ?b	<Owen_Wilson>	<isCitizenOf>	<Texas>	ManualEvaluation	True
?a  <wasBornIn>  ?c  ?c  <isLocatedIn>  ?b   => ?a  <isCitizenOf>  ?b	<Jeremy_Yablonski>	<isCitizenOf>	<Saskatchewan>	ManualEvaluation	True
?a  <wasBornIn>  ?c  ?c  <isLocatedIn>  ?b   => ?a  <isCitizenOf>  ?b	<Henry_Barratt>	<isCitizenOf>	<South_East_England>	ManualEvaluation	True
?a  <wasBornIn>  ?c  ?c  <isLocatedIn>  ?b   => ?a  <isCitizenOf>  ?b	<James_Harbord>	<isCitizenOf>	<Illinois>	ManualEvaluation	True
?a  <wasBornIn>  ?c  ?c  <isLocatedIn>  ?b   => ?a  <isCitizenOf>  ?b	<George_Erik_Rupp>	<isCitizenOf>	<New_Jersey>	ManualEvaluation	True
?a  <wasBornIn>  ?c  ?c  <isLocatedIn>  ?b   => ?a  <isCitizenOf>  ?b	<William_T._Hanna>	<isCitizenOf>	<New_York>	ManualEvaluation	True
?a  <wasBornIn>  ?c  ?c  <isLocatedIn>  ?b   => ?a  <isCitizenOf>  ?b	<Benjamin_Buttenwieser>	<isCitizenOf>	<New_York>	ManualEvaluation	True
?a  <wasBornIn>  ?c  ?c  <isLocatedIn>  ?b   => ?a  <isCitizenOf>  ?b	<James_P._Allaire>	<isCitizenOf>	<New_York>	ManualEvaluation	True
?a  <wasBornIn>  ?c  ?c  <isLocatedIn>  ?b   => ?a  <isCitizenOf>  ?b	<Willy_Ronis>	<isCitizenOf>	<geoent_Région_Île-de-France_3012874>	ManualEvaluation	Unknown
?a  <wasBornIn>  ?c  ?c  <isLocatedIn>  ?b   => ?a  <isCitizenOf>  ?b	<Frank_William_Towey,_Jr.>	<isCitizenOf>	<New_Jersey>	ManualEvaluation	True
?a  <wasBornIn>  ?c  ?c  <isLocatedIn>  ?b   => ?a  <isCitizenOf>  ?b	<Oliver_Winfield_Killam>	<isCitizenOf>	<Missouri>	ManualEvaluation	True
?a  <wasBornIn>  ?c  ?c  <isLocatedIn>  ?b   => ?a  <isCitizenOf>  ?b	<Mike_Moncrief>	<isCitizenOf>	<Texas>	ManualEvaluation	True
?a  <wasBornIn>  ?c  ?c  <isLocatedIn>  ?b   => ?a  <isCitizenOf>  ?b	<Larry_Kenon>	<isCitizenOf>	<Alabama>	ManualEvaluation	True
?a  <wasBornIn>  ?c  ?c  <isLocatedIn>  ?b   => ?a  <isCitizenOf>  ?b	<Kimberly_Navarro>	<isCitizenOf>	<San_Francisco_Bay_Area>	ManualEvaluation	True
?a  <wasBornIn>  ?c  ?c  <isLocatedIn>  ?b   => ?a  <isCitizenOf>  ?b	<Alan_North>	<isCitizenOf>	<New_York>	ManualEvaluation	True
?a  <wasBornIn>  ?c  ?c  <isLocatedIn>  ?b   => ?a  <isCitizenOf>  ?b	<James_Ashley_(politician)>	<isCitizenOf>	<North_West_England>	ManualEvaluation	True
?a  <wasBornIn>  ?c  ?c  <isLocatedIn>  ?b   => ?a  <isCitizenOf>  ?b	<Geoff_Keith>	<isCitizenOf>	<South_East_England>	ManualEvaluation	True
?a  <wasBornIn>  ?c  ?c  <isLocatedIn>  ?b   => ?a  <isCitizenOf>  ?b	<James_R._Allen>	<isCitizenOf>	<Kentucky>	ManualEvaluation	True
?a  <diedIn>  ?c  ?c  <isLocatedIn>  ?b   => ?a  <isCitizenOf>  ?b	<Larry_Thor>	<isCitizenOf>	<Los_Angeles_County,_California>	ManualEvaluation	True
?a  <diedIn>  ?c  ?c  <isLocatedIn>  ?b   => ?a  <isCitizenOf>  ?b	<Archie_Musick>	<isCitizenOf>	<Colorado>	ManualEvaluation	True
?a  <diedIn>  ?c  ?c  <isLocatedIn>  ?b   => ?a  <isCitizenOf>  ?b	<Dallas_McKennon>	<isCitizenOf>	<Washington_(U.S._state)>	ManualEvaluation	True
?a  <diedIn>  ?c  ?c  <isLocatedIn>  ?b   => ?a  <isCitizenOf>  ?b	<Lovell_Rousseau>	<isCitizenOf>	<Louisiana>	ManualEvaluation	True
?a  <diedIn>  ?c  ?c  <isLocatedIn>  ?b   => ?a  <isCitizenOf>  ?b	<George_W._Norris>	<isCitizenOf>	<Nebraska>	ManualEvaluation	True
?a  <diedIn>  ?c  ?c  <isLocatedIn>  ?b   => ?a  <isCitizenOf>  ?b	<George_Hollis>	<isCitizenOf>	<South_West_England>	ManualEvaluation	True
?a  <diedIn>  ?c  ?c  <isLocatedIn>  ?b   => ?a  <isCitizenOf>  ?b	<Oliver_Winfield_Killam>	<isCitizenOf>	<Texas>	ManualEvaluation	True
?a  <diedIn>  ?c  ?c  <isLocatedIn>  ?b   => ?a  <isCitizenOf>  ?b	<Randle_T._Moore>	<isCitizenOf>	<Louisiana>	ManualEvaluation	True
?a  <diedIn>  ?c  ?c  <isLocatedIn>  ?b   => ?a  <isCitizenOf>  ?b	<Richard_Bartholdt>	<isCitizenOf>	<Missouri>	ManualEvaluation	True
?a  <diedIn>  ?c  ?c  <isLocatedIn>  ?b   => ?a  <isCitizenOf>  ?b	<William_Paul_Fife>	<isCitizenOf>	<Texas>	ManualEvaluation	True
?a  <diedIn>  ?c  ?c  <isLocatedIn>  ?b   => ?a  <isCitizenOf>  ?b	<Booker_T._Washington>	<isCitizenOf>	<Alabama>	ManualEvaluation	True
?a  <diedIn>  ?c  ?c  <isLocatedIn>  ?b   => ?a  <isCitizenOf>  ?b	<Julius_of_Rome>	<isCitizenOf>	<Ciampino>	ManualEvaluation	Unknown
?a  <diedIn>  ?c  ?c  <isLocatedIn>  ?b   => ?a  <isCitizenOf>  ?b	<Herbert_C._Brown>	<isCitizenOf>	<Indiana>	ManualEvaluation	True
?a  <diedIn>  ?c  ?c  <isLocatedIn>  ?b   => ?a  <isCitizenOf>  ?b	<Lou_Jankowski>	<isCitizenOf>	<Pinellas_County,_Florida>	ManualEvaluation	True
?a  <diedIn>  ?c  ?c  <isLocatedIn>  ?b   => ?a  <isCitizenOf>  ?b	<Frank_Simpson_(cricketer)>	<isCitizenOf>	<South_East_England>	ManualEvaluation	True
?a  <diedIn>  ?c  ?c  <isLocatedIn>  ?b   => ?a  <isCitizenOf>  ?b	<Jonathan_S._Willis>	<isCitizenOf>	<Delaware>	ManualEvaluation	True
?a  <diedIn>  ?c  ?c  <isLocatedIn>  ?b   => ?a  <isCitizenOf>  ?b	<Victor_of_Aveyron>	<isCitizenOf>	<geoent_Région_Île-de-France_3012874>	ManualEvaluation	unknown
?a  <diedIn>  ?c  ?c  <isLocatedIn>  ?b   => ?a  <isCitizenOf>  ?b	<Michael_S._Rosenfeld>	<isCitizenOf>	<Los_Angeles_County,_California>	ManualEvaluation	True
?a  <diedIn>  ?c  ?c  <isLocatedIn>  ?b   => ?a  <isCitizenOf>  ?b	<C._Douglass_Buck>	<isCitizenOf>	<Delaware>	ManualEvaluation	True
?a  <diedIn>  ?c  ?c  <isLocatedIn>  ?b   => ?a  <isCitizenOf>  ?b	<Andrew_Jackson_Bettwy>	<isCitizenOf>	<Arkansas>	ManualEvaluation	True
?a  <diedIn>  ?c  ?c  <isLocatedIn>  ?b   => ?a  <isCitizenOf>  ?b	<Henry_Skillman_Breckinridge>	<isCitizenOf>	<New_York>	ManualEvaluation	True
?a  <diedIn>  ?c  ?c  <isLocatedIn>  ?b   => ?a  <isCitizenOf>  ?b	<John_Bryan_Bowman>	<isCitizenOf>	<Kentucky>	ManualEvaluation	True
?a  <livesIn>  ?c  ?b  <hasCapital>  ?c   => ?a  <isCitizenOf>  ?b	<Norbert_Haug>	<isCitizenOf>	<Stuttgart_(region)>	ManualEvaluation	True
?a  <livesIn>  ?c  ?b  <hasCapital>  ?c   => ?a  <isCitizenOf>  ?b	<}eljko_Rohatinski>	<isCitizenOf>	<Socialist_Republic_of_Croatia>	ManualEvaluation	Unknown
?a  <livesIn>  ?c  ?b  <hasCapital>  ?c   => ?a  <isCitizenOf>  ?b	<Forrest_Fezler>	<isCitizenOf>	<Florida_Territory>	ManualEvaluation	False
?a  <livesIn>  ?c  ?b  <hasCapital>  ?c   => ?a  <isCitizenOf>  ?b	<Kalbe_Razi_Naqvi>	<isCitizenOf>	<Sør-Trøndelag_County_Municipality>	ManualEvaluation	True
?a  <livesIn>  ?c  ?b  <hasCapital>  ?c   => ?a  <isCitizenOf>  ?b	<Hella_von_Sinnen>	<isCitizenOf>	<Cologne_(region)>	ManualEvaluation	True
?a  <livesIn>  ?c  ?b  <hasCapital>  ?c   => ?a  <isCitizenOf>  ?b	<Bob_Krist>	<isCitizenOf>	<Nebraska_Territory>	ManualEvaluation	False
?a  <livesIn>  ?c  ?b  <hasCapital>  ?c   => ?a  <isCitizenOf>  ?b	<Dilan_Jayawardane>	<isCitizenOf>	<British_America>	ManualEvaluation	False
?a  <livesIn>  ?c  ?b  <hasCapital>  ?c   => ?a  <isCitizenOf>  ?b	<Shira_Willner>	<isCitizenOf>	<Allied-occupied_Germany>	ManualEvaluation	False
?a  <livesIn>  ?c  ?b  <hasCapital>  ?c   => ?a  <isCitizenOf>  ?b	<Satoru_Kobayashi>	<isCitizenOf>	<Occupation_of_Japan>	ManualEvaluation	False
?a  <livesIn>  ?c  ?b  <hasCapital>  ?c   => ?a  <isCitizenOf>  ?b	<President_of_the_Moldovan_Parliament>	<isCitizenOf>	<Moldavian_Democratic_Republic>	ManualEvaluation	True
?a  <livesIn>  ?c  ?b  <hasCapital>  ?c   => ?a  <isCitizenOf>  ?b	<Christopher_Mattheisen>	<isCitizenOf>	<Hungarian_Soviet_Republic>	ManualEvaluation	False
?a  <livesIn>  ?c  ?b  <hasCapital>  ?c   => ?a  <isCitizenOf>  ?b	<Anders_Björck>	<isCitizenOf>	<Swedish_Empire>	ManualEvaluation	False
?a  <livesIn>  ?c  ?b  <hasCapital>  ?c   => ?a  <isCitizenOf>  ?b	<José_Sócrates>	<isCitizenOf>	<Estado_Novo_(Portugal)>	ManualEvaluation	True
?a  <livesIn>  ?c  ?b  <hasCapital>  ?c   => ?a  <isCitizenOf>  ?b	<Takao_Suzuki>	<isCitizenOf>	<Occupation_of_Japan>	ManualEvaluation	False
?a  <livesIn>  ?c  ?b  <hasCapital>  ?c   => ?a  <isCitizenOf>  ?b	<Luke_Goddard>	<isCitizenOf>	<Kingdom_of_Essex>	ManualEvaluation	False
?a  <isLocatedIn>  ?c  ?c  <isLocatedIn>  ?b   => ?a  <isCitizenOf>  ?b	<Pankhurst_Centre>	<isCitizenOf>	<North_West_England>	ManualEvaluation	False
?a  <isLocatedIn>  ?c  ?c  <isLocatedIn>  ?b   => ?a  <isCitizenOf>  ?b	<Bodmin>	<isCitizenOf>	<Isles_of_Scilly>	ManualEvaluation	False
?a  <isLocatedIn>  ?c  ?c  <isLocatedIn>  ?b   => ?a  <isCitizenOf>  ?b	<Lincoln_High_School_(Stockton,_California)>	<isCitizenOf>	<California>	ManualEvaluation	False
?a  <isLocatedIn>  ?c  ?c  <isLocatedIn>  ?b   => ?a  <isCitizenOf>  ?b	<Florida_A&M_University>	<isCitizenOf>	<Leon_County,_Florida>	ManualEvaluation	False
?a  <isLocatedIn>  ?c  ?c  <isLocatedIn>  ?b   => ?a  <isCitizenOf>  ?b	<Huddersfield_Literature_Festival>	<isCitizenOf>	<West_Yorkshire>	ManualEvaluation	False
?a  <isLocatedIn>  ?c  ?c  <isLocatedIn>  ?b   => ?a  <isCitizenOf>  ?b	<Michael_S._Moore>	<isCitizenOf>	<Tennessee>	ManualEvaluation	True
?a  <isLocatedIn>  ?c  ?c  <isLocatedIn>  ?b   => ?a  <isCitizenOf>  ?b	<McKinley_Mall>	<isCitizenOf>	<New_York>	ManualEvaluation	True
?a  <isLocatedIn>  ?c  ?c  <isLocatedIn>  ?b   => ?a  <isCitizenOf>  ?b	<Wolfsonian-FIU>	<isCitizenOf>	<Miami-Dade_County,_Florida>	ManualEvaluation	False
?a  <isLocatedIn>  ?c  ?c  <isLocatedIn>  ?b   => ?a  <isCitizenOf>  ?b	<Amalebra>	<isCitizenOf>	<Isles_of_Scilly>	ManualEvaluation	False
?a  <isLocatedIn>  ?c  ?c  <isLocatedIn>  ?b   => ?a  <isCitizenOf>  ?b	<Wind_Point_Light>	<isCitizenOf>	<Wisconsin>	ManualEvaluation	False
?a  <isLocatedIn>  ?c  ?c  <isLocatedIn>  ?b   => ?a  <isCitizenOf>  ?b	<Allentown_Historic_District_(Buffalo,_New_York)>	<isCitizenOf>	<New_York>	ManualEvaluation	False
?a  <isLocatedIn>  ?c  ?c  <isLocatedIn>  ?b   => ?a  <isCitizenOf>  ?b	<Yellowstone_Art_Museum>	<isCitizenOf>	<Montana>	ManualEvaluation	False
?a  <isLocatedIn>  ?c  ?c  <isLocatedIn>  ?b   => ?a  <isCitizenOf>  ?b	<Jessy_Terrero>	<isCitizenOf>	<North_America>	ManualEvaluation	True
?a  <isLocatedIn>  ?c  ?c  <isLocatedIn>  ?b   => ?a  <isCitizenOf>  ?b	<Grampian_Transport_Museum>	<isCitizenOf>	<geoent_Scotland_2638360>	ManualEvaluation	Unknown
?a  <isLocatedIn>  ?c  ?c  <isLocatedIn>  ?b   => ?a  <isCitizenOf>  ?b	<Logan_County_Courthouse_(Ohio)>	<isCitizenOf>	<Ohio>	ManualEvaluation	False
?a  <isLocatedIn>  ?c  ?c  <isLocatedIn>  ?b   => ?a  <isCitizenOf>  ?b	<Bojayá_massacre>	<isCitizenOf>	<geoent_Departamento_del_Chocó_3686431>	ManualEvaluation	Unknown
?a  <isLocatedIn>  ?c  ?c  <isLocatedIn>  ?b   => ?a  <isCitizenOf>  ?b	<Mia_Riverton>	<isCitizenOf>	<Ohio>	ManualEvaluation	True
?a  <isLocatedIn>  ?c  ?c  <isLocatedIn>  ?b   => ?a  <isCitizenOf>  ?b	<Poldhu>	<isCitizenOf>	<Isles_of_Scilly>	ManualEvaluation	False
?c  <isLocatedIn>  ?b  ?a  <isLocatedIn>  ?c   => ?a  <isCitizenOf>  ?b	<Brightpoint>	<isCitizenOf>	<Indiana>	ManualEvaluation	False
?c  <isLocatedIn>  ?b  ?a  <isLocatedIn>  ?c   => ?a  <isCitizenOf>  ?b	<1986_Indianapolis_500>	<isCitizenOf>	<Speedway,_Indiana>	ManualEvaluation	False
?c  <isLocatedIn>  ?b  ?a  <isLocatedIn>  ?c   => ?a  <isCitizenOf>  ?b	<West_DeLand_Residential_District>	<isCitizenOf>	<Volusia_County,_Florida>	ManualEvaluation	False
?c  <isLocatedIn>  ?b  ?a  <isLocatedIn>  ?c   => ?a  <isCitizenOf>  ?b	<Ruainov>	<isCitizenOf>	<geoent_Europe_6255148>	ManualEvaluation	Unknown
?c  <isLocatedIn>  ?b  ?a  <isLocatedIn>  ?c   => ?a  <isCitizenOf>  ?b	<3D_Realms>	<isCitizenOf>	<Texas>	ManualEvaluation	False
?c  <isLocatedIn>  ?b  ?a  <isLocatedIn>  ?c   => ?a  <isCitizenOf>  ?b	<Anthony_Cistaro>	<isCitizenOf>	<Missouri>	ManualEvaluation	True
?c  <isLocatedIn>  ?b  ?a  <isLocatedIn>  ?c   => ?a  <isCitizenOf>  ?b	<Queen's_Lancashire_Regiment_Museum>	<isCitizenOf>	<North_West_England>	ManualEvaluation	False
?c  <isLocatedIn>  ?b  ?a  <isLocatedIn>  ?c   => ?a  <isCitizenOf>  ?b	<Santa_Cristina_de_Lena>	<isCitizenOf>	<Asturias>	ManualEvaluation	False
?c  <isLocatedIn>  ?b  ?a  <isLocatedIn>  ?c   => ?a  <isCitizenOf>  ?b	<WGAL>	<isCitizenOf>	<Pennsylvania>	ManualEvaluation	False
?c  <isLocatedIn>  ?b  ?a  <isLocatedIn>  ?c   => ?a  <isCitizenOf>  ?b	<Hollywood_Casino_Lawrenceburg>	<isCitizenOf>	<Indiana>	ManualEvaluation	False
?c  <isLocatedIn>  ?b  ?a  <isLocatedIn>  ?c   => ?a  <isCitizenOf>  ?b	<Darwen_Library>	<isCitizenOf>	<Lancashire>	ManualEvaluation	False
?c  <isLocatedIn>  ?b  ?a  <isLocatedIn>  ?c   => ?a  <isCitizenOf>  ?b	<Asomiya_Khobor>	<isCitizenOf>	<Northeast_India>	ManualEvaluation	False
?c  <isLocatedIn>  ?b  ?a  <isLocatedIn>  ?c   => ?a  <isCitizenOf>  ?b	<Oelice>	<isCitizenOf>	<geoent_Europe_6255148>	ManualEvaluation	unknown
?c  <isLocatedIn>  ?b  ?a  <isLocatedIn>  ?c   => ?a  <isCitizenOf>  ?b	<Julie_Rogers_Theater>	<isCitizenOf>	<Texas>	ManualEvaluation	False
?c  <isLocatedIn>  ?b  ?a  <isLocatedIn>  ?c   => ?a  <isCitizenOf>  ?b	<Zamami_Island>	<isCitizenOf>	<geoent_Asia_6255147>	ManualEvaluation	unknown
?c  <isLocatedIn>  ?b  ?a  <isLocatedIn>  ?c   => ?a  <isCitizenOf>  ?b	<Angola_Horror>	<isCitizenOf>	<New_York>	ManualEvaluation	False
?c  <isLocatedIn>  ?b  ?a  <isLocatedIn>  ?c   => ?a  <isCitizenOf>  ?b	<Tracie_Bennett>	<isCitizenOf>	<Greater_Manchester>	ManualEvaluation	True
?c  <isLocatedIn>  ?b  ?a  <isLocatedIn>  ?c   => ?a  <isCitizenOf>  ?b	<Intermark_Group>	<isCitizenOf>	<Alabama>	ManualEvaluation	False
?c  <isLocatedIn>  ?b  ?a  <isLocatedIn>  ?c   => ?a  <isCitizenOf>  ?b	<Ketchikan_Daily_News>	<isCitizenOf>	<Alaska>	ManualEvaluation	False
?a  <isCitizenOf>  ?c  ?c  <hasCapital>  ?b   => ?a  <diedIn>  ?b	<Utu_Abe_Malae>	<diedIn>	<Pago_Pago>	ManualEvaluation	False
