?c  <isMarriedTo>  ?a  ?c  <diedIn>  ?b   => ?a  <diedIn>  ?b	<Alfonso_of_Aragon>	<diedIn>	<Ferrara>	TrainingSource	False
?c  <isMarriedTo>  ?a  ?c  <diedIn>  ?b   => ?a  <diedIn>  ?b	<Celeste_Holm>	<diedIn>	<Danbury,_Connecticut>	TrainingSource	False
?c  <isMarriedTo>  ?a  ?c  <diedIn>  ?b   => ?a  <diedIn>  ?b	<Harry_Schein>	<diedIn>	<Stockholm>	TrainingSource	False
?c  <isMarriedTo>  ?a  ?c  <diedIn>  ?b   => ?a  <diedIn>  ?b	<Andrei_Kostrichkin>	<diedIn>	<Moscow>	TrainingSource	False
?c  <isMarriedTo>  ?a  ?c  <diedIn>  ?b   => ?a  <diedIn>  ?b	<George_Pravda>	<diedIn>	<Oxford>	TrainingSource	False
?c  <isMarriedTo>  ?a  ?c  <diedIn>  ?b   => ?a  <diedIn>  ?b	<WyszesBawa_of_Kiev>	<diedIn>	<Ossiach>	TrainingSource	False
?c  <isMarriedTo>  ?a  ?c  <diedIn>  ?b   => ?a  <diedIn>  ?b	<Maude_Hutchins>	<diedIn>	<Santa_Barbara,_California>	TrainingSource	False
?c  <isMarriedTo>  ?a  ?c  <diedIn>  ?b   => ?a  <diedIn>  ?b	<Maggie_Smith>	<diedIn>	<London>	TrainingSource	False
?c  <isMarriedTo>  ?a  ?c  <diedIn>  ?b   => ?a  <diedIn>  ?b	<Prince_Charles_of_Prussia>	<diedIn>	<Berlin>	TrainingSource	False
?c  <isMarriedTo>  ?a  ?c  <diedIn>  ?b   => ?a  <diedIn>  ?b	<Maria_Nagaya>	<diedIn>	<Moscow>	TrainingSource	False
?c  <isMarriedTo>  ?a  ?c  <diedIn>  ?b   => ?a  <diedIn>  ?b	<Ruth_Chatterton>	<diedIn>	<Solana_Beach,_California>	TrainingSource	False
?c  <isMarriedTo>  ?a  ?c  <diedIn>  ?b   => ?a  <diedIn>  ?b	<John_Spencer-Churchill,_11th_Duke_of_Marlborough>	<diedIn>	<St._Moritz>	TrainingSource	False
?c  <isMarriedTo>  ?a  ?c  <diedIn>  ?b   => ?a  <diedIn>  ?b	<Richard_Widmark>	<diedIn>	<Santa_Barbara,_California>	TrainingSource	False
?c  <isMarriedTo>  ?a  ?c  <diedIn>  ?b   => ?a  <diedIn>  ?b	<Ewan_MacColl>	<diedIn>	<London>	TrainingSource	False
?c  <isMarriedTo>  ?a  ?c  <diedIn>  ?b   => ?a  <diedIn>  ?b	<Jens_Otto_Krag>	<diedIn>	<Charlottenlund>	TrainingSource	False
?c  <isMarriedTo>  ?a  ?c  <diedIn>  ?b   => ?a  <diedIn>  ?b	<James_Louis_Sobieski>	<diedIn>	<WrocBaw>	TrainingSource	False
?c  <isMarriedTo>  ?a  ?c  <diedIn>  ?b   => ?a  <diedIn>  ?b	<Franca_Bettoia>	<diedIn>	<Rome>	TrainingSource	False
?c  <isMarriedTo>  ?a  ?c  <diedIn>  ?b   => ?a  <diedIn>  ?b	<Alexandrine_de_Bleschamp>	<diedIn>	<Viterbo>	TrainingSource	False
?c  <isMarriedTo>  ?a  ?c  <diedIn>  ?b   => ?a  <diedIn>  ?b	<Elizabeth_of_Aragon>	<diedIn>	<Santarém,_Portugal>	TrainingSource	False
?c  <isMarriedTo>  ?a  ?c  <diedIn>  ?b   => ?a  <diedIn>  ?b	<Eleanor_Summerfield>	<diedIn>	<London>	TrainingSource	False
?c  <isMarriedTo>  ?a  ?c  <diedIn>  ?b   => ?a  <diedIn>  ?b	<Agustín_Fernández_Muñoz,_Duke_of_Riansares>	<diedIn>	<Le_Havre>	TrainingSource	False
?c  <isMarriedTo>  ?a  ?c  <diedIn>  ?b   => ?a  <diedIn>  ?b	<Deborah_Read>	<diedIn>	<Philadelphia>	TrainingSource	False
?c  <isMarriedTo>  ?a  ?c  <diedIn>  ?b   => ?a  <diedIn>  ?b	<Mary_Anderson_(film_actress)>	<diedIn>	<Los_Angeles>	TrainingSource	False
?c  <isMarriedTo>  ?a  ?c  <diedIn>  ?b   => ?a  <diedIn>  ?b	<Verna_Harrah>	<diedIn>	<Rochester,_Minnesota>	TrainingSource	False
?c  <isMarriedTo>  ?a  ?c  <diedIn>  ?b   => ?a  <diedIn>  ?b	<Eutropia>	<diedIn>	<Marseille>	TrainingSource	False
?c  <isMarriedTo>  ?a  ?c  <diedIn>  ?b   => ?a  <diedIn>  ?b	<Duchess_Amalie_in_Bavaria>	<diedIn>	<Rapallo>	TrainingSource	False
?c  <isMarriedTo>  ?a  ?c  <diedIn>  ?b   => ?a  <diedIn>  ?b	<Ena_Swansea>	<diedIn>	<New_York_City>	TrainingSource	False
?c  <isMarriedTo>  ?a  ?c  <diedIn>  ?b   => ?a  <diedIn>  ?b	<Adelaide_of_Burgundy_(12331273)>	<diedIn>	<Leuven>	TrainingSource	False
?c  <isMarriedTo>  ?a  ?c  <diedIn>  ?b   => ?a  <diedIn>  ?b	<Margaret_Karcher>	<diedIn>	<Fullerton,_California>	TrainingSource	False
?c  <isMarriedTo>  ?a  ?c  <diedIn>  ?b   => ?a  <diedIn>  ?b	<Nida_Blanca>	<diedIn>	<Tracy,_California>	TrainingSource	False
?c  <wasBornIn>  ?a  ?c  <isCitizenOf>  ?b   => ?a  <isLocatedIn>  ?b	<Axams>	<isLocatedIn>	<Austria>	TrainingSource	False
?c  <wasBornIn>  ?a  ?c  <isCitizenOf>  ?b   => ?a  <isLocatedIn>  ?b	<Delhi>	<isLocatedIn>	<Pakistan>	TrainingSource	False
?c  <wasBornIn>  ?a  ?c  <isCitizenOf>  ?b   => ?a  <isLocatedIn>  ?b	<Alexandria>	<isLocatedIn>	<Greece>	TrainingSource	False
?c  <wasBornIn>  ?a  ?c  <isCitizenOf>  ?b   => ?a  <isLocatedIn>  ?b	<Ruvo_di_Puglia>	<isLocatedIn>	<Italy>	TrainingSource	False
?c  <wasBornIn>  ?a  ?c  <isCitizenOf>  ?b   => ?a  <isLocatedIn>  ?b	<Boston>	<isLocatedIn>	<United_Kingdom>	TrainingSource	False
?c  <wasBornIn>  ?a  ?c  <isCitizenOf>  ?b   => ?a  <isLocatedIn>  ?b	<New_York_City>	<isLocatedIn>	<France>	TrainingSource	False
?c  <wasBornIn>  ?a  ?c  <isCitizenOf>  ?b   => ?a  <isLocatedIn>  ?b	<Tsukumi,_Lita>	<isLocatedIn>	<Japan>	TargetSource	True
?c  <wasBornIn>  ?a  ?c  <isCitizenOf>  ?b   => ?a  <isLocatedIn>  ?b	<Tarnów>	<isLocatedIn>	<Austria-Hungary>	TrainingSource	False
?c  <wasBornIn>  ?a  ?c  <isCitizenOf>  ?b   => ?a  <isLocatedIn>  ?b	<Reggio_Emilia>	<isLocatedIn>	<Italy>	TrainingSource	False
?c  <wasBornIn>  ?a  ?c  <isCitizenOf>  ?b   => ?a  <isLocatedIn>  ?b	<Berthierville,_Quebec>	<isLocatedIn>	<Canada>	TrainingSource	False
?c  <wasBornIn>  ?a  ?c  <isCitizenOf>  ?b   => ?a  <isLocatedIn>  ?b	<Zagreb>	<isLocatedIn>	<Serbia>	TrainingSource	False
?c  <wasBornIn>  ?a  ?c  <isCitizenOf>  ?b   => ?a  <isLocatedIn>  ?b	<Novodvinsk>	<isLocatedIn>	<Russia>	TrainingSource	False
?c  <wasBornIn>  ?a  ?c  <isCitizenOf>  ?b   => ?a  <isLocatedIn>  ?b	<Stirling>	<isLocatedIn>	<South_Africa>	TrainingSource	False
?c  <wasBornIn>  ?a  ?c  <isCitizenOf>  ?b   => ?a  <isLocatedIn>  ?b	<Istanbul>	<isLocatedIn>	<Germany>	TrainingSource	False
?c  <wasBornIn>  ?a  ?c  <isCitizenOf>  ?b   => ?a  <isLocatedIn>  ?b	<Vejle>	<isLocatedIn>	<Denmark>	TargetSource	True
?c  <wasBornIn>  ?a  ?c  <isCitizenOf>  ?b   => ?a  <isLocatedIn>  ?b	<Klagenfurt>	<isLocatedIn>	<Austria>	TrainingSource	False
?c  <wasBornIn>  ?a  ?c  <isCitizenOf>  ?b   => ?a  <isLocatedIn>  ?b	<Nablus>	<isLocatedIn>	<Jordan>	TrainingSource	False
?c  <wasBornIn>  ?a  ?c  <isCitizenOf>  ?b   => ?a  <isLocatedIn>  ?b	<Sironj>	<isLocatedIn>	<Pakistan>	TrainingSource	False
?c  <wasBornIn>  ?a  ?c  <isCitizenOf>  ?b   => ?a  <isLocatedIn>  ?b	<Krasnoturyinsk>	<isLocatedIn>	<Russia>	TrainingSource	False
?c  <wasBornIn>  ?a  ?c  <isCitizenOf>  ?b   => ?a  <isLocatedIn>  ?b	<Gospi>	<isLocatedIn>	<Austria>	TrainingSource	False
?c  <wasBornIn>  ?a  ?c  <isCitizenOf>  ?b   => ?a  <isLocatedIn>  ?b	<Balashov>	<isLocatedIn>	<Russia>	TrainingSource	False
?c  <wasBornIn>  ?a  ?c  <isCitizenOf>  ?b   => ?a  <isLocatedIn>  ?b	<Lachine,_Quebec>	<isLocatedIn>	<Canada>	TargetSource	True
?c  <wasBornIn>  ?a  ?c  <isCitizenOf>  ?b   => ?a  <isLocatedIn>  ?b	<Molde>	<isLocatedIn>	<Norway>	TargetSource	True
?c  <wasBornIn>  ?a  ?c  <isCitizenOf>  ?b   => ?a  <isLocatedIn>  ?b	<Takaishi,_Osaka>	<isLocatedIn>	<Japan>	TrainingSource	False
?c  <wasBornIn>  ?a  ?c  <isCitizenOf>  ?b   => ?a  <isLocatedIn>  ?b	<Surat>	<isLocatedIn>	<India>	TargetSource	True
?c  <wasBornIn>  ?a  ?c  <isCitizenOf>  ?b   => ?a  <isLocatedIn>  ?b	<Jalpaiguri>	<isLocatedIn>	<India>	TrainingSource	False
?c  <wasBornIn>  ?a  ?c  <isCitizenOf>  ?b   => ?a  <isLocatedIn>  ?b	<Cosenza>	<isLocatedIn>	<Germany>	TrainingSource	False
?c  <wasBornIn>  ?a  ?c  <isCitizenOf>  ?b   => ?a  <isLocatedIn>  ?b	<Chojnów>	<isLocatedIn>	<Germany>	TrainingSource	False
?c  <wasBornIn>  ?a  ?c  <isCitizenOf>  ?b   => ?a  <isLocatedIn>  ?b	<Bharatpur,_India>	<isLocatedIn>	<India>	TrainingSource	False
?c  <wasBornIn>  ?a  ?c  <isCitizenOf>  ?b   => ?a  <isLocatedIn>  ?b	<Sosnowiec>	<isLocatedIn>	<Israel>	TrainingSource	False
?b  <hasCapital>  ?a   => ?a  <isLocatedIn>  ?b	<Veria>	<isLocatedIn>	<Imathia>	TargetSource	True
?b  <hasCapital>  ?a   => ?a  <isLocatedIn>  ?b	<Båstad>	<isLocatedIn>	<Båstad_Municipality>	TargetSource	True
?b  <hasCapital>  ?a   => ?a  <isLocatedIn>  ?b	<Ålgård>	<isLocatedIn>	<Gjesdal>	TrainingSource	False
?b  <hasCapital>  ?a   => ?a  <isLocatedIn>  ?b	<Omate>	<isLocatedIn>	<General_Sánchez_Cerro_Province>	TargetSource	True
?b  <hasCapital>  ?a   => ?a  <isLocatedIn>  ?b	<Å,_Åfjord>	<isLocatedIn>	<Åfjord>	TargetSource	True
?b  <hasCapital>  ?a   => ?a  <isLocatedIn>  ?b	<Huaraz>	<isLocatedIn>	<Ancash_Region>	TargetSource	True
?b  <hasCapital>  ?a   => ?a  <isLocatedIn>  ?b	<Vossevangen>	<isLocatedIn>	<Voss>	TargetSource	False
?b  <hasCapital>  ?a   => ?a  <isLocatedIn>  ?b	<Nordmaling>	<isLocatedIn>	<Nordmaling_Municipality>	TargetSource	True
?b  <hasCapital>  ?a   => ?a  <isLocatedIn>  ?b	<Skutskär>	<isLocatedIn>	<Älvkarleby_Municipality>	TargetSource	True
?b  <hasCapital>  ?a   => ?a  <isLocatedIn>  ?b	<Karlstad>	<isLocatedIn>	<Karlstad_Municipality>	TargetSource	True
?b  <hasCapital>  ?a   => ?a  <isLocatedIn>  ?b	<Grosseto>	<isLocatedIn>	<Province_of_Grosseto>	TrainingSource	False
?b  <hasCapital>  ?a   => ?a  <isLocatedIn>  ?b	<Yanahuanca>	<isLocatedIn>	<Daniel_Alcides_Carrión_Province>	TargetSource	False
?b  <hasCapital>  ?a   => ?a  <isLocatedIn>  ?b	<Abuja>	<isLocatedIn>	<Nigeria>	TargetSource	True
?b  <hasCapital>  ?a   => ?a  <isLocatedIn>  ?b	<Abancay>	<isLocatedIn>	<Abancay_Province>	TargetSource	True
?b  <hasCapital>  ?a   => ?a  <isLocatedIn>  ?b	<Nesoddtangen>	<isLocatedIn>	<Nesodden>	TargetSource	True
?b  <hasCapital>  ?a   => ?a  <isLocatedIn>  ?b	<Parikia>	<isLocatedIn>	<Paros>	TrainingSource	False
?a  <isMarriedTo>  ?c  ?c  <livesIn>  ?b   => ?a  <livesIn>  ?b	<Yvette_Cooper>	<livesIn>	<Castleford>	TargetSource	True
?c  <isMarriedTo>  ?a  ?c  <livesIn>  ?b   => ?a  <livesIn>  ?b	<Susan_Lynch_(pediatrician)>	<livesIn>	<Hopkinton,_New_Hampshire>	TargetSource	True
?c  <isMarriedTo>  ?a  ?c  <livesIn>  ?b   => ?a  <livesIn>  ?b	<Nicholas_Newman>	<livesIn>	<Wisconsin>	TargetSource	True
?a  <isCitizenOf>  ?b   => ?a  <livesIn>  ?b	<Mikhail_Prokhorov>	<livesIn>	<Russia>	TargetSource	True
?c  <hasChild>  ?a  ?c  <livesIn>  ?b   => ?a  <livesIn>  ?b	<Billie_Reed>	<livesIn>	<Salem_(Days_of_our_Lives)>	TargetSource	True
?c  <hasChild>  ?a  ?c  <livesIn>  ?b   => ?a  <livesIn>  ?b	<Lexie_Carver>	<livesIn>	<Salem_(Days_of_our_Lives)>	TargetSource	True
?a  <isLeaderOf>  ?b  ?a  <livesIn>  ?b   => ?a  <wasBornIn>  ?b	<Jerry_Ortiz_y_Pino>	<wasBornIn>	<Albuquerque,_New_Mexico>	TrainingSource	False
?a  <isLeaderOf>  ?b  ?a  <livesIn>  ?b   => ?a  <wasBornIn>  ?b	<Jere_Wood>	<wasBornIn>	<Roswell,_Georgia>	TrainingSource	False
?a  <isLeaderOf>  ?b  ?a  <livesIn>  ?b   => ?a  <wasBornIn>  ?b	<Leonard_Boswell>	<wasBornIn>	<Des_Moines,_Iowa>	TrainingSource	False
?a  <isLeaderOf>  ?b  ?a  <livesIn>  ?b   => ?a  <wasBornIn>  ?b	<Denise_Savoie>	<wasBornIn>	<Victoria,_British_Columbia>	TrainingSource	False
?a  <isLeaderOf>  ?b  ?a  <livesIn>  ?b   => ?a  <wasBornIn>  ?b	<Tim_Uppal>	<wasBornIn>	<Edmonton>	TrainingSource	False
?a  <isLeaderOf>  ?b  ?a  <livesIn>  ?b   => ?a  <wasBornIn>  ?b	<Jason_Kenney>	<wasBornIn>	<Calgary>	TrainingSource	False
?a  <isLeaderOf>  ?b  ?a  <livesIn>  ?b   => ?a  <wasBornIn>  ?b	<Michael_Bloomberg>	<wasBornIn>	<New_York_City>	TrainingSource	False
?a  <isLeaderOf>  ?b  ?a  <livesIn>  ?b   => ?a  <wasBornIn>  ?b	<Louis_Plamondon>	<wasBornIn>	<Nicolet,_Quebec>	TrainingSource	False
?a  <isLeaderOf>  ?b  ?a  <livesIn>  ?b   => ?a  <wasBornIn>  ?b	<Tony_Martin_(politician)>	<wasBornIn>	<Sault_Ste._Marie,_Ontario>	TargetSource	False
?a  <isLeaderOf>  ?b  ?a  <livesIn>  ?b   => ?a  <wasBornIn>  ?b	<Alistair_Darling>	<wasBornIn>	<Edinburgh>	TrainingSource	False
?a  <isLeaderOf>  ?b  ?a  <livesIn>  ?b   => ?a  <wasBornIn>  ?b	<David_Sweet>	<wasBornIn>	<Hamilton,_Ontario>	TrainingSource	False
?a  <isLeaderOf>  ?b  ?a  <livesIn>  ?b   => ?a  <wasBornIn>  ?b	<Rob_Nicholson>	<wasBornIn>	<Niagara_Falls,_Ontario>	TargetSource	True
?a  <isLeaderOf>  ?b  ?a  <livesIn>  ?b   => ?a  <wasBornIn>  ?b	<Edgar_Savisaar>	<wasBornIn>	<Tallinn>	TrainingSource	False
?a  <isLeaderOf>  ?b  ?a  <livesIn>  ?b   => ?a  <wasBornIn>  ?b	<Craig_Lowe>	<wasBornIn>	<Gainesville,_Florida>	TrainingSource	False
?a  <isMarriedTo>  ?c  ?c  <isCitizenOf>  ?b   => ?a  <isCitizenOf>  ?b	<Anny_Ondra>	<isCitizenOf>	<Germany>	TrainingSource	False
?a  <isMarriedTo>  ?c  ?c  <isCitizenOf>  ?b   => ?a  <isCitizenOf>  ?b	<Samuel_Augustus_Barnett>	<isCitizenOf>	<United_Kingdom>	TrainingSource	False
?a  <isMarriedTo>  ?c  ?c  <isCitizenOf>  ?b   => ?a  <isCitizenOf>  ?b	<Ferdinand_Marcos>	<isCitizenOf>	<Philippines>	TrainingSource	False
?a  <isMarriedTo>  ?c  ?c  <isCitizenOf>  ?b   => ?a  <isCitizenOf>  ?b	<Aafia_Siddiqui>	<isCitizenOf>	<Pakistan>	TrainingSource	False
?a  <isMarriedTo>  ?c  ?c  <isCitizenOf>  ?b   => ?a  <isCitizenOf>  ?b	<Esther_Cañadas>	<isCitizenOf>	<Spain>	TrainingSource	False
?a  <isMarriedTo>  ?c  ?c  <isCitizenOf>  ?b   => ?a  <isCitizenOf>  ?b	<Malek_Maktabi>	<isCitizenOf>	<Lebanon>	TrainingSource	False
?a  <isMarriedTo>  ?c  ?c  <isCitizenOf>  ?b   => ?a  <isCitizenOf>  ?b	<Xanana_Gusmão>	<isCitizenOf>	<East_Timor>	TrainingSource	False
?a  <isMarriedTo>  ?c  ?c  <isCitizenOf>  ?b   => ?a  <isCitizenOf>  ?b	<Lettice_Knollys>	<isCitizenOf>	<England>	TrainingSource	False
?a  <isMarriedTo>  ?c  ?c  <isCitizenOf>  ?b   => ?a  <isCitizenOf>  ?b	<Margaret_Weis>	<isCitizenOf>	<Canada>	TrainingSource	False
?a  <isMarriedTo>  ?c  ?c  <isCitizenOf>  ?b   => ?a  <isCitizenOf>  ?b	<Bamir_Topi>	<isCitizenOf>	<Albania>	TrainingSource	False
?a  <isMarriedTo>  ?c  ?c  <isCitizenOf>  ?b   => ?a  <isCitizenOf>  ?b	<Rory_Cellan-Jones>	<isCitizenOf>	<United_Kingdom>	TrainingSource	False
?a  <isMarriedTo>  ?c  ?c  <isCitizenOf>  ?b   => ?a  <isCitizenOf>  ?b	<Christopher_Soames,_Baron_Soames>	<isCitizenOf>	<United_Kingdom>	TrainingSource	False
?a  <isMarriedTo>  ?c  ?c  <isCitizenOf>  ?b   => ?a  <isCitizenOf>  ?b	<Sudarshani_Fernandopulle>	<isCitizenOf>	<Sri_Lanka>	TargetSource	True
?a  <isMarriedTo>  ?c  ?c  <isCitizenOf>  ?b   => ?a  <isCitizenOf>  ?b	<Mukesh_Ambani>	<isCitizenOf>	<India>	TrainingSource	False
?a  <isMarriedTo>  ?c  ?c  <isCitizenOf>  ?b   => ?a  <isCitizenOf>  ?b	<Mileva_Mari>	<isCitizenOf>	<Kingdom_of_Württemberg>	TrainingSource	False
?a  <isMarriedTo>  ?c  ?c  <isCitizenOf>  ?b   => ?a  <isCitizenOf>  ?b	<Marga_Barbu>	<isCitizenOf>	<Romania>	TrainingSource	False
?a  <isMarriedTo>  ?c  ?c  <isCitizenOf>  ?b   => ?a  <isCitizenOf>  ?b	<Nigella_Lawson>	<isCitizenOf>	<United_Kingdom>	TrainingSource	False
?a  <isMarriedTo>  ?c  ?c  <isCitizenOf>  ?b   => ?a  <isCitizenOf>  ?b	<Corazon_Aquino>	<isCitizenOf>	<Philippines>	TrainingSource	False
?a  <isMarriedTo>  ?c  ?c  <isCitizenOf>  ?b   => ?a  <isCitizenOf>  ?b	<Mini_Mathur>	<isCitizenOf>	<India>	TrainingSource	False
?a  <isMarriedTo>  ?c  ?c  <isCitizenOf>  ?b   => ?a  <isCitizenOf>  ?b	<Abby_Lockhart>	<isCitizenOf>	<Croatia>	TrainingSource	False
?a  <isMarriedTo>  ?c  ?c  <isCitizenOf>  ?b   => ?a  <isCitizenOf>  ?b	<Presidency_of_Corazon_Aquino>	<isCitizenOf>	<Philippines>	TrainingSource	False
?a  <isMarriedTo>  ?c  ?c  <isCitizenOf>  ?b   => ?a  <isCitizenOf>  ?b	<Otto_Frank>	<isCitizenOf>	<Germany>	TrainingSource	False
?a  <isMarriedTo>  ?c  ?c  <isCitizenOf>  ?b   => ?a  <isCitizenOf>  ?b	<Maura_Derrane>	<isCitizenOf>	<Republic_of_Ireland>	TrainingSource	False
?a  <isMarriedTo>  ?c  ?c  <isCitizenOf>  ?b   => ?a  <isCitizenOf>  ?b	<Anerood_Jugnauth>	<isCitizenOf>	<Mauritius>	TrainingSource	False
?a  <isMarriedTo>  ?c  ?c  <isCitizenOf>  ?b   => ?a  <isCitizenOf>  ?b	<Taichi_Yamazaki>	<isCitizenOf>	<Japan>	TrainingSource	False
?a  <isMarriedTo>  ?c  ?c  <isCitizenOf>  ?b   => ?a  <isCitizenOf>  ?b	<Tomás_Guardia_Gutiérrez>	<isCitizenOf>	<Costa_Rica>	TrainingSource	False
?a  <isMarriedTo>  ?c  ?c  <isCitizenOf>  ?b   => ?a  <isCitizenOf>  ?b	<Yevgenia_Bosch>	<isCitizenOf>	<Ukraine>	TrainingSource	False
?a  <isMarriedTo>  ?c  ?c  <isCitizenOf>  ?b   => ?a  <isCitizenOf>  ?b	<Jacqueline_Beer>	<isCitizenOf>	<Norway>	TrainingSource	False
?a  <isMarriedTo>  ?c  ?c  <isCitizenOf>  ?b   => ?a  <isCitizenOf>  ?b	<Austin_Powers>	<isCitizenOf>	<United_Kingdom>	TrainingSource	False
?a  <isMarriedTo>  ?c  ?c  <isCitizenOf>  ?b   => ?a  <isCitizenOf>  ?b	<Thomas_Drummond>	<isCitizenOf>	<United_Kingdom>	TrainingSource	False
?c  <isMarriedTo>  ?a  ?c  <isCitizenOf>  ?b   => ?a  <isCitizenOf>  ?b	<Sigurd_Hoel>	<isCitizenOf>	<Norway>	TrainingSource	False
?c  <isMarriedTo>  ?a  ?c  <isCitizenOf>  ?b   => ?a  <isCitizenOf>  ?b	<Lord_Mayor_of_London>	<isCitizenOf>	<England>	TrainingSource	False
?c  <isMarriedTo>  ?a  ?c  <isCitizenOf>  ?b   => ?a  <isCitizenOf>  ?b	<Paul_Daniels>	<isCitizenOf>	<England>	TrainingSource	False
?c  <isMarriedTo>  ?a  ?c  <isCitizenOf>  ?b   => ?a  <isCitizenOf>  ?b	<Dr._Evil>	<isCitizenOf>	<Germany>	TrainingSource	False
?c  <isMarriedTo>  ?a  ?c  <isCitizenOf>  ?b   => ?a  <isCitizenOf>  ?b	<Henrietta_Barnett>	<isCitizenOf>	<England>	TrainingSource	False
?c  <isMarriedTo>  ?a  ?c  <isCitizenOf>  ?b   => ?a  <isCitizenOf>  ?b	<Nicolas_Sarkozy>	<isCitizenOf>	<France>	TrainingSource	False
?c  <isMarriedTo>  ?a  ?c  <isCitizenOf>  ?b   => ?a  <isCitizenOf>  ?b	<DJ_Aqeel>	<isCitizenOf>	<India>	TrainingSource	False
?c  <isMarriedTo>  ?a  ?c  <isCitizenOf>  ?b   => ?a  <isCitizenOf>  ?b	<Jomo_Kenyatta>	<isCitizenOf>	<Kenya>	TrainingSource	False
?c  <isMarriedTo>  ?a  ?c  <isCitizenOf>  ?b   => ?a  <isCitizenOf>  ?b	<Charles_Vane,_3rd_Marquess_of_Londonderry>	<isCitizenOf>	<England>	TrainingSource	False
?c  <isMarriedTo>  ?a  ?c  <isCitizenOf>  ?b   => ?a  <isCitizenOf>  ?b	<Robert_Fellowes,_Baron_Fellowes>	<isCitizenOf>	<United_Kingdom>	TargetSource	True
?c  <isMarriedTo>  ?a  ?c  <isCitizenOf>  ?b   => ?a  <isCitizenOf>  ?b	<Linda_McAvan>	<isCitizenOf>	<United_Kingdom>	TargetSource	True
?c  <isMarriedTo>  ?a  ?c  <isCitizenOf>  ?b   => ?a  <isCitizenOf>  ?b	<Junichi_Inoue>	<isCitizenOf>	<Japan>	TrainingSource	False
?c  <isMarriedTo>  ?a  ?c  <isCitizenOf>  ?b   => ?a  <isCitizenOf>  ?b	<Christine_Hamilton>	<isCitizenOf>	<United_Kingdom>	TrainingSource	False
?c  <isMarriedTo>  ?a  ?c  <isCitizenOf>  ?b   => ?a  <isCitizenOf>  ?b	<Mirjana_Markovi>	<isCitizenOf>	<Serbia>	TrainingSource	False
?c  <isMarriedTo>  ?a  ?c  <isCitizenOf>  ?b   => ?a  <isCitizenOf>  ?b	<Pernilla_August>	<isCitizenOf>	<Sweden>	TrainingSource	False
?c  <isMarriedTo>  ?a  ?c  <isCitizenOf>  ?b   => ?a  <isCitizenOf>  ?b	<Danny_Goffey>	<isCitizenOf>	<United_Kingdom>	TrainingSource	False
?c  <isMarriedTo>  ?a  ?c  <isCitizenOf>  ?b   => ?a  <isCitizenOf>  ?b	<Meinoud_Rost_van_Tonningen>	<isCitizenOf>	<Holland>	TrainingSource	False
?c  <isMarriedTo>  ?a  ?c  <isCitizenOf>  ?b   => ?a  <isCitizenOf>  ?b	<Ruth_Berghaus>	<isCitizenOf>	<Germany>	TrainingSource	False
?c  <isMarriedTo>  ?a  ?c  <isCitizenOf>  ?b   => ?a  <isCitizenOf>  ?b	<Tetyana_Kardynalovska>	<isCitizenOf>	<Ukraine>	TrainingSource	False
?c  <isMarriedTo>  ?a  ?c  <isCitizenOf>  ?b   => ?a  <isCitizenOf>  ?b	<Sandra_Roelofs>	<isCitizenOf>	<Georgia_(country)>	TrainingSource	False
?c  <isMarriedTo>  ?a  ?c  <isCitizenOf>  ?b   => ?a  <isCitizenOf>  ?b	<Paloma_O'Shea>	<isCitizenOf>	<Spain>	TrainingSource	False
?c  <isMarriedTo>  ?a  ?c  <isCitizenOf>  ?b   => ?a  <isCitizenOf>  ?b	<Lyudmila_Narusova>	<isCitizenOf>	<Russia>	TrainingSource	False
?c  <isMarriedTo>  ?a  ?c  <isCitizenOf>  ?b   => ?a  <isCitizenOf>  ?b	<Bruno_Carranza>	<isCitizenOf>	<Costa_Rica>	TrainingSource	False
?c  <isMarriedTo>  ?a  ?c  <isCitizenOf>  ?b   => ?a  <isCitizenOf>  ?b	<Louis_Leakey>	<isCitizenOf>	<United_Kingdom>	TrainingSource	False
?c  <isMarriedTo>  ?a  ?c  <isCitizenOf>  ?b   => ?a  <isCitizenOf>  ?b	<Bruce_Byron>	<isCitizenOf>	<United_Kingdom>	TrainingSource	False
?c  <isMarriedTo>  ?a  ?c  <isCitizenOf>  ?b   => ?a  <isCitizenOf>  ?b	<Princess_Deborah_of_Saudi_Arabia>	<isCitizenOf>	<Saudi_Arabia>	TrainingSource	False
?c  <isMarriedTo>  ?a  ?c  <isCitizenOf>  ?b   => ?a  <isCitizenOf>  ?b	<Xavière_Tiberi>	<isCitizenOf>	<France>	TrainingSource	False
?c  <isMarriedTo>  ?a  ?c  <isCitizenOf>  ?b   => ?a  <isCitizenOf>  ?b	<Mary_Garman>	<isCitizenOf>	<Union_of_South_Africa>	TrainingSource	False
?c  <isMarriedTo>  ?a  ?c  <isCitizenOf>  ?b   => ?a  <isCitizenOf>  ?b	<Christine_Dowiyogo>	<isCitizenOf>	<Nauru>	TrainingSource	False
?c  <isMarriedTo>  ?a  ?c  <isCitizenOf>  ?b   => ?a  <isCitizenOf>  ?b	<Roberto_Arias>	<isCitizenOf>	<United_Kingdom>	TrainingSource	False
?a  <dealsWith>  ?c  ?c  <isLocatedIn>  ?b   => ?a  <isLocatedIn>  ?b	<Bolivia>	<isLocatedIn>	<geoent_Asia_6255147>	TrainingSource	False
?a  <dealsWith>  ?c  ?c  <isLocatedIn>  ?b   => ?a  <isLocatedIn>  ?b	<Philippines>	<isLocatedIn>	<geoent_Asia_6255147>	TrainingSource	False
?a  <dealsWith>  ?c  ?c  <isLocatedIn>  ?b   => ?a  <isLocatedIn>  ?b	<Montenegro>	<isLocatedIn>	<geoent_Europe_6255148>	TrainingSource	False
?a  <dealsWith>  ?c  ?c  <isLocatedIn>  ?b   => ?a  <isLocatedIn>  ?b	<Kyrgyzstan>	<isLocatedIn>	<geoent_Asia_6255147>	TrainingSource	False
?a  <dealsWith>  ?c  ?c  <isLocatedIn>  ?b   => ?a  <isLocatedIn>  ?b	<Peru>	<isLocatedIn>	<geoent_Asia_6255147>	TrainingSource	False
?a  <dealsWith>  ?c  ?c  <isLocatedIn>  ?b   => ?a  <isLocatedIn>  ?b	<Russia>	<isLocatedIn>	<geoent_Asia_6255147>	TrainingSource	False
?a  <dealsWith>  ?c  ?c  <isLocatedIn>  ?b   => ?a  <isLocatedIn>  ?b	<American_Samoa>	<isLocatedIn>	<geoent_Asia_6255147>	TrainingSource	False
?a  <dealsWith>  ?c  ?c  <isLocatedIn>  ?b   => ?a  <isLocatedIn>  ?b	<Angola>	<isLocatedIn>	<geoent_Asia_6255147>	TrainingSource	False
?a  <dealsWith>  ?c  ?c  <isLocatedIn>  ?b   => ?a  <isLocatedIn>  ?b	<Singapore>	<isLocatedIn>	<geoent_Asia_6255147>	TrainingSource	False
?a  <dealsWith>  ?c  ?c  <isLocatedIn>  ?b   => ?a  <isLocatedIn>  ?b	<Pakistan>	<isLocatedIn>	<geoent_Asia_6255147>	TrainingSource	False
?a  <dealsWith>  ?c  ?c  <isLocatedIn>  ?b   => ?a  <isLocatedIn>  ?b	<Liberia>	<isLocatedIn>	<geoent_Asia_6255147>	TrainingSource	False
?a  <dealsWith>  ?c  ?c  <isLocatedIn>  ?b   => ?a  <isLocatedIn>  ?b	<Azerbaijan>	<isLocatedIn>	<geoent_Asia_6255147>	TrainingSource	False
?a  <dealsWith>  ?c  ?c  <isLocatedIn>  ?b   => ?a  <isLocatedIn>  ?b	<Puerto_Rico>	<isLocatedIn>	<North_America>	TargetSource	True
?a  <dealsWith>  ?c  ?c  <isLocatedIn>  ?b   => ?a  <isLocatedIn>  ?b	<Angola>	<isLocatedIn>	<geoent_Africa_6255146>	TrainingSource	False
?a  <dealsWith>  ?c  ?c  <isLocatedIn>  ?b   => ?a  <isLocatedIn>  ?b	<Hong_Kong>	<isLocatedIn>	<geoent_Asia_6255147>	TrainingSource	False
?a  <dealsWith>  ?c  ?c  <isLocatedIn>  ?b   => ?a  <isLocatedIn>  ?b	<Lebanon>	<isLocatedIn>	<geoent_Asia_6255147>	TrainingSource	False
?a  <dealsWith>  ?c  ?c  <isLocatedIn>  ?b   => ?a  <isLocatedIn>  ?b	<Saskatchewan>	<isLocatedIn>	<geoent_Asia_6255147>	TrainingSource	False
?a  <dealsWith>  ?c  ?c  <isLocatedIn>  ?b   => ?a  <isLocatedIn>  ?b	<Thailand>	<isLocatedIn>	<geoent_Asia_6255147>	TrainingSource	False
?a  <dealsWith>  ?c  ?c  <isLocatedIn>  ?b   => ?a  <isLocatedIn>  ?b	<Ethiopia>	<isLocatedIn>	<geoent_Asia_6255147>	TrainingSource	False
?a  <dealsWith>  ?c  ?c  <isLocatedIn>  ?b   => ?a  <isLocatedIn>  ?b	<Georgia_(country)>	<isLocatedIn>	<geoent_Europe_6255148>	TrainingSource	False
?a  <dealsWith>  ?c  ?c  <isLocatedIn>  ?b   => ?a  <isLocatedIn>  ?b	<Quebec>	<isLocatedIn>	<geoent_Asia_6255147>	TrainingSource	False
?a  <dealsWith>  ?c  ?c  <isLocatedIn>  ?b   => ?a  <isLocatedIn>  ?b	<Mexico>	<isLocatedIn>	<geoent_Asia_6255147>	TrainingSource	False
?a  <dealsWith>  ?c  ?c  <isLocatedIn>  ?b   => ?a  <isLocatedIn>  ?b	<Denmark>	<isLocatedIn>	<geoent_Asia_6255147>	TrainingSource	False
?a  <dealsWith>  ?c  ?c  <isLocatedIn>  ?b   => ?a  <isLocatedIn>  ?b	<Turkmenistan>	<isLocatedIn>	<geoent_Europe_6255148>	TrainingSource	False
?a  <dealsWith>  ?c  ?c  <isLocatedIn>  ?b   => ?a  <isLocatedIn>  ?b	<Panama>	<isLocatedIn>	<geoent_Asia_6255147>	TrainingSource	False
?a  <dealsWith>  ?c  ?c  <isLocatedIn>  ?b   => ?a  <isLocatedIn>  ?b	<Russia>	<isLocatedIn>	<geoent_Europe_6255148>	TrainingSource	False
?a  <dealsWith>  ?c  ?c  <isLocatedIn>  ?b   => ?a  <isLocatedIn>  ?b	<United_Kingdom>	<isLocatedIn>	<Northern_Europe>	TrainingSource	False
?a  <dealsWith>  ?c  ?c  <isLocatedIn>  ?b   => ?a  <isLocatedIn>  ?b	<Mauritius>	<isLocatedIn>	<geoent_Africa_6255146>	TrainingSource	False
?a  <dealsWith>  ?c  ?c  <isLocatedIn>  ?b   => ?a  <isLocatedIn>  ?b	<Azerbaijan>	<isLocatedIn>	<geoent_Europe_6255148>	TrainingSource	False
?a  <dealsWith>  ?c  ?c  <isLocatedIn>  ?b   => ?a  <isLocatedIn>  ?b	<Greenland>	<isLocatedIn>	<geoent_Asia_6255147>	TrainingSource	False
?c  <dealsWith>  ?a  ?c  <isLocatedIn>  ?b   => ?a  <isLocatedIn>  ?b	<France>	<isLocatedIn>	<German_Confederation>	TrainingSource	False
?c  <dealsWith>  ?a  ?c  <isLocatedIn>  ?b   => ?a  <isLocatedIn>  ?b	<Thailand>	<isLocatedIn>	<geoent_Africa_6255146>	TrainingSource	False
?c  <dealsWith>  ?a  ?c  <isLocatedIn>  ?b   => ?a  <isLocatedIn>  ?b	<Saudi_Arabia>	<isLocatedIn>	<geoent_Africa_6255146>	TrainingSource	False
?c  <dealsWith>  ?a  ?c  <isLocatedIn>  ?b   => ?a  <isLocatedIn>  ?b	<Iran>	<isLocatedIn>	<geoent_Asia_6255147>	TrainingSource	False
?c  <dealsWith>  ?a  ?c  <isLocatedIn>  ?b   => ?a  <isLocatedIn>  ?b	<Zimbabwe>	<isLocatedIn>	<geoent_Africa_6255146>	TrainingSource	False
?c  <dealsWith>  ?a  ?c  <isLocatedIn>  ?b   => ?a  <isLocatedIn>  ?b	<Niger>	<isLocatedIn>	<geoent_Africa_6255146>	TrainingSource	False
?c  <dealsWith>  ?a  ?c  <isLocatedIn>  ?b   => ?a  <isLocatedIn>  ?b	<Netherlands>	<isLocatedIn>	<German_Confederation>	TrainingSource	False
?c  <dealsWith>  ?a  ?c  <isLocatedIn>  ?b   => ?a  <isLocatedIn>  ?b	<Netherlands>	<isLocatedIn>	<geoent_Europe_6255148>	TrainingSource	False
?c  <dealsWith>  ?a  ?c  <isLocatedIn>  ?b   => ?a  <isLocatedIn>  ?b	<Saudi_Arabia>	<isLocatedIn>	<geoent_Asia_6255147>	TrainingSource	False
?c  <dealsWith>  ?a  ?c  <isLocatedIn>  ?b   => ?a  <isLocatedIn>  ?b	<Singapore>	<isLocatedIn>	<geoent_Africa_6255146>	TrainingSource	False
?c  <dealsWith>  ?a  ?c  <isLocatedIn>  ?b   => ?a  <isLocatedIn>  ?b	<Slovakia>	<isLocatedIn>	<geoent_Europe_6255148>	TrainingSource	False
?c  <dealsWith>  ?a  ?c  <isLocatedIn>  ?b   => ?a  <isLocatedIn>  ?b	<Italy>	<isLocatedIn>	<geoent_Africa_6255146>	TrainingSource	False
?c  <dealsWith>  ?a  ?c  <isLocatedIn>  ?b   => ?a  <isLocatedIn>  ?b	<Ghana>	<isLocatedIn>	<geoent_Africa_6255146>	TrainingSource	False
?c  <dealsWith>  ?a  ?c  <isLocatedIn>  ?b   => ?a  <isLocatedIn>  ?b	<Poland>	<isLocatedIn>	<geoent_Europe_6255148>	TrainingSource	False
?c  <dealsWith>  ?a  ?c  <isLocatedIn>  ?b   => ?a  <isLocatedIn>  ?b	<Germany>	<isLocatedIn>	<geoent_Asia_6255147>	TrainingSource	False
?c  <dealsWith>  ?a  ?c  <isLocatedIn>  ?b   => ?a  <isLocatedIn>  ?b	<Germany>	<isLocatedIn>	<North_America>	TrainingSource	False
?c  <dealsWith>  ?a  ?c  <isLocatedIn>  ?b   => ?a  <isLocatedIn>  ?b	<Germany>	<isLocatedIn>	<geoent_Europe_6255148>	TrainingSource	False
?c  <dealsWith>  ?a  ?c  <isLocatedIn>  ?b   => ?a  <isLocatedIn>  ?b	<Germany>	<isLocatedIn>	<geoent_Africa_6255146>	TrainingSource	False
?c  <dealsWith>  ?a  ?c  <isLocatedIn>  ?b   => ?a  <isLocatedIn>  ?b	<Italy>	<isLocatedIn>	<geoent_Europe_6255148>	TrainingSource	False
?c  <dealsWith>  ?a  ?c  <isLocatedIn>  ?b   => ?a  <isLocatedIn>  ?b	<Kenya>	<isLocatedIn>	<geoent_Africa_6255146>	TrainingSource	False
?c  <dealsWith>  ?a  ?c  <isLocatedIn>  ?b   => ?a  <isLocatedIn>  ?b	<France>	<isLocatedIn>	<geoent_Africa_6255146>	TrainingSource	False
?c  <dealsWith>  ?a  ?c  <isLocatedIn>  ?b   => ?a  <isLocatedIn>  ?b	<Netherlands>	<isLocatedIn>	<geoent_Africa_6255146>	TrainingSource	False
?c  <dealsWith>  ?a  ?c  <isLocatedIn>  ?b   => ?a  <isLocatedIn>  ?b	<Cuba>	<isLocatedIn>	<North_America>	TargetSource	True
?c  <dealsWith>  ?a  ?c  <isLocatedIn>  ?b   => ?a  <isLocatedIn>  ?b	<Togo>	<isLocatedIn>	<geoent_Africa_6255146>	TrainingSource	False
?c  <dealsWith>  ?a  ?c  <isLocatedIn>  ?b   => ?a  <isLocatedIn>  ?b	<India>	<isLocatedIn>	<geoent_Asia_6255147>	TrainingSource	False
?c  <dealsWith>  ?a  ?c  <isLocatedIn>  ?b   => ?a  <isLocatedIn>  ?b	<Indonesia>	<isLocatedIn>	<geoent_Africa_6255146>	TrainingSource	False
?c  <dealsWith>  ?a  ?c  <isLocatedIn>  ?b   => ?a  <isLocatedIn>  ?b	<Italy>	<isLocatedIn>	<German_Confederation>	TrainingSource	False
?c  <dealsWith>  ?a  ?c  <isLocatedIn>  ?b   => ?a  <isLocatedIn>  ?b	<France>	<isLocatedIn>	<geoent_Europe_6255148>	TrainingSource	False
?c  <dealsWith>  ?a  ?c  <isLocatedIn>  ?b   => ?a  <isLocatedIn>  ?b	<Guatemala>	<isLocatedIn>	<North_America>	TargetSource	True
?c  <dealsWith>  ?a  ?c  <isLocatedIn>  ?b   => ?a  <isLocatedIn>  ?b	<Haiti>	<isLocatedIn>	<North_America>	TargetSource	True
?a  <wasBornIn>  ?c  ?c  <isLocatedIn>  ?b   => ?a  <isCitizenOf>  ?b	<John_Clive_Ward>	<isCitizenOf>	<United_Kingdom>	TrainingSource	False
?a  <wasBornIn>  ?c  ?c  <isLocatedIn>  ?b   => ?a  <isCitizenOf>  ?b	<Heinrich_Timm>	<isCitizenOf>	<Germany>	TrainingSource	False
?a  <wasBornIn>  ?c  ?c  <isLocatedIn>  ?b   => ?a  <isCitizenOf>  ?b	<Sophie_Blanchard>	<isCitizenOf>	<France>	TrainingSource	False
?a  <wasBornIn>  ?c  ?c  <isLocatedIn>  ?b   => ?a  <isCitizenOf>  ?b	<James_Joseph_Sylvester>	<isCitizenOf>	<United_Kingdom>	TargetSource	True
?a  <wasBornIn>  ?c  ?c  <isLocatedIn>  ?b   => ?a  <isCitizenOf>  ?b	<Mordehai_Milgrom>	<isCitizenOf>	<Romania>	TrainingSource	False
?a  <wasBornIn>  ?c  ?c  <isLocatedIn>  ?b   => ?a  <isCitizenOf>  ?b	<Keith_Horne>	<isCitizenOf>	<South_Africa>	TrainingSource	False
?a  <wasBornIn>  ?c  ?c  <isLocatedIn>  ?b   => ?a  <isCitizenOf>  ?b	<David_J._O'Reilly>	<isCitizenOf>	<Republic_of_Ireland>	TrainingSource	False
?a  <wasBornIn>  ?c  ?c  <isLocatedIn>  ?b   => ?a  <isCitizenOf>  ?b	<Dorotheea_Petre>	<isCitizenOf>	<Romania>	TrainingSource	False
?a  <wasBornIn>  ?c  ?c  <isLocatedIn>  ?b   => ?a  <isCitizenOf>  ?b	<Honeysuckle_Weeks>	<isCitizenOf>	<United_Kingdom>	TrainingSource	False
?c  <diedIn>  ?a  ?c  <isCitizenOf>  ?b   => ?a  <isLocatedIn>  ?b	<Mexico_City>	<isLocatedIn>	<Guatemala>	TrainingSource	False
?c  <diedIn>  ?a  ?c  <isCitizenOf>  ?b   => ?a  <isLocatedIn>  ?b	<Barcelona>	<isLocatedIn>	<Cuba>	TrainingSource	False
?c  <diedIn>  ?a  ?c  <isCitizenOf>  ?b   => ?a  <isLocatedIn>  ?b	<Boston>	<isLocatedIn>	<Russian_Empire>	TrainingSource	False
?c  <diedIn>  ?a  ?c  <isCitizenOf>  ?b   => ?a  <isLocatedIn>  ?b	<Haugesund>	<isLocatedIn>	<Norway>	TargetSource	True
?c  <diedIn>  ?a  ?c  <isCitizenOf>  ?b   => ?a  <isLocatedIn>  ?b	<Cologne>	<isLocatedIn>	<Germany>	TargetSource	True
?c  <diedIn>  ?a  ?c  <isCitizenOf>  ?b   => ?a  <isLocatedIn>  ?b	<Mudigere>	<isLocatedIn>	<India>	TrainingSource	False
?c  <diedIn>  ?a  ?c  <isCitizenOf>  ?b   => ?a  <isLocatedIn>  ?b	<Aspen,_Colorado>	<isLocatedIn>	<Russia>	TrainingSource	False
?c  <diedIn>  ?a  ?c  <isCitizenOf>  ?b   => ?a  <isLocatedIn>  ?b	<College_Station,_Texas>	<isLocatedIn>	<United_Kingdom>	TrainingSource	False
?c  <diedIn>  ?a  ?c  <isCitizenOf>  ?b   => ?a  <isLocatedIn>  ?b	<Mexico_City>	<isLocatedIn>	<Mexico>	TargetSource	True
?c  <diedIn>  ?a  ?c  <isCitizenOf>  ?b   => ?a  <isLocatedIn>  ?b	<Exeter>	<isLocatedIn>	<England>	TargetSource	True
?c  <diedIn>  ?a  ?c  <isCitizenOf>  ?b   => ?a  <isLocatedIn>  ?b	<Trenín>	<isLocatedIn>	<Hungary>	TrainingSource	False
?c  <diedIn>  ?a  ?c  <isCitizenOf>  ?b   => ?a  <isLocatedIn>  ?b	<Kaluga>	<isLocatedIn>	<Russia>	TrainingSource	False
?c  <diedIn>  ?a  ?c  <isCitizenOf>  ?b   => ?a  <isLocatedIn>  ?b	<Hong_Kong>	<isLocatedIn>	<India>	TrainingSource	False
?c  <diedIn>  ?a  ?c  <isCitizenOf>  ?b   => ?a  <isLocatedIn>  ?b	<Moscow>	<isLocatedIn>	<United_Kingdom>	TrainingSource	False
?c  <diedIn>  ?a  ?c  <isCitizenOf>  ?b   => ?a  <isLocatedIn>  ?b	<Lucknow>	<isLocatedIn>	<India>	TrainingSource	False
?c  <diedIn>  ?a  ?c  <isCitizenOf>  ?b   => ?a  <isLocatedIn>  ?b	<Ankola>	<isLocatedIn>	<India>	TrainingSource	False
?c  <diedIn>  ?a  ?c  <isCitizenOf>  ?b   => ?a  <isLocatedIn>  ?b	<Ofra>	<isLocatedIn>	<Israel>	TrainingSource	False
?c  <diedIn>  ?a  ?c  <isCitizenOf>  ?b   => ?a  <isLocatedIn>  ?b	<Paris>	<isLocatedIn>	<Spain>	TrainingSource	False
?c  <diedIn>  ?a  ?c  <isCitizenOf>  ?b   => ?a  <isLocatedIn>  ?b	<Beverly_Hills,_California>	<isLocatedIn>	<Canada>	TrainingSource	False
?c  <diedIn>  ?a  ?c  <isCitizenOf>  ?b   => ?a  <isLocatedIn>  ?b	<Friendsville,_Tennessee>	<isLocatedIn>	<England>	TrainingSource	False
?c  <diedIn>  ?a  ?c  <isCitizenOf>  ?b   => ?a  <isLocatedIn>  ?b	<Chicago>	<isLocatedIn>	<Canada>	TrainingSource	False
?c  <diedIn>  ?a  ?c  <isCitizenOf>  ?b   => ?a  <isLocatedIn>  ?b	<Giaveno>	<isLocatedIn>	<Italy>	TrainingSource	False
?c  <diedIn>  ?a  ?c  <isCitizenOf>  ?b   => ?a  <isLocatedIn>  ?b	<Coventry>	<isLocatedIn>	<Republic_of_Ireland>	TrainingSource	False
?c  <diedIn>  ?a  ?c  <isCitizenOf>  ?b   => ?a  <isLocatedIn>  ?b	<Geneva>	<isLocatedIn>	<France>	TrainingSource	False
?c  <diedIn>  ?a  ?c  <isCitizenOf>  ?b   => ?a  <isLocatedIn>  ?b	<Dresden>	<isLocatedIn>	<Germany>	TrainingSource	False
?c  <diedIn>  ?a  ?c  <isCitizenOf>  ?b   => ?a  <isLocatedIn>  ?b	<Zagreb>	<isLocatedIn>	<Yugoslavia>	TargetSource	False
?c  <diedIn>  ?a  ?c  <isCitizenOf>  ?b   => ?a  <isLocatedIn>  ?b	<Cape_Town>	<isLocatedIn>	<England>	TrainingSource	False
?c  <diedIn>  ?a  ?c  <isCitizenOf>  ?b   => ?a  <isLocatedIn>  ?b	<Portici>	<isLocatedIn>	<Italy>	TrainingSource	False
?c  <diedIn>  ?a  ?c  <isCitizenOf>  ?b   => ?a  <isLocatedIn>  ?b	<Islamabad>	<isLocatedIn>	<Pakistan>	TargetSource	True
?c  <diedIn>  ?a  ?c  <isCitizenOf>  ?b   => ?a  <isLocatedIn>  ?b	<Mexico_City>	<isLocatedIn>	<Netherlands>	TrainingSource	False
?a  <diedIn>  ?c  ?c  <isLocatedIn>  ?b   => ?a  <isCitizenOf>  ?b	<Jean_Alexander_Heinrich_Clapier_de_Colongue>	<isCitizenOf>	<Russia>	TrainingSource	False
?a  <diedIn>  ?c  ?c  <isLocatedIn>  ?b   => ?a  <isCitizenOf>  ?b	<Basil_Radford>	<isCitizenOf>	<United_Kingdom>	TrainingSource	False
?a  <diedIn>  ?c  ?c  <isLocatedIn>  ?b   => ?a  <isCitizenOf>  ?b	<Frank_Aiken>	<isCitizenOf>	<Republic_of_Ireland>	TrainingSource	False
?a  <diedIn>  ?c  ?c  <isLocatedIn>  ?b   => ?a  <isCitizenOf>  ?b	<Rostislav_Vovkushevsky>	<isCitizenOf>	<Russia>	TrainingSource	False
?a  <diedIn>  ?c  ?c  <isLocatedIn>  ?b   => ?a  <isCitizenOf>  ?b	<Kwame_Nkrumah>	<isCitizenOf>	<Romania>	TrainingSource	False
?a  <diedIn>  ?c  ?c  <isLocatedIn>  ?b   => ?a  <isCitizenOf>  ?b	<Fatmawati>	<isCitizenOf>	<Malaysia>	TrainingSource	False
?a  <diedIn>  ?c  ?c  <isLocatedIn>  ?b   => ?a  <isCitizenOf>  ?b	<Lucia_Cunanan>	<isCitizenOf>	<Philippines>	TrainingSource	False
?a  <diedIn>  ?c  ?c  <isLocatedIn>  ?b   => ?a  <isCitizenOf>  ?b	<Edward_Bernard_RaczyDski>	<isCitizenOf>	<United_Kingdom>	TrainingSource	False
?a  <livesIn>  ?c  ?b  <hasCapital>  ?c   => ?a  <isCitizenOf>  ?b	<Ajla_Tomljanovi>	<isCitizenOf>	<Croatia>	TrainingSource	False
?a  <livesIn>  ?c  ?b  <hasCapital>  ?c   => ?a  <isCitizenOf>  ?b	<Ken_Dryden>	<isCitizenOf>	<Ontario>	TargetSource	False
?a  <livesIn>  ?c  ?b  <hasCapital>  ?c   => ?a  <isCitizenOf>  ?b	<Nan_Aron>	<isCitizenOf>	<United_States>	TargetSource	True
?a  <livesIn>  ?c  ?b  <hasCapital>  ?c   => ?a  <isCitizenOf>  ?b	<Knut_Jørgen_Røed_Ødegaard>	<isCitizenOf>	<Norway>	TrainingSource	False
?a  <livesIn>  ?c  ?b  <hasCapital>  ?c   => ?a  <isCitizenOf>  ?b	<José_Acasuso>	<isCitizenOf>	<Argentina>	TargetSource	False
?a  <livesIn>  ?c  ?b  <hasCapital>  ?c   => ?a  <isCitizenOf>  ?b	<Abbi_Tatton>	<isCitizenOf>	<United_States>	TargetSource	False
?a  <livesIn>  ?c  ?b  <hasCapital>  ?c   => ?a  <isCitizenOf>  ?b	<Vitali_Butikov>	<isCitizenOf>	<Russia>	TrainingSource	False
?a  <livesIn>  ?c  ?b  <hasCapital>  ?c   => ?a  <isCitizenOf>  ?b	<Willie_Walsh_(Irish_businessman)>	<isCitizenOf>	<United_Kingdom>	TrainingSource	False
?a  <livesIn>  ?c  ?b  <hasCapital>  ?c   => ?a  <isCitizenOf>  ?b	<Ben_Way>	<isCitizenOf>	<United_Kingdom>	TrainingSource	False
?a  <livesIn>  ?c  ?b  <hasCapital>  ?c   => ?a  <isCitizenOf>  ?b	<Rastko_Pocesta>	<isCitizenOf>	<Serbia>	TrainingSource	False
?a  <livesIn>  ?c  ?b  <hasCapital>  ?c   => ?a  <isCitizenOf>  ?b	<Juan-Martín_Aranguren>	<isCitizenOf>	<Argentina>	TargetSource	False
?a  <livesIn>  ?c  ?b  <hasCapital>  ?c   => ?a  <isCitizenOf>  ?b	<Peter_Borovsky>	<isCitizenOf>	<Uzbekistan>	TrainingSource	False
?a  <livesIn>  ?c  ?b  <hasCapital>  ?c   => ?a  <isCitizenOf>  ?b	<Joost_van_Vollenhoven>	<isCitizenOf>	<Senegal>	TrainingSource	False
?a  <livesIn>  ?c  ?b  <hasCapital>  ?c   => ?a  <isCitizenOf>  ?b	<Samantha_Shaw>	<isCitizenOf>	<Confederate_States_of_America>	TrainingSource	False
?a  <livesIn>  ?c  ?b  <hasCapital>  ?c   => ?a  <isCitizenOf>  ?b	<Ian_Paisley>	<isCitizenOf>	<Northern_Ireland>	TrainingSource	False
?a  <isLocatedIn>  ?c  ?c  <isLocatedIn>  ?b   => ?a  <isCitizenOf>  ?b	<Finnish_National_Gallery>	<isCitizenOf>	<Finland>	TrainingSource	False
?a  <isLocatedIn>  ?c  ?c  <isLocatedIn>  ?b   => ?a  <isCitizenOf>  ?b	<Günzer_See>	<isCitizenOf>	<Germany>	TrainingSource	False
?a  <isLocatedIn>  ?c  ?c  <isLocatedIn>  ?b   => ?a  <isCitizenOf>  ?b	<Dowelltown,_Tennessee>	<isCitizenOf>	<Confederate_States_of_America>	TrainingSource	False
?a  <isLocatedIn>  ?c  ?c  <isLocatedIn>  ?b   => ?a  <isCitizenOf>  ?b	<Andmoresound>	<isCitizenOf>	<Scotland>	TrainingSource	False
?a  <isLocatedIn>  ?c  ?c  <isLocatedIn>  ?b   => ?a  <isCitizenOf>  ?b	<Greisch>	<isCitizenOf>	<German_Confederation>	TrainingSource	False
?a  <isLocatedIn>  ?c  ?c  <isLocatedIn>  ?b   => ?a  <isCitizenOf>  ?b	<David_Harrison_(artist)>	<isCitizenOf>	<United_Kingdom>	TrainingSource	False
?a  <isLocatedIn>  ?c  ?c  <isLocatedIn>  ?b   => ?a  <isCitizenOf>  ?b	<Encantado_River>	<isCitizenOf>	<Brazil>	TrainingSource	False
?a  <isLocatedIn>  ?c  ?c  <isLocatedIn>  ?b   => ?a  <isCitizenOf>  ?b	<Caeté_River_(Acre)>	<isCitizenOf>	<Brazil>	TrainingSource	False
?a  <isLocatedIn>  ?c  ?c  <isLocatedIn>  ?b   => ?a  <isCitizenOf>  ?b	<IBX_Group>	<isCitizenOf>	<Sweden>	TrainingSource	False
?a  <isLocatedIn>  ?c  ?c  <isLocatedIn>  ?b   => ?a  <isCitizenOf>  ?b	<UN_Plaza>	<isCitizenOf>	<Romania>	TrainingSource	False
?a  <isLocatedIn>  ?c  ?c  <isLocatedIn>  ?b   => ?a  <isCitizenOf>  ?b	<Kistefos>	<isCitizenOf>	<Norway>	TrainingSource	False
?a  <isLocatedIn>  ?c  ?c  <isLocatedIn>  ?b   => ?a  <isCitizenOf>  ?b	<Fotomuseum>	<isCitizenOf>	<Belgium>	TrainingSource	False
?c  <isLocatedIn>  ?b  ?a  <isLocatedIn>  ?c   => ?a  <isCitizenOf>  ?b	<Siede_(river)>	<isCitizenOf>	<Germany>	TrainingSource	False
?c  <isLocatedIn>  ?b  ?a  <isLocatedIn>  ?c   => ?a  <isCitizenOf>  ?b	<Harris,_Outer_Hebrides>	<isCitizenOf>	<Scotland>	TrainingSource	False
?c  <isLocatedIn>  ?b  ?a  <isLocatedIn>  ?c   => ?a  <isCitizenOf>  ?b	<John_Schlesinger>	<isCitizenOf>	<United_Kingdom>	TrainingSource	False
?c  <isLocatedIn>  ?b  ?a  <isLocatedIn>  ?c   => ?a  <isCitizenOf>  ?b	<Trans_Viking_Icebreaking_&_Offshore>	<isCitizenOf>	<Norway>	TrainingSource	False
?c  <isLocatedIn>  ?b  ?a  <isLocatedIn>  ?c   => ?a  <isCitizenOf>  ?b	<Piraquê_Açu_River>	<isCitizenOf>	<Brazil>	TrainingSource	False
?c  <isLocatedIn>  ?b  ?a  <isLocatedIn>  ?c   => ?a  <isCitizenOf>  ?b	<Estadio_Olímpico_de_Sevilla>	<isCitizenOf>	<Spain>	TrainingSource	False
?c  <isLocatedIn>  ?b  ?a  <isLocatedIn>  ?c   => ?a  <isCitizenOf>  ?b	<Inhumas_River>	<isCitizenOf>	<Brazil>	TrainingSource	False
?c  <isLocatedIn>  ?b  ?a  <isLocatedIn>  ?c   => ?a  <isCitizenOf>  ?b	<Romanian_Socialist_Party>	<isCitizenOf>	<Romania>	TrainingSource	False
?c  <isLocatedIn>  ?b  ?a  <isLocatedIn>  ?c   => ?a  <isCitizenOf>  ?b	<Stadion_Breite>	<isCitizenOf>	<Switzerland>	TrainingSource	False
?c  <isLocatedIn>  ?b  ?a  <isLocatedIn>  ?c   => ?a  <isCitizenOf>  ?b	<Aberdeen,_South_Dakota>	<isCitizenOf>	<United_States>	TargetSource	False
?c  <isLocatedIn>  ?b  ?a  <isLocatedIn>  ?c   => ?a  <isCitizenOf>  ?b	<Weitsee>	<isCitizenOf>	<Germany>	TrainingSource	False
?c  <livesIn>  ?a  ?c  <isCitizenOf>  ?b   => ?a  <isLocatedIn>  ?b	<Glasgow>	<isLocatedIn>	<Germany>	TrainingSource	False
?c  <livesIn>  ?a  ?c  <isCitizenOf>  ?b   => ?a  <isLocatedIn>  ?b	<Columbia,_Missouri>	<isLocatedIn>	<Austria>	TrainingSource	False
?c  <livesIn>  ?a  ?c  <isCitizenOf>  ?b   => ?a  <isLocatedIn>  ?b	<Kandy>	<isLocatedIn>	<Sri_Lanka>	TargetSource	True
?c  <livesIn>  ?a  ?c  <isCitizenOf>  ?b   => ?a  <isLocatedIn>  ?b	<United_Kingdom>	<isLocatedIn>	<Pakistan>	TrainingSource	False
?c  <livesIn>  ?a  ?c  <isCitizenOf>  ?b   => ?a  <isLocatedIn>  ?b	<Trieste>	<isLocatedIn>	<Italy>	TargetSource	True
?c  <livesIn>  ?a  ?c  <isCitizenOf>  ?b   => ?a  <isLocatedIn>  ?b	<Geneva>	<isLocatedIn>	<United_Kingdom>	TrainingSource	False
?c  <livesIn>  ?a  ?c  <isCitizenOf>  ?b   => ?a  <isLocatedIn>  ?b	<Switzerland>	<isLocatedIn>	<Austria>	TrainingSource	False
?c  <livesIn>  ?a  ?c  <isCitizenOf>  ?b   => ?a  <isLocatedIn>  ?b	<United_Kingdom>	<isLocatedIn>	<Canada>	TrainingSource	False
?c  <livesIn>  ?a  ?c  <isCitizenOf>  ?b   => ?a  <isLocatedIn>  ?b	<Menlo_Park,_California>	<isLocatedIn>	<Iran>	TrainingSource	False
?c  <livesIn>  ?a  ?c  <isCitizenOf>  ?b   => ?a  <isLocatedIn>  ?b	<Hirakata,_Osaka>	<isLocatedIn>	<Japan>	TrainingSource	False
?c  <livesIn>  ?a  ?c  <isCitizenOf>  ?b   => ?a  <isLocatedIn>  ?b	<Tehranpars>	<isLocatedIn>	<Iran>	TrainingSource	False
?c  <livesIn>  ?a  ?c  <isCitizenOf>  ?b   => ?a  <isLocatedIn>  ?b	<Bangalore>	<isLocatedIn>	<India>	TargetSource	True
?c  <livesIn>  ?a  ?c  <isCitizenOf>  ?b   => ?a  <isLocatedIn>  ?b	<Brussels>	<isLocatedIn>	<Netherlands>	TrainingSource	False
?c  <livesIn>  ?a  ?c  <isCitizenOf>  ?b   => ?a  <isLocatedIn>  ?b	<Washington_(U.S._state)>	<isLocatedIn>	<India>	TrainingSource	False
?c  <livesIn>  ?a  ?c  <isCitizenOf>  ?b   => ?a  <isLocatedIn>  ?b	<USA>	<isLocatedIn>	<Canada>	TrainingSource	False
?c  <livesIn>  ?a  ?c  <isCitizenOf>  ?b   => ?a  <isLocatedIn>  ?b	<Norwich>	<isLocatedIn>	<Brazil>	TrainingSource	False
?c  <livesIn>  ?a  ?c  <isCitizenOf>  ?b   => ?a  <isLocatedIn>  ?b	<Gorey>	<isLocatedIn>	<Republic_of_Ireland>	TargetSource	True
?c  <livesIn>  ?a  ?c  <isCitizenOf>  ?b   => ?a  <isLocatedIn>  ?b	<Birmingham>	<isLocatedIn>	<United_Kingdom>	TargetSource	True
?c  <livesIn>  ?a  ?c  <isCitizenOf>  ?b   => ?a  <isLocatedIn>  ?b	<Ljubljana>	<isLocatedIn>	<Slovenia>	TargetSource	True
?c  <livesIn>  ?a  ?c  <isCitizenOf>  ?b   => ?a  <isLocatedIn>  ?b	<Calgary>	<isLocatedIn>	<Canada>	TargetSource	True
?c  <livesIn>  ?a  ?c  <isCitizenOf>  ?b   => ?a  <isLocatedIn>  ?b	<Milan>	<isLocatedIn>	<Italy>	TrainingSource	False
?c  <livesIn>  ?a  ?c  <isCitizenOf>  ?b   => ?a  <isLocatedIn>  ?b	<Oundle>	<isLocatedIn>	<England>	TrainingSource	False
?c  <livesIn>  ?a  ?c  <isCitizenOf>  ?b   => ?a  <isLocatedIn>  ?b	<Canada>	<isLocatedIn>	<Japan>	TrainingSource	False
?c  <livesIn>  ?a  ?c  <isCitizenOf>  ?b   => ?a  <isLocatedIn>  ?b	<Chennai>	<isLocatedIn>	<India>	TargetSource	True
?c  <livesIn>  ?a  ?c  <isCitizenOf>  ?b   => ?a  <isLocatedIn>  ?b	<Accokeek_(plantation)>	<isLocatedIn>	<Kingdom_of_England>	TargetSource	False
?c  <livesIn>  ?a  ?c  <isCitizenOf>  ?b   => ?a  <isLocatedIn>  ?b	<New_York_City>	<isLocatedIn>	<People's_Republic_of_China>	TrainingSource	False
?c  <livesIn>  ?a  ?c  <isCitizenOf>  ?b   => ?a  <isLocatedIn>  ?b	<Lyon>	<isLocatedIn>	<France>	TrainingSource	False
?c  <livesIn>  ?a  ?c  <isCitizenOf>  ?b   => ?a  <isLocatedIn>  ?b	<USA>	<isLocatedIn>	<Sweden>	TrainingSource	False
?c  <livesIn>  ?a  ?c  <isCitizenOf>  ?b   => ?a  <isLocatedIn>  ?b	<Eaglescliffe>	<isLocatedIn>	<United_Kingdom>	TrainingSource	False
?c  <livesIn>  ?a  ?c  <isCitizenOf>  ?b   => ?a  <isLocatedIn>  ?b	<Huysburg>	<isLocatedIn>	<Prussia>	TrainingSource	False
?c  <isLocatedIn>  ?a  ?c  <isCitizenOf>  ?b   => ?a  <isLocatedIn>  ?b	<New_York_City>	<isLocatedIn>	<Puerto_Rico>	TrainingSource	False
?c  <isLocatedIn>  ?a  ?c  <isCitizenOf>  ?b   => ?a  <isLocatedIn>  ?b	<Karlsruhe>	<isLocatedIn>	<Germany>	TrainingSource	False
?c  <isLocatedIn>  ?a  ?c  <isCitizenOf>  ?b   => ?a  <isLocatedIn>  ?b	<York>	<isLocatedIn>	<United_Kingdom>	TargetSource	True
?c  <isLocatedIn>  ?a  ?c  <isCitizenOf>  ?b   => ?a  <isLocatedIn>  ?b	<Victoria,_British_Columbia>	<isLocatedIn>	<Canada>	TargetSource	True
?c  <isLocatedIn>  ?a  ?c  <isCitizenOf>  ?b   => ?a  <isLocatedIn>  ?b	<Creston,_British_Columbia>	<isLocatedIn>	<Canada>	TrainingSource	False
?c  <isLocatedIn>  ?a  ?c  <isCitizenOf>  ?b   => ?a  <isLocatedIn>  ?b	<Kristianstad>	<isLocatedIn>	<Sweden>	TargetSource	True
?c  <isLocatedIn>  ?a  ?c  <isCitizenOf>  ?b   => ?a  <isLocatedIn>  ?b	<Wapping>	<isLocatedIn>	<United_Kingdom>	TrainingSource	False
?c  <isLocatedIn>  ?a  ?c  <isCitizenOf>  ?b   => ?a  <isLocatedIn>  ?b	<Norfolk>	<isLocatedIn>	<England>	TrainingSource	False
?c  <isLocatedIn>  ?a  ?c  <isCitizenOf>  ?b   => ?a  <isLocatedIn>  ?b	<Kutná_Hora>	<isLocatedIn>	<Czech_Republic>	TargetSource	True
?c  <isLocatedIn>  ?a  ?c  <isCitizenOf>  ?b   => ?a  <isLocatedIn>  ?b	<Oudenaarde>	<isLocatedIn>	<Belgium>	TargetSource	True
?c  <isLocatedIn>  ?a  ?c  <isCitizenOf>  ?b   => ?a  <isLocatedIn>  ?b	<Caracas>	<isLocatedIn>	<Canada>	TrainingSource	False
?c  <isLocatedIn>  ?a  ?c  <isCitizenOf>  ?b   => ?a  <isLocatedIn>  ?b	<Knowle,_Devon>	<isLocatedIn>	<England>	TrainingSource	False
?c  <isLocatedIn>  ?a  ?c  <isCitizenOf>  ?b   => ?a  <isLocatedIn>  ?b	<Kalmar>	<isLocatedIn>	<Sweden>	TargetSource	True
?c  <isLocatedIn>  ?a  ?c  <isCitizenOf>  ?b   => ?a  <isLocatedIn>  ?b	<Shangqiu>	<isLocatedIn>	<People's_Republic_of_China>	TrainingSource	False
?c  <isLocatedIn>  ?a  ?c  <isCitizenOf>  ?b   => ?a  <isLocatedIn>  ?b	<Denizli>	<isLocatedIn>	<Holland>	TrainingSource	False
?c  <isLocatedIn>  ?a  ?c  <isCitizenOf>  ?b   => ?a  <isLocatedIn>  ?b	<Stretford>	<isLocatedIn>	<United_Kingdom>	TrainingSource	False
?c  <isLocatedIn>  ?a  ?c  <isCitizenOf>  ?b   => ?a  <isLocatedIn>  ?b	<KoDskowola>	<isLocatedIn>	<Poland>	TrainingSource	False
?c  <isLocatedIn>  ?a  ?c  <isCitizenOf>  ?b   => ?a  <isLocatedIn>  ?b	<Namur_(city)>	<isLocatedIn>	<Belgium>	TargetSource	True
?c  <isLocatedIn>  ?a  ?c  <isCitizenOf>  ?b   => ?a  <isLocatedIn>  ?b	<Epsom>	<isLocatedIn>	<United_Kingdom>	TrainingSource	False
?c  <isLocatedIn>  ?a  ?c  <isCitizenOf>  ?b   => ?a  <isLocatedIn>  ?b	<Bolton>	<isLocatedIn>	<England>	TrainingSource	False
?c  <isLocatedIn>  ?a  ?c  <isCitizenOf>  ?b   => ?a  <isLocatedIn>  ?b	<Cadishead>	<isLocatedIn>	<England>	TrainingSource	False
?c  <isLocatedIn>  ?a  ?c  <isCitizenOf>  ?b   => ?a  <isLocatedIn>  ?b	<Zaandam>	<isLocatedIn>	<Netherlands>	TargetSource	True
?c  <isLocatedIn>  ?a  ?c  <isCitizenOf>  ?b   => ?a  <isLocatedIn>  ?b	<Miyagi_Prefecture>	<isLocatedIn>	<Japan>	TrainingSource	False
?c  <isLocatedIn>  ?a  ?c  <isCitizenOf>  ?b   => ?a  <isLocatedIn>  ?b	<Koblenz>	<isLocatedIn>	<Germany>	TrainingSource	False
?c  <isLocatedIn>  ?a  ?c  <isCitizenOf>  ?b   => ?a  <isLocatedIn>  ?b	<rnomelj>	<isLocatedIn>	<Croatia>	TrainingSource	False
?c  <isLocatedIn>  ?a  ?c  <isCitizenOf>  ?b   => ?a  <isLocatedIn>  ?b	<Hoogkarspel>	<isLocatedIn>	<Netherlands>	TargetSource	True
?c  <isLocatedIn>  ?a  ?c  <isCitizenOf>  ?b   => ?a  <isLocatedIn>  ?b	<Sint-Truiden>	<isLocatedIn>	<Belgium>	TargetSource	True
?c  <isLocatedIn>  ?a  ?c  <isCitizenOf>  ?b   => ?a  <isLocatedIn>  ?b	<Kazan>	<isLocatedIn>	<Russia>	TrainingSource	False
?c  <isLocatedIn>  ?a  ?c  <isCitizenOf>  ?b   => ?a  <isLocatedIn>  ?b	<Mechelen>	<isLocatedIn>	<Belgium>	TargetSource	True
?c  <isLocatedIn>  ?a  ?c  <isCitizenOf>  ?b   => ?a  <isLocatedIn>  ?b	<Åtvidaberg>	<isLocatedIn>	<Sweden>	TargetSource	True
?a  <isCitizenOf>  ?c  ?c  <hasCapital>  ?b   => ?a  <diedIn>  ?b	<Sean_Banan>	<diedIn>	<Stockholm>	TrainingSource	False
?a  <isCitizenOf>  ?c  ?c  <hasCapital>  ?b   => ?a  <diedIn>  ?b	<Werner_Hildenbrand>	<diedIn>	<Berlin>	TrainingSource	False
?a  <isCitizenOf>  ?c  ?c  <hasCapital>  ?b   => ?a  <diedIn>  ?b	<Roberto_Giacobbo>	<diedIn>	<Rome>	TrainingSource	False
?a  <isCitizenOf>  ?c  ?c  <hasCapital>  ?b   => ?a  <diedIn>  ?b	<Andrew_Berry>	<diedIn>	<London>	TrainingSource	False
?a  <isCitizenOf>  ?c  ?c  <hasCapital>  ?b   => ?a  <diedIn>  ?b	<Charles_Beattie>	<diedIn>	<London>	TrainingSource	False
?a  <isCitizenOf>  ?c  ?c  <hasCapital>  ?b   => ?a  <diedIn>  ?b	<Klaus_Traube>	<diedIn>	<Berlin>	TrainingSource	False
?a  <isCitizenOf>  ?c  ?c  <hasCapital>  ?b   => ?a  <diedIn>  ?b	<Tom_Boardman_(racing_driver)>	<diedIn>	<London>	TrainingSource	False
?a  <isCitizenOf>  ?c  ?c  <hasCapital>  ?b   => ?a  <diedIn>  ?b	<C._N._S._Iyengar>	<diedIn>	<New_Delhi>	TrainingSource	False
?a  <isCitizenOf>  ?c  ?c  <hasCapital>  ?b   => ?a  <diedIn>  ?b	<Peter_Davies_(politician)>	<diedIn>	<London>	TrainingSource	False
?a  <isCitizenOf>  ?c  ?c  <hasCapital>  ?b   => ?a  <diedIn>  ?b	<Khaled_bin_Talal_bin_Abdul_Aziz_Al_Saud>	<diedIn>	<Riyadh>	TargetSource	False
?a  <isCitizenOf>  ?c  ?c  <hasCapital>  ?b   => ?a  <diedIn>  ?b	<Charles_Frédéric_Gerhardt>	<diedIn>	<Paris>	TrainingSource	False
?a  <isCitizenOf>  ?c  ?c  <hasCapital>  ?b   => ?a  <diedIn>  ?b	<Lionel_Edwards>	<diedIn>	<London>	TrainingSource	False
?a  <isCitizenOf>  ?c  ?c  <hasCapital>  ?b   => ?a  <diedIn>  ?b	<Maurice_Trintignant>	<diedIn>	<Paris>	TrainingSource	False
?a  <isCitizenOf>  ?c  ?c  <hasCapital>  ?b   => ?a  <diedIn>  ?b	<Siim-Valmar_Kiisler>	<diedIn>	<Tallinn>	TrainingSource	False
?a  <isCitizenOf>  ?c  ?c  <hasCapital>  ?b   => ?a  <diedIn>  ?b	<Janko_Prunk>	<diedIn>	<Ljubljana>	TargetSource	False
?a  <isCitizenOf>  ?c  ?c  <hasCapital>  ?b   => ?a  <diedIn>  ?b	<Kenneth_Bjerre>	<diedIn>	<Copenhagen>	TrainingSource	False
?a  <isCitizenOf>  ?c  ?c  <hasCapital>  ?b   => ?a  <diedIn>  ?b	<Andriy_Slyusarchuk>	<diedIn>	<Kiev>	TrainingSource	False
?a  <isCitizenOf>  ?c  ?c  <hasCapital>  ?b   => ?a  <diedIn>  ?b	<Paul_Koebe>	<diedIn>	<Berlin>	TrainingSource	False
?a  <isCitizenOf>  ?c  ?c  <hasCapital>  ?b   => ?a  <diedIn>  ?b	<Frederick_Stratten_Russell>	<diedIn>	<London>	TrainingSource	False
?a  <isCitizenOf>  ?c  ?c  <hasCapital>  ?b   => ?a  <diedIn>  ?b	<Tanel_Sokk>	<diedIn>	<Tallinn>	TrainingSource	False
?a  <isCitizenOf>  ?c  ?c  <hasCapital>  ?b   => ?a  <diedIn>  ?b	<Alex_MacDowall>	<diedIn>	<London>	TrainingSource	False
?a  <isCitizenOf>  ?c  ?c  <hasCapital>  ?b   => ?a  <diedIn>  ?b	<Bob_Berridge>	<diedIn>	<London>	TrainingSource	False
?a  <isCitizenOf>  ?c  ?c  <hasCapital>  ?b   => ?a  <diedIn>  ?b	<Hugh_Pigot_(Royal_Navy_captain)>	<diedIn>	<London>	TrainingSource	False
?a  <isCitizenOf>  ?c  ?c  <hasCapital>  ?b   => ?a  <diedIn>  ?b	<Assem_Hammoud>	<diedIn>	<Beirut>	TrainingSource	False
?a  <isCitizenOf>  ?c  ?c  <hasCapital>  ?b   => ?a  <diedIn>  ?b	<Samuel_Bowly>	<diedIn>	<London>	TrainingSource	False
?a  <isCitizenOf>  ?c  ?c  <hasCapital>  ?b   => ?a  <diedIn>  ?b	<Samuel_Pisar>	<diedIn>	<Warsaw>	TrainingSource	False
?a  <isCitizenOf>  ?c  ?c  <hasCapital>  ?b   => ?a  <diedIn>  ?b	<Edward_Charles_Titchmarsh>	<diedIn>	<London>	TrainingSource	False
?a  <isCitizenOf>  ?c  ?c  <hasCapital>  ?b   => ?a  <diedIn>  ?b	<Zadie_Smith>	<diedIn>	<London>	TrainingSource	False
?a  <isCitizenOf>  ?c  ?c  <hasCapital>  ?b   => ?a  <diedIn>  ?b	<William_Lummis>	<diedIn>	<London>	TrainingSource	False
?a  <isMarriedTo>  ?c  ?c  <graduatedFrom>  ?b   => ?a  <graduatedFrom>  ?b	<Soong_Ching-ling>	<graduatedFrom>	<Hong_Kong_College_of_Medicine_for_Chinese>	TrainingSource	False
?a  <isMarriedTo>  ?c  ?c  <graduatedFrom>  ?b   => ?a  <graduatedFrom>  ?b	<Emer_Costello>	<graduatedFrom>	<St_Patrick's_College,_Maynooth>	TrainingSource	False
?a  <isMarriedTo>  ?c  ?c  <graduatedFrom>  ?b   => ?a  <graduatedFrom>  ?b	<Wan_Azizah_Wan_Ismail>	<graduatedFrom>	<University_of_Malaya>	TrainingSource	False
?a  <isMarriedTo>  ?c  ?c  <graduatedFrom>  ?b   => ?a  <graduatedFrom>  ?b	<Stephene_Moore>	<graduatedFrom>	<Southern_Methodist_University>	TrainingSource	False
?a  <isMarriedTo>  ?c  ?c  <graduatedFrom>  ?b   => ?a  <graduatedFrom>  ?b	<Barack_Obama>	<graduatedFrom>	<Princeton_University>	TrainingSource	False
?a  <isMarriedTo>  ?c  ?c  <graduatedFrom>  ?b   => ?a  <graduatedFrom>  ?b	<Sharon_Davis>	<graduatedFrom>	<Stanford_University>	TrainingSource	False
?a  <isMarriedTo>  ?c  ?c  <graduatedFrom>  ?b   => ?a  <graduatedFrom>  ?b	<Edith_Bolling_Galt_Wilson>	<graduatedFrom>	<Princeton_University>	TrainingSource	False
?a  <isMarriedTo>  ?c  ?c  <graduatedFrom>  ?b   => ?a  <graduatedFrom>  ?b	<Jessie_Benton_Frémont>	<graduatedFrom>	<College_of_Charleston>	TrainingSource	False
?a  <isMarriedTo>  ?c  ?c  <graduatedFrom>  ?b   => ?a  <graduatedFrom>  ?b	<Ellen_Axson_Wilson>	<graduatedFrom>	<Princeton_University>	TrainingSource	False
?a  <isMarriedTo>  ?c  ?c  <graduatedFrom>  ?b   => ?a  <graduatedFrom>  ?b	<Mariane_Pearl>	<graduatedFrom>	<Stanford_University>	TrainingSource	False
?a  <isMarriedTo>  ?c  ?c  <graduatedFrom>  ?b   => ?a  <graduatedFrom>  ?b	<Ava_Helen_Pauling>	<graduatedFrom>	<Oregon_State_University>	TrainingSource	False
?a  <isMarriedTo>  ?c  ?c  <graduatedFrom>  ?b   => ?a  <graduatedFrom>  ?b	<Ellen_Weiss>	<graduatedFrom>	<Cornell_University>	TrainingSource	False
?a  <isMarriedTo>  ?c  ?c  <graduatedFrom>  ?b   => ?a  <graduatedFrom>  ?b	<Tom_Anderson_(politician)>	<graduatedFrom>	<Willamette_University>	TrainingSource	False
?a  <isMarriedTo>  ?c  ?c  <graduatedFrom>  ?b   => ?a  <graduatedFrom>  ?b	<Carola_B._Eisenberg>	<graduatedFrom>	<University_of_Pennsylvania>	TrainingSource	False
?a  <isMarriedTo>  ?c  ?c  <graduatedFrom>  ?b   => ?a  <graduatedFrom>  ?b	<Coretta_Scott_King>	<graduatedFrom>	<Morehouse_College>	TrainingSource	False
?a  <isMarriedTo>  ?c  ?c  <graduatedFrom>  ?b   => ?a  <graduatedFrom>  ?b	<Cheddi_Jagan>	<graduatedFrom>	<Northwestern_University>	TrainingSource	False
?a  <isMarriedTo>  ?c  ?c  <graduatedFrom>  ?b   => ?a  <graduatedFrom>  ?b	<Pat_Nixon>	<graduatedFrom>	<Whittier_College>	TrainingSource	False
?a  <isMarriedTo>  ?c  ?c  <graduatedFrom>  ?b   => ?a  <graduatedFrom>  ?b	<Corazon_Aquino>	<graduatedFrom>	<University_of_the_Philippines>	TrainingSource	False
?a  <isMarriedTo>  ?c  ?c  <graduatedFrom>  ?b   => ?a  <graduatedFrom>  ?b	<Liz_Rosenberg>	<graduatedFrom>	<Washington_University_in_St._Louis>	TrainingSource	False
?a  <isMarriedTo>  ?c  ?c  <graduatedFrom>  ?b   => ?a  <graduatedFrom>  ?b	<Josie_Fitial>	<graduatedFrom>	<University_of_Guam>	TrainingSource	False
?a  <isMarriedTo>  ?c  ?c  <graduatedFrom>  ?b   => ?a  <graduatedFrom>  ?b	<Presidency_of_George_W._Bush>	<graduatedFrom>	<Southern_Methodist_University>	TrainingSource	False
?a  <isMarriedTo>  ?c  ?c  <graduatedFrom>  ?b   => ?a  <graduatedFrom>  ?b	<Madeleine_Astor>	<graduatedFrom>	<Harvard_University>	TrainingSource	False
?a  <isMarriedTo>  ?c  ?c  <graduatedFrom>  ?b   => ?a  <graduatedFrom>  ?b	<Howard_Baker>	<graduatedFrom>	<University_of_Kansas>	TrainingSource	False
?a  <isMarriedTo>  ?c  ?c  <graduatedFrom>  ?b   => ?a  <graduatedFrom>  ?b	<Jared_Kushner>	<graduatedFrom>	<University_of_Pennsylvania>	TrainingSource	False
?a  <isMarriedTo>  ?c  ?c  <graduatedFrom>  ?b   => ?a  <graduatedFrom>  ?b	<Kostas_Karamanlis>	<graduatedFrom>	<Aristotle_University_of_Thessaloniki>	TrainingSource	False
?a  <isMarriedTo>  ?c  ?c  <graduatedFrom>  ?b   => ?a  <graduatedFrom>  ?b	<Maria_KaczyDska>	<graduatedFrom>	<University_of_Warsaw>	TrainingSource	False
?a  <isMarriedTo>  ?c  ?c  <graduatedFrom>  ?b   => ?a  <graduatedFrom>  ?b	<George_W._Bush_as_Governor_of_Texas>	<graduatedFrom>	<Southern_Methodist_University>	TrainingSource	False
?a  <isMarriedTo>  ?c  ?c  <graduatedFrom>  ?b   => ?a  <graduatedFrom>  ?b	<Elizabeth_Taylor>	<graduatedFrom>	<George_Washington_University>	TrainingSource	False
?a  <isMarriedTo>  ?c  ?c  <graduatedFrom>  ?b   => ?a  <graduatedFrom>  ?b	<Eva_Köhler>	<graduatedFrom>	<University_of_Tübingen>	TrainingSource	False
?a  <isMarriedTo>  ?c  ?c  <graduatedFrom>  ?b   => ?a  <graduatedFrom>  ?b	<Carole_Crist>	<graduatedFrom>	<Wake_Forest_University>	TrainingSource	False
?c  <isMarriedTo>  ?a  ?c  <graduatedFrom>  ?b   => ?a  <graduatedFrom>  ?b	<Deborah_Pratt>	<graduatedFrom>	<Pennsylvania_State_University>	TrainingSource	False
?c  <isMarriedTo>  ?a  ?c  <graduatedFrom>  ?b   => ?a  <graduatedFrom>  ?b	<Lin_Huiyin>	<graduatedFrom>	<Tsinghua_University>	TrainingSource	False
?c  <isMarriedTo>  ?a  ?c  <graduatedFrom>  ?b   => ?a  <graduatedFrom>  ?b	<Frances_Adeline_Seward>	<graduatedFrom>	<Union_College>	TrainingSource	False
?c  <isMarriedTo>  ?a  ?c  <graduatedFrom>  ?b   => ?a  <graduatedFrom>  ?b	<Anne_Fausto-Sterling>	<graduatedFrom>	<The_Catholic_University_of_America>	TrainingSource	False
?c  <isMarriedTo>  ?a  ?c  <graduatedFrom>  ?b   => ?a  <graduatedFrom>  ?b	<Grace_Coolidge>	<graduatedFrom>	<Amherst_College>	TrainingSource	False
?c  <isMarriedTo>  ?a  ?c  <graduatedFrom>  ?b   => ?a  <graduatedFrom>  ?b	<Millicent_Hearst>	<graduatedFrom>	<Harvard_University>	TrainingSource	False
?c  <isMarriedTo>  ?a  ?c  <graduatedFrom>  ?b   => ?a  <graduatedFrom>  ?b	<Tim_Pawlenty>	<graduatedFrom>	<Bethel_University_(Minnesota)>	TrainingSource	False
?c  <isMarriedTo>  ?a  ?c  <graduatedFrom>  ?b   => ?a  <graduatedFrom>  ?b	<Eliane_Karp>	<graduatedFrom>	<University_of_San_Francisco>	TrainingSource	False
?c  <isMarriedTo>  ?a  ?c  <graduatedFrom>  ?b   => ?a  <graduatedFrom>  ?b	<Graça_Machel>	<graduatedFrom>	<University_of_Fort_Hare>	TrainingSource	False
?c  <isMarriedTo>  ?a  ?c  <graduatedFrom>  ?b   => ?a  <graduatedFrom>  ?b	<Maria_Shriver>	<graduatedFrom>	<Santa_Monica_College>	TrainingSource	False
?c  <isMarriedTo>  ?a  ?c  <graduatedFrom>  ?b   => ?a  <graduatedFrom>  ?b	<Hershey_Felder>	<graduatedFrom>	<University_of_British_Columbia>	TrainingSource	False
?c  <isMarriedTo>  ?a  ?c  <graduatedFrom>  ?b   => ?a  <graduatedFrom>  ?b	<Bettina_Wulff>	<graduatedFrom>	<University_of_Osnabrück>	TrainingSource	False
?c  <isMarriedTo>  ?a  ?c  <graduatedFrom>  ?b   => ?a  <graduatedFrom>  ?b	<Hannelore_Kohl>	<graduatedFrom>	<University_of_Heidelberg>	TrainingSource	False
?c  <isMarriedTo>  ?a  ?c  <graduatedFrom>  ?b   => ?a  <graduatedFrom>  ?b	<Helen_Gamboa>	<graduatedFrom>	<Colegio_de_San_Juan_de_Letran>	TrainingSource	False
?c  <isMarriedTo>  ?a  ?c  <graduatedFrom>  ?b   => ?a  <graduatedFrom>  ?b	<Maha_Elsamnah>	<graduatedFrom>	<University_of_Ottawa>	TrainingSource	False
?c  <isMarriedTo>  ?a  ?c  <graduatedFrom>  ?b   => ?a  <graduatedFrom>  ?b	<Ibrahim_Babangida>	<graduatedFrom>	<La_Salle_Extension_University>	TrainingSource	False
?c  <isMarriedTo>  ?a  ?c  <graduatedFrom>  ?b   => ?a  <graduatedFrom>  ?b	<Kusuma_Karunaratne>	<graduatedFrom>	<University_of_Ceylon>	TrainingSource	False
?c  <isMarriedTo>  ?a  ?c  <graduatedFrom>  ?b   => ?a  <graduatedFrom>  ?b	<Dina_Matos_McGreevey>	<graduatedFrom>	<Harvard_University>	TrainingSource	False
?c  <isMarriedTo>  ?a  ?c  <graduatedFrom>  ?b   => ?a  <graduatedFrom>  ?b	<Mark_E._Kelly>	<graduatedFrom>	<Cornell_University>	TrainingSource	False
?c  <isMarriedTo>  ?a  ?c  <graduatedFrom>  ?b   => ?a  <graduatedFrom>  ?b	<Janet_Langhart>	<graduatedFrom>	<Bowdoin_College>	TrainingSource	False
?c  <isMarriedTo>  ?a  ?c  <graduatedFrom>  ?b   => ?a  <graduatedFrom>  ?b	<Victoria_Nuland>	<graduatedFrom>	<Yale_University>	TrainingSource	False
?c  <isMarriedTo>  ?a  ?c  <graduatedFrom>  ?b   => ?a  <graduatedFrom>  ?b	<Richard_C._Blum>	<graduatedFrom>	<Stanford_University>	TrainingSource	False
?c  <isMarriedTo>  ?a  ?c  <graduatedFrom>  ?b   => ?a  <graduatedFrom>  ?b	<Peter_Jay>	<graduatedFrom>	<Somerville_College,_Oxford>	TrainingSource	False
?c  <isMarriedTo>  ?a  ?c  <graduatedFrom>  ?b   => ?a  <graduatedFrom>  ?b	<Carla_Bruni>	<graduatedFrom>	<Paris_West_University_Nanterre_La_Défense>	TrainingSource	False
?c  <isMarriedTo>  ?a  ?c  <graduatedFrom>  ?b   => ?a  <graduatedFrom>  ?b	<Shahnaz_Pahlavi>	<graduatedFrom>	<Utah_State_University>	TrainingSource	False
?c  <isMarriedTo>  ?a  ?c  <graduatedFrom>  ?b   => ?a  <graduatedFrom>  ?b	<Dimitra_Liani>	<graduatedFrom>	<Harvard_University>	TrainingSource	False
?c  <isMarriedTo>  ?a  ?c  <graduatedFrom>  ?b   => ?a  <graduatedFrom>  ?b	<Aristotle_Onassis>	<graduatedFrom>	<Vassar_College>	TrainingSource	False
?c  <isMarriedTo>  ?a  ?c  <graduatedFrom>  ?b   => ?a  <graduatedFrom>  ?b	<Lurleen_Wallace>	<graduatedFrom>	<University_of_Alabama>	TrainingSource	False
?c  <isMarriedTo>  ?a  ?c  <graduatedFrom>  ?b   => ?a  <graduatedFrom>  ?b	<Theodore_Dwight_Woolsey>	<graduatedFrom>	<Yale_University>	TrainingSource	False
?c  <isMarriedTo>  ?a  ?c  <graduatedFrom>  ?b   => ?a  <graduatedFrom>  ?b	<John_Bessler>	<graduatedFrom>	<Yale_University>	TrainingSource	False
?a  <livesIn>  ?c  ?c  <isLocatedIn>  ?b   => ?a  <isCitizenOf>  ?b	<Peter_Butler_(surgeon)>	<isCitizenOf>	<United_Kingdom>	TrainingSource	False
