?b  <isMarriedTo>  ?a   => ?a  <isMarriedTo>  ?b	<Stuart_Chandler>	<isMarriedTo>	<Marian_Colby_Chandler>	ManualEvaluation	True
?b  <isMarriedTo>  ?a   => ?a  <isMarriedTo>  ?b	<Jane_Griffin_(Lady_Franklin)>	<isMarriedTo>	<John_Franklin>	ManualEvaluation	True
?b  <isMarriedTo>  ?a   => ?a  <isMarriedTo>  ?b	<Arsinoe_II_of_Egypt>	<isMarriedTo>	<Lysimachus>	ManualEvaluation	True
?b  <isMarriedTo>  ?a   => ?a  <isMarriedTo>  ?b	<Adrienne_Ryan>	<isMarriedTo>	<Peter_Ryan_(police_commissioner)>	ManualEvaluation	True
?b  <isMarriedTo>  ?a   => ?a  <isMarriedTo>  ?b	<Mike_Baldwin_(Coronation_Street)>	<isMarriedTo>	<Susan_Barlow>	ManualEvaluation	True
?b  <isMarriedTo>  ?a   => ?a  <isMarriedTo>  ?b	<Hilda_Koronel>	<isMarriedTo>	<J.I>	ManualEvaluation	Unknown
?a  <diedIn>  ?c  ?c  <isLocatedIn>  ?b   => ?a  <isPoliticianOf>  ?b	<Orlando_Bridgeman_(aviator)>	<isPoliticianOf>	<United_Kingdom>	ManualEvaluation	False
?a  <diedIn>  ?c  ?c  <isLocatedIn>  ?b   => ?a  <isPoliticianOf>  ?b	<Julien_Offray_de_La_Mettrie>	<isPoliticianOf>	<Germany>	ManualEvaluation	False
?a  <diedIn>  ?c  ?c  <isLocatedIn>  ?b   => ?a  <isPoliticianOf>  ?b	<John_of_Islay,_Earl_of_Ross>	<isPoliticianOf>	<Scotland>	ManualEvaluation	True
?a  <diedIn>  ?c  ?c  <isLocatedIn>  ?b   => ?a  <isPoliticianOf>  ?b	<Domenico_Meccoli>	<isPoliticianOf>	<Ciampino>	ManualEvaluation	False
?a  <diedIn>  ?c  ?c  <isLocatedIn>  ?b   => ?a  <isPoliticianOf>  ?b	<Carl_David_af_WirsÃÂ©n>	<isPoliticianOf>	<Sweden>	ManualEvaluation	False
?a  <diedIn>  ?c  ?c  <isLocatedIn>  ?b   => ?a  <isPoliticianOf>  ?b	<Alfred_Weber>	<isPoliticianOf>	<Baden-WÃÂ¼rttemberg>	ManualEvaluation	True
?a  <diedIn>  ?c  ?c  <isLocatedIn>  ?b   => ?a  <isPoliticianOf>  ?b	<Francis_Atterbury>	<isPoliticianOf>	<geoent_RÃÂ©gion_ÃÂle-de-France_3012874>	ManualEvaluation	False
?a  <diedIn>  ?c  ?c  <isLocatedIn>  ?b   => ?a  <isPoliticianOf>  ?b	<Henry_Tombs>	<isPoliticianOf>	<Wales>	ManualEvaluation	False
?a  <diedIn>  ?c  ?c  <isLocatedIn>  ?b   => ?a  <isPoliticianOf>  ?b	<Egbert_Picker>	<isPoliticianOf>	<Bavaria>	ManualEvaluation	False
?a  <diedIn>  ?c  ?c  <isLocatedIn>  ?b   => ?a  <isPoliticianOf>  ?b	<Vadim_Pirogan>	<isPoliticianOf>	<Moldova>	ManualEvaluation	False
?a  <diedIn>  ?c  ?c  <isLocatedIn>  ?b   => ?a  <isPoliticianOf>  ?b	<Henny_Porten>	<isPoliticianOf>	<Germany>	ManualEvaluation	False
?a  <diedIn>  ?c  ?c  <isLocatedIn>  ?b   => ?a  <isPoliticianOf>  ?b	<Dick_Giordano>	<isPoliticianOf>	<Volusia_County,_Florida>	ManualEvaluation	False
?a  <diedIn>  ?c  ?c  <isLocatedIn>  ?b   => ?a  <isPoliticianOf>  ?b	<Alfred_Emmott,_1st_Baron_Emmott>	<isPoliticianOf>	<United_Kingdom>	ManualEvaluation	True
?a  <diedIn>  ?c  ?c  <isLocatedIn>  ?b   => ?a  <isPoliticianOf>  ?b	<Kenneth_Kelly>	<isPoliticianOf>	<Polk_County,_Florida>	ManualEvaluation	False
?a  <diedIn>  ?c  ?c  <isLocatedIn>  ?b   => ?a  <isPoliticianOf>  ?b	<Johannes_FranÃÂ§ois_Snelleman>	<isPoliticianOf>	<Netherlands>	ManualEvaluation	False
?a  <diedIn>  ?c  ?c  <isLocatedIn>  ?b   => ?a  <isPoliticianOf>  ?b	<Sheldon_Friel>	<isPoliticianOf>	<Republic_of_Ireland>	ManualEvaluation	False
?a  <diedIn>  ?c  ?c  <isLocatedIn>  ?b   => ?a  <isPoliticianOf>  ?b	<Ernst_Gadermann>	<isPoliticianOf>	<Germany>	ManualEvaluation	False
?a  <diedIn>  ?c  ?c  <isLocatedIn>  ?b   => ?a  <isPoliticianOf>  ?b	<Harwood_Sturtevant>	<isPoliticianOf>	<Pinellas_County,_Florida>	ManualEvaluation	False
?a  <diedIn>  ?c  ?c  <isLocatedIn>  ?b   => ?a  <isPoliticianOf>  ?b	<Peter_P._Dubrovsky>	<isPoliticianOf>	<Russia>	ManualEvaluation	True
?a  <diedIn>  ?c  ?c  <isLocatedIn>  ?b   => ?a  <isPoliticianOf>  ?b	<David_Kenyon_Webster>	<isPoliticianOf>	<Los_Angeles_County,_California>	ManualEvaluation	False
?a  <isLocatedIn>  ?c  ?c  <hasOfficialLanguage>  ?b   => ?a  <hasOfficialLanguage>  ?b	<Slivna_River>	<hasOfficialLanguage>	<Romanian_language>	ManualEvaluation	True
?a  <isLocatedIn>  ?c  ?c  <hasOfficialLanguage>  ?b   => ?a  <hasOfficialLanguage>  ?b	<DolnÃÂ­_ZimoY>	<hasOfficialLanguage>	<Czech_language>	ManualEvaluation	True
?a  <isLocatedIn>  ?c  ?c  <hasOfficialLanguage>  ?b   => ?a  <hasOfficialLanguage>  ?b	<RanÃÂ­Yov>	<hasOfficialLanguage>	<Polish_language>	ManualEvaluation	Unknown
?a  <isLocatedIn>  ?c  ?c  <hasOfficialLanguage>  ?b   => ?a  <hasOfficialLanguage>  ?b	<Moose_Ponds>	<hasOfficialLanguage>	<Inuvialuktun>	ManualEvaluation	True
?a  <isLocatedIn>  ?c  ?c  <hasOfficialLanguage>  ?b   => ?a  <hasOfficialLanguage>  ?b	<Boesmans_River>	<hasOfficialLanguage>	<Afrikaans>	ManualEvaluation	True
?a  <isLocatedIn>  ?c  ?c  <hasOfficialLanguage>  ?b   => ?a  <hasOfficialLanguage>  ?b	<Advanced_Card_Systems>	<hasOfficialLanguage>	<Standard_Mandarin>	ManualEvaluation	False
?a  <isLocatedIn>  ?c  ?c  <hasOfficialLanguage>  ?b   => ?a  <hasOfficialLanguage>  ?b	<Tuya_Butte>	<hasOfficialLanguage>	<English_language>	ManualEvaluation	True
?a  <isLocatedIn>  ?c  ?c  <hasOfficialLanguage>  ?b   => ?a  <hasOfficialLanguage>  ?b	<MÃÂ­Ykov>	<hasOfficialLanguage>	<German_language>	ManualEvaluation	Unknown
?a  <isLocatedIn>  ?c  ?c  <hasOfficialLanguage>  ?b   => ?a  <hasOfficialLanguage>  ?b	<HornÃÂ­_Smr~ov>	<hasOfficialLanguage>	<German_language>	ManualEvaluation	Unknown
?a  <isLocatedIn>  ?c  ?c  <hasOfficialLanguage>  ?b   => ?a  <hasOfficialLanguage>  ?b	<Batavia,_Illinois>	<hasOfficialLanguage>	<English_language>	ManualEvaluation	True
?a  <isLocatedIn>  ?c  ?c  <hasOfficialLanguage>  ?b   => ?a  <hasOfficialLanguage>  ?b	<Executive_Airlines_(Spain)>	<hasOfficialLanguage>	<Asturian_language>	ManualEvaluation	False
?a  <isLocatedIn>  ?c  ?c  <hasOfficialLanguage>  ?b   => ?a  <hasOfficialLanguage>  ?b	<ÃÂre_River>	<hasOfficialLanguage>	<Swedish_language>	ManualEvaluation	Unknown
?a  <isLocatedIn>  ?c  ?c  <hasOfficialLanguage>  ?b   => ?a  <hasOfficialLanguage>  ?b	<Naetschen>	<hasOfficialLanguage>	<Italian_language>	ManualEvaluation	False
?a  <isLocatedIn>  ?c  ?c  <hasOfficialLanguage>  ?b   => ?a  <hasOfficialLanguage>  ?b	<Gohan_River>	<hasOfficialLanguage>	<Romanian_language>	ManualEvaluation	True
?a  <isLocatedIn>  ?c  ?c  <hasOfficialLanguage>  ?b   => ?a  <hasOfficialLanguage>  ?b	<ervenÃÂ¡_Hora>	<hasOfficialLanguage>	<German_language>	ManualEvaluation	False
?a  <isLocatedIn>  ?c  ?c  <hasOfficialLanguage>  ?b   => ?a  <hasOfficialLanguage>  ?b	<XÃÂ­pec>	<hasOfficialLanguage>	<Czech_language>	ManualEvaluation	Unknown
?a  <isLocatedIn>  ?c  ?c  <hasOfficialLanguage>  ?b   => ?a  <hasOfficialLanguage>  ?b	<Mati_City>	<hasOfficialLanguage>	<English_language>	ManualEvaluation	True
?a  <isLocatedIn>  ?c  ?c  <hasOfficialLanguage>  ?b   => ?a  <hasOfficialLanguage>  ?b	<Kosov_(`umperk_District)>	<hasOfficialLanguage>	<Polish_language>	ManualEvaluation	False
?a  <isLocatedIn>  ?c  ?c  <hasOfficialLanguage>  ?b   => ?a  <hasOfficialLanguage>  ?b	<Preciosa_(corporation)>	<hasOfficialLanguage>	<German_language>	ManualEvaluation	False
?a  <isLocatedIn>  ?c  ?c  <hasOfficialLanguage>  ?b   => ?a  <hasOfficialLanguage>  ?b	<TYebuaÃÂ­n>	<hasOfficialLanguage>	<Romani_language>	ManualEvaluation	Unknown
?a  <isLocatedIn>  ?c  ?c  <hasOfficialLanguage>  ?b   => ?a  <hasOfficialLanguage>  ?b	<Carteret_Islands>	<hasOfficialLanguage>	<Tok_Pisin>	ManualEvaluation	True
?a  <isLocatedIn>  ?c  ?c  <hasOfficialLanguage>  ?b   => ?a  <hasOfficialLanguage>  ?b	<Hassel,_Luxembourg>	<hasOfficialLanguage>	<German_language>	ManualEvaluation	True
?a  <isLocatedIn>  ?c  ?c  <hasOfficialLanguage>  ?b   => ?a  <hasOfficialLanguage>  ?b	<Elangadu>	<hasOfficialLanguage>	<Tamil_language>	ManualEvaluation	True
?a  <isLocatedIn>  ?c  ?c  <hasOfficialLanguage>  ?b   => ?a  <hasOfficialLanguage>  ?b	<Wabamun,_Alberta>	<hasOfficialLanguage>	<English_language>	ManualEvaluation	True
?a  <isLocatedIn>  ?c  ?c  <hasOfficialLanguage>  ?b   => ?a  <hasOfficialLanguage>  ?b	<Mount_Pierre_Elliott_Trudeau>	<hasOfficialLanguage>	<English_language>	ManualEvaluation	True
?a  <isLocatedIn>  ?c  ?c  <hasOfficialLanguage>  ?b   => ?a  <hasOfficialLanguage>  ?b	<Shweli_River>	<hasOfficialLanguage>	<Burmese_language>	ManualEvaluation	True
?a  <isLocatedIn>  ?c  ?c  <hasOfficialLanguage>  ?b   => ?a  <hasOfficialLanguage>  ?b	<Asul_Mic_River>	<hasOfficialLanguage>	<Romanian_language>	ManualEvaluation	True
?a  <isLocatedIn>  ?c  ?c  <hasOfficialLanguage>  ?b   => ?a  <hasOfficialLanguage>  ?b	<Lhotka_u_Radnic>	<hasOfficialLanguage>	<Polish_language>	ManualEvaluation	False
?a  <isLocatedIn>  ?c  ?c  <hasOfficialLanguage>  ?b   => ?a  <hasOfficialLanguage>  ?b	<Porras,_Tammela>	<hasOfficialLanguage>	<Finnish_language>	ManualEvaluation	True
?a  <livesIn>  ?c  ?c  <isLocatedIn>  ?b   => ?a  <isPoliticianOf>  ?b	<Kai_Budde>	<isPoliticianOf>	<Germany>	ManualEvaluation	False
?a  <livesIn>  ?c  ?c  <isLocatedIn>  ?b   => ?a  <isPoliticianOf>  ?b	<Rinko_Ueda>	<isPoliticianOf>	<geoent_Asia_6255147>	ManualEvaluation	False
?a  <livesIn>  ?c  ?c  <isLocatedIn>  ?b   => ?a  <isPoliticianOf>  ?b	<Niels_Desein>	<isPoliticianOf>	<Belgium>	ManualEvaluation	False
?a  <livesIn>  ?c  ?c  <isLocatedIn>  ?b   => ?a  <isPoliticianOf>  ?b	<Aggie_MacKenzie>	<isPoliticianOf>	<geoent_Finsbury_Park_6690588>	ManualEvaluation	False
?a  <livesIn>  ?c  ?c  <isLocatedIn>  ?b   => ?a  <isPoliticianOf>  ?b	<Antony_Selvanayagam>	<isPoliticianOf>	<Malaysia>	ManualEvaluation	False
?a  <livesIn>  ?c  ?c  <isLocatedIn>  ?b   => ?a  <isPoliticianOf>  ?b	<Daisuke_Murakawa>	<isPoliticianOf>	<geoent_Asia_6255147>	ManualEvaluation	False
?a  <livesIn>  ?c  ?c  <isLocatedIn>  ?b   => ?a  <isPoliticianOf>  ?b	<Fang_Dan>	<isPoliticianOf>	<Heilongjiang>	ManualEvaluation	False
?a  <livesIn>  ?c  ?c  <isLocatedIn>  ?b   => ?a  <isPoliticianOf>  ?b	<Lauren_Briggs>	<isPoliticianOf>	<United_Kingdom>	ManualEvaluation	False
?a  <livesIn>  ?c  ?c  <isLocatedIn>  ?b   => ?a  <isPoliticianOf>  ?b	<Per_Ditlev-Simonsen>	<isPoliticianOf>	<Norway>	ManualEvaluation	True
?a  <livesIn>  ?c  ?c  <isLocatedIn>  ?b   => ?a  <isPoliticianOf>  ?b	<Neuza_Silva>	<isPoliticianOf>	<Portugal>	ManualEvaluation	False
?a  <livesIn>  ?c  ?c  <isLocatedIn>  ?b   => ?a  <isPoliticianOf>  ?b	<Rachel_Kinski>	<isPoliticianOf>	<United_Kingdom>	ManualEvaluation	False
?a  <livesIn>  ?c  ?c  <isLocatedIn>  ?b   => ?a  <isPoliticianOf>  ?b	<Manu_Beuselinck>	<isPoliticianOf>	<Belgium>	ManualEvaluation	True
?a  <livesIn>  ?c  ?c  <isLocatedIn>  ?b   => ?a  <isPoliticianOf>  ?b	<Gary_Murphy>	<isPoliticianOf>	<Republic_of_Ireland>	ManualEvaluation	False
?a  <livesIn>  ?c  ?c  <isLocatedIn>  ?b   => ?a  <isPoliticianOf>  ?b	<Anwar_Choudhury>	<isPoliticianOf>	<United_Kingdom>	ManualEvaluation	True
?a  <livesIn>  ?c  ?c  <isLocatedIn>  ?b   => ?a  <isPoliticianOf>  ?b	<Sammy_Rachels>	<isPoliticianOf>	<Walton_County,_Florida>	ManualEvaluation	False
?a  <isMarriedTo>  ?c  ?c  <livesIn>  ?b   => ?a  <livesIn>  ?b	<Teresa_Heinz>	<livesIn>	<Boston>	ManualEvaluation	True
?a  <isMarriedTo>  ?c  ?c  <livesIn>  ?b   => ?a  <livesIn>  ?b	<Pamela_Tiffin>	<livesIn>	<New_York_City>	ManualEvaluation	True
?a  <isMarriedTo>  ?c  ?c  <livesIn>  ?b   => ?a  <livesIn>  ?b	<Carla_Bruni>	<livesIn>	<ÃÂlysÃÂ©e_Palace>	ManualEvaluation	True
?a  <isMarriedTo>  ?c  ?c  <livesIn>  ?b   => ?a  <livesIn>  ?b	<Belinda_Neal>	<livesIn>	<Woy_Woy,_New_South_Wales>	ManualEvaluation	False
?a  <isMarriedTo>  ?c  ?c  <livesIn>  ?b   => ?a  <livesIn>  ?b	<Adam_Chandler>	<livesIn>	<Pine_Valley,_Pennsylvania>	ManualEvaluation	True
?a  <isMarriedTo>  ?c  ?c  <livesIn>  ?b   => ?a  <livesIn>  ?b	<Helena_Guergis>	<livesIn>	<Edmonton>	ManualEvaluation	False
?a  <isMarriedTo>  ?c  ?c  <livesIn>  ?b   => ?a  <livesIn>  ?b	<Andrea_White>	<livesIn>	<Houston>	ManualEvaluation	True
?a  <isMarriedTo>  ?c  ?c  <livesIn>  ?b   => ?a  <livesIn>  ?b	<Amy_Robsart>	<livesIn>	<Kenilworth_Castle>	ManualEvaluation	True
?a  <isMarriedTo>  ?c  ?c  <livesIn>  ?b   => ?a  <livesIn>  ?b	<Donna_Frye>	<livesIn>	<California>	ManualEvaluation	True
?a  <isMarriedTo>  ?c  ?c  <livesIn>  ?b   => ?a  <livesIn>  ?b	<Minor_characters_of_Days_of_our_Lives>	<livesIn>	<Switzerland>	ManualEvaluation	False
?a  <isMarriedTo>  ?c  ?c  <livesIn>  ?b   => ?a  <livesIn>  ?b	<Jeff_Webber>	<livesIn>	<Port_Charles,_New_York_(fictional_city)>	ManualEvaluation	False
?a  <isMarriedTo>  ?c  ?c  <livesIn>  ?b   => ?a  <livesIn>  ?b	<Tina_Lord>	<livesIn>	<London>	ManualEvaluation	Unknown
?a  <isMarriedTo>  ?c  ?c  <livesIn>  ?b   => ?a  <livesIn>  ?b	<Kathy_Pippy>	<livesIn>	<Pennsylvania>	ManualEvaluation	True
?a  <isMarriedTo>  ?c  ?c  <livesIn>  ?b   => ?a  <livesIn>  ?b	<Quentin_N._Burdick>	<livesIn>	<Fargo,_North_Dakota>	ManualEvaluation	True
?a  <isMarriedTo>  ?c  ?c  <livesIn>  ?b   => ?a  <livesIn>  ?b	<Alex_Devane_Marick>	<livesIn>	<Hungary>	ManualEvaluation	True
?a  <isMarriedTo>  ?c  ?c  <livesIn>  ?b   => ?a  <livesIn>  ?b	<Vilma_Santos>	<livesIn>	<Batangas>	ManualEvaluation	True
?a  <isMarriedTo>  ?c  ?c  <livesIn>  ?b   => ?a  <livesIn>  ?b	<Laura_Spencer>	<livesIn>	<Port_Charles,_New_York_(fictional_city)>	ManualEvaluation	True
?a  <isMarriedTo>  ?c  ?c  <livesIn>  ?b   => ?a  <livesIn>  ?b	<Hope_Wilson>	<livesIn>	<Genoa_City_(fictional_city)>	ManualEvaluation	False
?a  <isMarriedTo>  ?c  ?c  <livesIn>  ?b   => ?a  <livesIn>  ?b	<Martin_Scorsese>	<livesIn>	<New_York_City>	ManualEvaluation	True
?a  <isMarriedTo>  ?c  ?c  <livesIn>  ?b   => ?a  <livesIn>  ?b	<Sergey_Brin>	<livesIn>	<California>	ManualEvaluation	True
?a  <isMarriedTo>  ?c  ?c  <livesIn>  ?b   => ?a  <livesIn>  ?b	<Robert_Scorpio>	<livesIn>	<London>	ManualEvaluation	False
?a  <isMarriedTo>  ?c  ?c  <livesIn>  ?b   => ?a  <livesIn>  ?b	<Lettice_Knollys>	<livesIn>	<Wanstead_Park>	ManualEvaluation	True
?a  <isMarriedTo>  ?c  ?c  <livesIn>  ?b   => ?a  <livesIn>  ?b	<Sheridan_Crane>	<livesIn>	<New_England>	ManualEvaluation	True
?a  <isMarriedTo>  ?c  ?c  <livesIn>  ?b   => ?a  <livesIn>  ?b	<John_Patrick_Williams>	<livesIn>	<Missoula,_Montana>	ManualEvaluation	True
?a  <isMarriedTo>  ?c  ?c  <livesIn>  ?b   => ?a  <livesIn>  ?b	<Lettice_Knollys>	<livesIn>	<London>	ManualEvaluation	True
?a  <isMarriedTo>  ?c  ?c  <livesIn>  ?b   => ?a  <livesIn>  ?b	<Alec_Gilroy>	<livesIn>	<Weatherfield>	ManualEvaluation	True
?a  <isMarriedTo>  ?c  ?c  <livesIn>  ?b   => ?a  <livesIn>  ?b	<Johannes_von_Lahnstein>	<livesIn>	<DÃÂ¼sseldorf>	ManualEvaluation	True
?a  <isMarriedTo>  ?c  ?c  <livesIn>  ?b   => ?a  <livesIn>  ?b	<Anne_Neville,_16th_Countess_of_Warwick>	<livesIn>	<Middleham_Castle>	ManualEvaluation	True
?c  <isMarriedTo>  ?a  ?c  <livesIn>  ?b   => ?a  <livesIn>  ?b	<Nancy_Huston>	<livesIn>	<France>	ManualEvaluation	True
?c  <isMarriedTo>  ?a  ?c  <livesIn>  ?b   => ?a  <livesIn>  ?b	<Gayle_Conelly_Manchin>	<livesIn>	<West_Virginia>	ManualEvaluation	True
?c  <isMarriedTo>  ?a  ?c  <livesIn>  ?b   => ?a  <livesIn>  ?b	<Elijah_Cummings>	<livesIn>	<Washington,_D.C.>	ManualEvaluation	True
?c  <isMarriedTo>  ?a  ?c  <livesIn>  ?b   => ?a  <livesIn>  ?b	<Suthawan_Ladawan_Sathirathai>	<livesIn>	<Thailand>	ManualEvaluation	True
?c  <isMarriedTo>  ?a  ?c  <livesIn>  ?b   => ?a  <livesIn>  ?b	<Marcel_Pauker>	<livesIn>	<Paris>	ManualEvaluation	True
?c  <isMarriedTo>  ?a  ?c  <livesIn>  ?b   => ?a  <livesIn>  ?b	<Bram_Peper>	<livesIn>	<Brussels>	ManualEvaluation	False
?c  <isMarriedTo>  ?a  ?c  <livesIn>  ?b   => ?a  <livesIn>  ?b	<Hershey_Felder>	<livesIn>	<France>	ManualEvaluation	False
?c  <isMarriedTo>  ?a  ?c  <livesIn>  ?b   => ?a  <livesIn>  ?b	<Adam_Chandler>	<livesIn>	<California>	ManualEvaluation	False
?c  <isMarriedTo>  ?a  ?c  <livesIn>  ?b   => ?a  <livesIn>  ?b	<Chloe_Mitchell>	<livesIn>	<Wisconsin>	ManualEvaluation	True
?c  <isMarriedTo>  ?a  ?c  <livesIn>  ?b   => ?a  <livesIn>  ?b	<Princess_Deborah_of_Saudi_Arabia>	<livesIn>	<Riyadh>	ManualEvaluation	Unknown
?c  <isMarriedTo>  ?a  ?c  <livesIn>  ?b   => ?a  <livesIn>  ?b	<Judy_Garland>	<livesIn>	<USA>	ManualEvaluation	True
?c  <isMarriedTo>  ?a  ?c  <livesIn>  ?b   => ?a  <livesIn>  ?b	<Lynn_Bari>	<livesIn>	<USA>	ManualEvaluation	True
?c  <isMarriedTo>  ?a  ?c  <livesIn>  ?b   => ?a  <livesIn>  ?b	<Suzanne_Danielle>	<livesIn>	<Virginia_Water>	ManualEvaluation	Unknown
?c  <isMarriedTo>  ?a  ?c  <livesIn>  ?b   => ?a  <livesIn>  ?b	<Dimitri_Marick>	<livesIn>	<San_Diego>	ManualEvaluation	False
?c  <isMarriedTo>  ?a  ?c  <livesIn>  ?b   => ?a  <livesIn>  ?b	<Archbishop_of_York>	<livesIn>	<Isle_of_Ely>	ManualEvaluation	False
?c  <isMarriedTo>  ?a  ?c  <livesIn>  ?b   => ?a  <livesIn>  ?b	<Craig_Montgomery>	<livesIn>	<Germany>	ManualEvaluation	False
?c  <isMarriedTo>  ?a  ?c  <livesIn>  ?b   => ?a  <livesIn>  ?b	<Edith_Ogden_Harrison>	<livesIn>	<Illinois>	ManualEvaluation	True
?c  <isMarriedTo>  ?a  ?c  <livesIn>  ?b   => ?a  <livesIn>  ?b	<Bill_McBride_(candidate)>	<livesIn>	<Tampa,_Florida>	ManualEvaluation	True
?c  <isMarriedTo>  ?a  ?c  <livesIn>  ?b   => ?a  <livesIn>  ?b	<Brock_Reynolds>	<livesIn>	<Wisconsin>	ManualEvaluation	False
?c  <isMarriedTo>  ?a  ?c  <livesIn>  ?b   => ?a  <livesIn>  ?b	<Marie_Tifo>	<livesIn>	<Montreal>	ManualEvaluation	True
?c  <isMarriedTo>  ?a  ?c  <livesIn>  ?b   => ?a  <livesIn>  ?b	<Cole_Howard>	<livesIn>	<Wisconsin>	ManualEvaluation	False
?c  <isMarriedTo>  ?a  ?c  <livesIn>  ?b   => ?a  <livesIn>  ?b	<Janelle_Timmins>	<livesIn>	<Port_Douglas,_Queensland>	ManualEvaluation	False
?c  <isMarriedTo>  ?a  ?c  <livesIn>  ?b   => ?a  <livesIn>  ?b	<Ruth_Marcus_(journalist)>	<livesIn>	<Bethesda,_Maryland>	ManualEvaluation	True
?c  <isMarriedTo>  ?a  ?c  <livesIn>  ?b   => ?a  <livesIn>  ?b	<Camille_Andrews>	<livesIn>	<Haddon_Heights,_New_Jersey>	ManualEvaluation	True
?c  <isMarriedTo>  ?a  ?c  <livesIn>  ?b   => ?a  <livesIn>  ?b	<Gregor_Mann>	<livesIn>	<USA>	ManualEvaluation	False
?c  <isMarriedTo>  ?a  ?c  <livesIn>  ?b   => ?a  <livesIn>  ?b	<Eileen_Paisley,_Baroness_Paisley_of_St_George's>	<livesIn>	<Northern_Ireland>	ManualEvaluation	True
?c  <isMarriedTo>  ?a  ?c  <livesIn>  ?b   => ?a  <livesIn>  ?b	<Sheila_Martin>	<livesIn>	<Quebec>	ManualEvaluation	True
?c  <isMarriedTo>  ?a  ?c  <livesIn>  ?b   => ?a  <livesIn>  ?b	<Catherine_Parr>	<livesIn>	<Ferndale,_Michigan>	ManualEvaluation	False
?c  <isMarriedTo>  ?a  ?c  <livesIn>  ?b   => ?a  <livesIn>  ?b	<Jacques_Parizeau>	<livesIn>	<Montreal>	ManualEvaluation	True
?c  <hasOfficialLanguage>  ?b  ?c  <isLocatedIn>  ?a   => ?a  <hasOfficialLanguage>  ?b	<geoent_Africa_6255146>	<hasOfficialLanguage>	<Southern_Ndebele_language>	ManualEvaluation	False
?c  <hasOfficialLanguage>  ?b  ?c  <isLocatedIn>  ?a   => ?a  <hasOfficialLanguage>  ?b	<geoent_Africa_6255146>	<hasOfficialLanguage>	<English_language>	ManualEvaluation	False
?c  <hasOfficialLanguage>  ?b  ?c  <isLocatedIn>  ?a   => ?a  <hasOfficialLanguage>  ?b	<geoent_Africa_6255146>	<hasOfficialLanguage>	<Swati_language>	ManualEvaluation	False
?c  <hasOfficialLanguage>  ?b  ?c  <isLocatedIn>  ?a   => ?a  <hasOfficialLanguage>  ?b	<geoent_Africa_6255146>	<hasOfficialLanguage>	<Tswana_language>	ManualEvaluation	False
?c  <hasOfficialLanguage>  ?b  ?c  <isLocatedIn>  ?a   => ?a  <hasOfficialLanguage>  ?b	<geoent_Africa_6255146>	<hasOfficialLanguage>	<Greek_language>	ManualEvaluation	False
?c  <hasOfficialLanguage>  ?b  ?c  <isLocatedIn>  ?a   => ?a  <hasOfficialLanguage>  ?b	<German_Confederation>	<hasOfficialLanguage>	<German_language>	ManualEvaluation	True
?c  <hasOfficialLanguage>  ?b  ?c  <isLocatedIn>  ?a   => ?a  <hasOfficialLanguage>  ?b	<Vadodara_district>	<hasOfficialLanguage>	<Hindi>	ManualEvaluation	True
?c  <hasOfficialLanguage>  ?b  ?c  <isLocatedIn>  ?a   => ?a  <hasOfficialLanguage>  ?b	<Northern_Europe>	<hasOfficialLanguage>	<Irish_language>	ManualEvaluation	False
?c  <hasOfficialLanguage>  ?b  ?c  <isLocatedIn>  ?a   => ?a  <hasOfficialLanguage>  ?b	<geoent_United_Kingdom_of_Great_Britain_and_Northern_Ireland_2635167>	<hasOfficialLanguage>	<Ulster_Scots>	ManualEvaluation	False
?c  <hasOfficialLanguage>  ?b  ?c  <isLocatedIn>  ?a   => ?a  <hasOfficialLanguage>  ?b	<geoent_Africa_6255146>	<hasOfficialLanguage>	<South_African_English>	ManualEvaluation	False
?c  <hasOfficialLanguage>  ?b  ?c  <isLocatedIn>  ?a   => ?a  <hasOfficialLanguage>  ?b	<geoent_Canada_6251999>	<hasOfficialLanguage>	<Inuit_language>	ManualEvaluation	False
?c  <hasOfficialLanguage>  ?b  ?c  <isLocatedIn>  ?a   => ?a  <hasOfficialLanguage>  ?b	<North_America>	<hasOfficialLanguage>	<English_language>	ManualEvaluation	True
?c  <hasOfficialLanguage>  ?b  ?c  <isLocatedIn>  ?a   => ?a  <hasOfficialLanguage>  ?b	<Saharsa_district>	<hasOfficialLanguage>	<English_language>	ManualEvaluation	True
?c  <hasOfficialLanguage>  ?b  ?c  <isLocatedIn>  ?a   => ?a  <hasOfficialLanguage>  ?b	<geoent_Africa_6255146>	<hasOfficialLanguage>	<Northern_Sotho_language>	ManualEvaluation	False
?c  <hasOfficialLanguage>  ?b  ?c  <isLocatedIn>  ?a   => ?a  <hasOfficialLanguage>  ?b	<geoent_Africa_6255146>	<hasOfficialLanguage>	<Sotho_language>	ManualEvaluation	False
?c  <hasOfficialLanguage>  ?b  ?c  <isLocatedIn>  ?a   => ?a  <hasOfficialLanguage>  ?b	<geoent_Africa_6255146>	<hasOfficialLanguage>	<French_language>	ManualEvaluation	False
?c  <hasOfficialLanguage>  ?b  ?c  <isLocatedIn>  ?a   => ?a  <hasOfficialLanguage>  ?b	<geoent_Europe_6255148>	<hasOfficialLanguage>	<Minority_language>	ManualEvaluation	False
?c  <hasOfficialLanguage>  ?b  ?c  <isLocatedIn>  ?a   => ?a  <hasOfficialLanguage>  ?b	<Pernik_Province>	<hasOfficialLanguage>	<Bulgarian_language>	ManualEvaluation	True
?c  <hasOfficialLanguage>  ?b  ?c  <isLocatedIn>  ?a   => ?a  <hasOfficialLanguage>  ?b	<geoent_Asia_6255147>	<hasOfficialLanguage>	<English_language>	ManualEvaluation	False
?c  <hasOfficialLanguage>  ?b  ?c  <isLocatedIn>  ?a   => ?a  <hasOfficialLanguage>  ?b	<Darjeeling_district>	<hasOfficialLanguage>	<English_language>	ManualEvaluation	True
?c  <hasOfficialLanguage>  ?b  ?c  <isLocatedIn>  ?a   => ?a  <hasOfficialLanguage>  ?b	<geoent_Europe_6255148>	<hasOfficialLanguage>	<Serbian_language>	ManualEvaluation	False
?c  <hasOfficialLanguage>  ?b  ?c  <isLocatedIn>  ?a   => ?a  <hasOfficialLanguage>  ?b	<Guntur_district>	<hasOfficialLanguage>	<Telugu_language>	ManualEvaluation	True
?c  <hasOfficialLanguage>  ?b  ?c  <isLocatedIn>  ?a   => ?a  <hasOfficialLanguage>  ?b	<geoent_Europe_6255148>	<hasOfficialLanguage>	<Polish_language>	ManualEvaluation	False
?c  <hasOfficialLanguage>  ?b  ?c  <isLocatedIn>  ?a   => ?a  <hasOfficialLanguage>  ?b	<geoent_Africa_6255146>	<hasOfficialLanguage>	<German_language>	ManualEvaluation	False
?c  <hasOfficialLanguage>  ?b  ?c  <isLocatedIn>  ?a   => ?a  <hasOfficialLanguage>  ?b	<geoent_Canada_6251999>	<hasOfficialLanguage>	<Inuktitut>	ManualEvaluation	False
?c  <hasOfficialLanguage>  ?b  ?c  <isLocatedIn>  ?a   => ?a  <hasOfficialLanguage>  ?b	<geoent_Canada_6251999>	<hasOfficialLanguage>	<English_language>	ManualEvaluation	True
?c  <hasOfficialLanguage>  ?b  ?c  <isLocatedIn>  ?a   => ?a  <hasOfficialLanguage>  ?b	<Una_district>	<hasOfficialLanguage>	<Punjabi_language>	ManualEvaluation	True
?c  <hasOfficialLanguage>  ?b  ?c  <isLocatedIn>  ?a   => ?a  <hasOfficialLanguage>  ?b	<geoent_Oceania_6255151>	<hasOfficialLanguage>	<Tokelauan_language>	ManualEvaluation	False
?c  <hasOfficialLanguage>  ?b  ?c  <isLocatedIn>  ?a   => ?a  <hasOfficialLanguage>  ?b	<Northern_Europe>	<hasOfficialLanguage>	<English_language>	ManualEvaluation	False
?c  <hasOfficialLanguage>  ?b  ?c  <isLocatedIn>  ?a   => ?a  <hasOfficialLanguage>  ?b	<geoent_Canada_6251999>	<hasOfficialLanguage>	<Inuvialuktun>	ManualEvaluation	False
?a  <created>  ?b  ?a  <produced>  ?b   => ?a  <directed>  ?b	<Subodh_Mukherjee>	<directed>	<Shagird>	ManualEvaluation	False
?a  <created>  ?b  ?a  <produced>  ?b   => ?a  <directed>  ?b	<Himesh_Reshammiya>	<directed>	<Aap_Kaa_Surroor__The_Moviee__The_Real_Luv_Story>	ManualEvaluation	False
?a  <created>  ?b  ?a  <produced>  ?b   => ?a  <directed>  ?b	<David_Sheldon>	<directed>	<Sheba,_Baby>	ManualEvaluation	False
?a  <created>  ?b  ?a  <produced>  ?b   => ?a  <directed>  ?b	<Ian_Dalrymple>	<directed>	<Three_Cases_of_Murder>	ManualEvaluation	False
?a  <created>  ?b  ?a  <produced>  ?b   => ?a  <directed>  ?b	<Vivek_Vaswani>	<directed>	<Dil_Vil_Pyar_Vyar>	ManualEvaluation	False
?a  <created>  ?b  ?a  <produced>  ?b   => ?a  <directed>  ?b	<Dean_Koontz>	<directed>	<Sole_Survivor_(2000_film)>	ManualEvaluation	False
?a  <created>  ?b  ?a  <produced>  ?b   => ?a  <directed>  ?b	<Dan_Aykroyd>	<directed>	<The_Blues_Brothers_(film_series)>	ManualEvaluation	False
?a  <created>  ?b  ?a  <produced>  ?b   => ?a  <directed>  ?b	<David_Giler>	<directed>	<Aliens_(film)>	ManualEvaluation	False
?a  <created>  ?b  ?a  <produced>  ?b   => ?a  <directed>  ?b	<Cornelia_Funke>	<directed>	<Inkheart_(film)>	ManualEvaluation	False
?a  <created>  ?b  ?a  <produced>  ?b   => ?a  <directed>  ?b	<Benjamin_Glazer>	<directed>	<She_Loves_Me_Not_(1934_film)>	ManualEvaluation	False
?a  <created>  ?b  ?a  <produced>  ?b   => ?a  <directed>  ?b	<Hal_Roach>	<directed>	<Grandma's_Boy_(1922_film)>	ManualEvaluation	False
?a  <created>  ?b  ?a  <produced>  ?b   => ?a  <directed>  ?b	<Harry_Alan_Towers>	<directed>	<Ten_Little_Indians_(1965_film)>	ManualEvaluation	False
?a  <created>  ?b  ?a  <produced>  ?b   => ?a  <directed>  ?b	<Yuvan_Shankar_Raja>	<directed>	<Dheena>	ManualEvaluation	False
?a  <created>  ?b  ?a  <produced>  ?b   => ?a  <directed>  ?b	<Tom_Brady_(film_director)>	<directed>	<The_Animal>	ManualEvaluation	False
?a  <created>  ?b  ?a  <produced>  ?b   => ?a  <directed>  ?b	<The_Edge>	<directed>	<Captive_(soundtrack)>	ManualEvaluation	False
?a  <created>  ?b  ?a  <produced>  ?b   => ?a  <directed>  ?b	<Luc_Besson>	<directed>	<Kiss_of_the_Dragon>	ManualEvaluation	False
?a  <created>  ?b  ?a  <produced>  ?b   => ?a  <directed>  ?b	<Yuvan_Shankar_Raja>	<directed>	<Manadhai_Thirudivittai>	ManualEvaluation	False
?a  <created>  ?b  ?a  <produced>  ?b   => ?a  <directed>  ?b	<Shinobu_Hashimoto>	<directed>	<Castle_of_Sand>	ManualEvaluation	False
?a  <created>  ?b  ?a  <produced>  ?b   => ?a  <directed>  ?b	<Yuvan_Shankar_Raja>	<directed>	<Rishi_(film)>	ManualEvaluation	False
?a  <created>  ?b  ?a  <produced>  ?b   => ?a  <directed>  ?b	<Yanni>	<directed>	<Tribute_(Yanni_album)>	ManualEvaluation	False
?a  <created>  ?b  ?a  <produced>  ?b   => ?a  <directed>  ?b	<Michael_Nyman>	<directed>	<The_Cold_Room>	ManualEvaluation	False
?a  <created>  ?b  ?a  <produced>  ?b   => ?a  <directed>  ?b	<Fred_Ladd>	<directed>	<Pinocchio_in_Outer_Space>	ManualEvaluation	False
?a  <created>  ?b  ?a  <produced>  ?b   => ?a  <directed>  ?b	<James_Schamus>	<directed>	<The_Ice_Storm_(film)>	ManualEvaluation	False
?a  <created>  ?b  ?a  <produced>  ?b   => ?a  <directed>  ?b	<Adam_Sandler>	<directed>	<Just_Go_With_It>	ManualEvaluation	False
?a  <created>  ?b  ?a  <produced>  ?b   => ?a  <directed>  ?b	<Hal_Roach>	<directed>	<Leave_'Em_Laughing>	ManualEvaluation	False
?a  <created>  ?b  ?a  <produced>  ?b   => ?a  <directed>  ?b	<Yuvan_Shankar_Raja>	<directed>	<Satham_Podathey>	ManualEvaluation	False
?a  <created>  ?b  ?a  <produced>  ?b   => ?a  <directed>  ?b	<Yuvan_Shankar_Raja>	<directed>	<Aadavari_Matalaku_Ardhalu_Verule>	ManualEvaluation	False
?a  <created>  ?b  ?a  <produced>  ?b   => ?a  <directed>  ?b	<Christopher_Pike_(author)>	<directed>	<Fall_Into_Darkness>	ManualEvaluation	False
?a  <created>  ?b  ?a  <produced>  ?b   => ?a  <directed>  ?b	<Piero_Regnoli>	<directed>	<It's_Never_Too_Late_(1953_film)>	ManualEvaluation	False
?a  <created>  ?b  ?a  <produced>  ?b   => ?a  <directed>  ?b	<Harry_Nilsson>	<directed>	<Son_of_Dracula_(1974_film)>	ManualEvaluation	False
?a  <wasBornIn>  ?c  ?c  <isLocatedIn>  ?b   => ?a  <isCitizenOf>  ?b	<Tobias_Stephan>	<isCitizenOf>	<Kloten>	ManualEvaluation	False
?a  <wasBornIn>  ?c  ?c  <isLocatedIn>  ?b   => ?a  <isCitizenOf>  ?b	<Eugie_Foster>	<isCitizenOf>	<Illinois>	ManualEvaluation	False
?a  <wasBornIn>  ?c  ?c  <isLocatedIn>  ?b   => ?a  <isCitizenOf>  ?b	<Ron_Thornburgh>	<isCitizenOf>	<Kansas>	ManualEvaluation	False
?a  <wasBornIn>  ?c  ?c  <isLocatedIn>  ?b   => ?a  <isCitizenOf>  ?b	<Fiona_Hutchison>	<isCitizenOf>	<Miami-Dade_County,_Florida>	ManualEvaluation	False
?a  <wasBornIn>  ?c  ?c  <isLocatedIn>  ?b   => ?a  <isCitizenOf>  ?b	<Thomas_Baker_(Medal_of_Honor)>	<isCitizenOf>	<New_York>	ManualEvaluation	False
?a  <wasBornIn>  ?c  ?c  <isLocatedIn>  ?b   => ?a  <isCitizenOf>  ?b	<Bill_Neilson>	<isCitizenOf>	<Tasmania>	ManualEvaluation	False
?a  <wasBornIn>  ?c  ?c  <isLocatedIn>  ?b   => ?a  <isCitizenOf>  ?b	<Victor_Lanoux>	<isCitizenOf>	<geoent_RÃ©gion_Ãle-de-France_3012874>	ManualEvaluation	False
?a  <wasBornIn>  ?c  ?c  <isLocatedIn>  ?b   => ?a  <isCitizenOf>  ?b	<Dick_Goddard>	<isCitizenOf>	<Ohio>	ManualEvaluation	False
?a  <wasBornIn>  ?c  ?c  <isLocatedIn>  ?b   => ?a  <isCitizenOf>  ?b	<Pico_Iyer>	<isCitizenOf>	<South_East_England>	ManualEvaluation	False
?a  <wasBornIn>  ?c  ?c  <isLocatedIn>  ?b   => ?a  <isCitizenOf>  ?b	<Nire_Kagenori>	<isCitizenOf>	<Kagoshima_Prefecture>	ManualEvaluation	False
?a  <wasBornIn>  ?c  ?c  <isLocatedIn>  ?b   => ?a  <isCitizenOf>  ?b	<Thelma_Harper_(politician)>	<isCitizenOf>	<Tennessee>	ManualEvaluation	False
?a  <wasBornIn>  ?c  ?c  <isLocatedIn>  ?b   => ?a  <isCitizenOf>  ?b	<John_Dennis_(California_politician)>	<isCitizenOf>	<New_Jersey>	ManualEvaluation	False
?a  <wasBornIn>  ?c  ?c  <isLocatedIn>  ?b   => ?a  <isCitizenOf>  ?b	<Jacopo_Riccati>	<isCitizenOf>	<Venetian_Lagoon>	ManualEvaluation	False
?a  <wasBornIn>  ?c  ?c  <isLocatedIn>  ?b   => ?a  <isCitizenOf>  ?b	<Art_Crews>	<isCitizenOf>	<Kansas>	ManualEvaluation	False
?a  <wasBornIn>  ?c  ?c  <isLocatedIn>  ?b   => ?a  <isCitizenOf>  ?b	<Craig_Shoemaker>	<isCitizenOf>	<Pennsylvania>	ManualEvaluation	False
?a  <wasBornIn>  ?c  ?c  <isLocatedIn>  ?b   => ?a  <isCitizenOf>  ?b	<Pope_Benedict_V>	<isCitizenOf>	<Ciampino>	ManualEvaluation	False
?a  <wasBornIn>  ?c  ?c  <isLocatedIn>  ?b   => ?a  <isCitizenOf>  ?b	<Chris_Karamesines>	<isCitizenOf>	<Illinois>	ManualEvaluation	False
?a  <wasBornIn>  ?c  ?c  <isLocatedIn>  ?b   => ?a  <isCitizenOf>  ?b	<Wei_Wei_(singer)>	<isCitizenOf>	<Inner_Mongolia>	ManualEvaluation	False
?a  <wasBornIn>  ?c  ?c  <isLocatedIn>  ?b   => ?a  <isCitizenOf>  ?b	<Clark_V._Poling>	<isCitizenOf>	<Ohio>	ManualEvaluation	False
?a  <wasBornIn>  ?c  ?c  <isLocatedIn>  ?b   => ?a  <isCitizenOf>  ?b	<Yoshisuke_Aikawa>	<isCitizenOf>	<Yamaguchi_Prefecture>	ManualEvaluation	False
?a  <wasBornIn>  ?c  ?c  <isLocatedIn>  ?b   => ?a  <isCitizenOf>  ?b	<Kade_Munday>	<isCitizenOf>	<Tasmania>	ManualEvaluation	False
?a  <wasBornIn>  ?c  ?c  <isLocatedIn>  ?b   => ?a  <isCitizenOf>  ?b	<Margot_James>	<isCitizenOf>	<West_Midlands_(region)>	ManualEvaluation	False
?a  <wasBornIn>  ?c  ?c  <isLocatedIn>  ?b   => ?a  <isPoliticianOf>  ?b	<Murder_of_Lindsay_Hawker>	<isPoliticianOf>	<West_Midlands_(region)>	ManualEvaluation	False
?a  <wasBornIn>  ?c  ?c  <isLocatedIn>  ?b   => ?a  <isPoliticianOf>  ?b	<Lu_Guanqiu>	<isPoliticianOf>	<Zhejiang>	ManualEvaluation	False
?a  <wasBornIn>  ?c  ?c  <isLocatedIn>  ?b   => ?a  <isPoliticianOf>  ?b	<Stina_Berg>	<isPoliticianOf>	<Sweden>	ManualEvaluation	False
?a  <wasBornIn>  ?c  ?c  <isLocatedIn>  ?b   => ?a  <isPoliticianOf>  ?b	<Wolfgang_Reinhardt_(producer)>	<isPoliticianOf>	<Germany>	ManualEvaluation	False
?a  <wasBornIn>  ?c  ?c  <isLocatedIn>  ?b   => ?a  <isPoliticianOf>  ?b	<Atholl_Fleming>	<isPoliticianOf>	<United_Kingdom>	ManualEvaluation	False
?a  <wasBornIn>  ?c  ?c  <isLocatedIn>  ?b   => ?a  <isPoliticianOf>  ?b	<Inger_Klint>	<isPoliticianOf>	<Denmark>	ManualEvaluation	False
?a  <wasBornIn>  ?c  ?c  <isLocatedIn>  ?b   => ?a  <isPoliticianOf>  ?b	<Mark_Ring>	<isPoliticianOf>	<United_Kingdom>	ManualEvaluation	False
?a  <wasBornIn>  ?c  ?c  <isLocatedIn>  ?b   => ?a  <isPoliticianOf>  ?b	<Li_Ju>	<isPoliticianOf>	<Jiangsu>	ManualEvaluation	False
?a  <wasBornIn>  ?c  ?c  <isLocatedIn>  ?b   => ?a  <isPoliticianOf>  ?b	<Matthew_Hall_(boxer)>	<isPoliticianOf>	<North_West_England>	ManualEvaluation	False
?a  <wasBornIn>  ?c  ?c  <isLocatedIn>  ?b   => ?a  <isPoliticianOf>  ?b	<TomÃ¡s_Blanco_(actor)>	<isPoliticianOf>	<Spain>	ManualEvaluation	False
?a  <wasBornIn>  ?c  ?c  <isLocatedIn>  ?b   => ?a  <isPoliticianOf>  ?b	<BÃ©la_MarkÃ³>	<isPoliticianOf>	<Romania>	ManualEvaluation	Unknown
?a  <wasBornIn>  ?c  ?c  <isLocatedIn>  ?b   => ?a  <isPoliticianOf>  ?b	<Marie-Alphonsine_Danil_Ghattas>	<isPoliticianOf>	<Israel>	ManualEvaluation	False
?c  <isLocatedIn>  ?b  ?a  <isLocatedIn>  ?c   => ?a  <isCitizenOf>  ?b	<BoÃler>	<isCitizenOf>	<geoent_Federal_Republic_of_Germany_2921044>	ManualEvaluation	Unknown
?c  <isLocatedIn>  ?b  ?a  <isLocatedIn>  ?c   => ?a  <isCitizenOf>  ?b	<Zwiefalter_Aach>	<isCitizenOf>	<geoent_Federal_Republic_of_Germany_2921044>	ManualEvaluation	False
?c  <isLocatedIn>  ?b  ?a  <isLocatedIn>  ?c   => ?a  <isCitizenOf>  ?b	<Matheson_House_(Gainesville,_Florida)>	<isCitizenOf>	<Alachua_County,_Florida>	ManualEvaluation	False
?c  <isLocatedIn>  ?b  ?a  <isLocatedIn>  ?c   => ?a  <isCitizenOf>  ?b	<Calfee_Park>	<isCitizenOf>	<Virginia>	ManualEvaluation	False
?c  <isLocatedIn>  ?b  ?a  <isLocatedIn>  ?c   => ?a  <isCitizenOf>  ?b	<Katrina_Devine>	<isCitizenOf>	<geoent_United_Kingdom_of_Great_Britain_and_Northern_Ireland_2635167>	ManualEvaluation	True
?c  <isLocatedIn>  ?b  ?a  <isLocatedIn>  ?c   => ?a  <isCitizenOf>  ?b	<Burry_Port>	<isCitizenOf>	<geoent_Wales_2634895>	ManualEvaluation	False
?c  <isLocatedIn>  ?b  ?a  <isLocatedIn>  ?c   => ?a  <isCitizenOf>  ?b	<Ikkicon>	<isCitizenOf>	<Camp_Mabry>	ManualEvaluation	False
?c  <isLocatedIn>  ?b  ?a  <isLocatedIn>  ?c   => ?a  <isCitizenOf>  ?b	<Wayside_Folk_Museum>	<isCitizenOf>	<Isles_of_Scilly>	ManualEvaluation	False
?c  <isLocatedIn>  ?b  ?a  <isLocatedIn>  ?c   => ?a  <isCitizenOf>  ?b	<Oswego_Theater>	<isCitizenOf>	<New_York>	ManualEvaluation	False
?c  <isLocatedIn>  ?b  ?a  <isLocatedIn>  ?c   => ?a  <isCitizenOf>  ?b	<RAF_East_Wretham>	<isCitizenOf>	<Norfolk>	ManualEvaluation	False
?c  <isLocatedIn>  ?b  ?a  <isLocatedIn>  ?c   => ?a  <isCitizenOf>  ?b	<James_Dunn_(actor)>	<isCitizenOf>	<New_York>	ManualEvaluation	False
?c  <isLocatedIn>  ?b  ?a  <isLocatedIn>  ?c   => ?a  <isCitizenOf>  ?b	<Old_Deer>	<isCitizenOf>	<geoent_Scotland_2638360>	ManualEvaluation	False
?c  <isLocatedIn>  ?b  ?a  <isLocatedIn>  ?c   => ?a  <isCitizenOf>  ?b	<Volanice>	<isCitizenOf>	<geoent_Europe_6255148>	ManualEvaluation	False
?c  <isLocatedIn>  ?b  ?a  <isLocatedIn>  ?c   => ?a  <isCitizenOf>  ?b	<Nepolisy>	<isCitizenOf>	<geoent_Europe_6255148>	ManualEvaluation	False
?c  <isLocatedIn>  ?b  ?a  <isLocatedIn>  ?c   => ?a  <isCitizenOf>  ?b	<St._Paul's_Evangelical_Lutheran_Church_(Liberty,_New_York)>	<isCitizenOf>	<New_York>	ManualEvaluation	False
?c  <isLocatedIn>  ?b  ?a  <isLocatedIn>  ?c   => ?a  <isCitizenOf>  ?b	<Saron,_Carmarthenshire>	<isCitizenOf>	<geoent_Wales_2634895>	ManualEvaluation	False
?c  <isLocatedIn>  ?b  ?a  <isLocatedIn>  ?c   => ?a  <isCitizenOf>  ?b	<Halfway_River>	<isCitizenOf>	<geoent_Canada_6251999>	ManualEvaluation	False
?c  <isLocatedIn>  ?b  ?a  <isLocatedIn>  ?c   => ?a  <isCitizenOf>  ?b	<Las_Cruces_Sun-News>	<isCitizenOf>	<New_Mexico>	ManualEvaluation	False
?c  <isLocatedIn>  ?b  ?a  <isLocatedIn>  ?c   => ?a  <isCitizenOf>  ?b	<ASUIsTalking>	<isCitizenOf>	<Arizona>	ManualEvaluation	False
?c  <isLocatedIn>  ?b  ?a  <isLocatedIn>  ?c   => ?a  <isCitizenOf>  ?b	<Manor_House_Museum>	<isCitizenOf>	<West_Yorkshire>	ManualEvaluation	False
?c  <isLocatedIn>  ?b  ?a  <isLocatedIn>  ?c   => ?a  <isCitizenOf>  ?b	<Weinbaum_Yeshiva_High_School>	<isCitizenOf>	<Palm_Beach_County,_Florida>	ManualEvaluation	False
?c  <isLocatedIn>  ?b  ?a  <isLocatedIn>  ?c   => ?a  <isCitizenOf>  ?b	<RAF_Leeming>	<isCitizenOf>	<North_Yorkshire>	ManualEvaluation	False
?c  <isLocatedIn>  ?b  ?a  <isLocatedIn>  ?c   => ?a  <isCitizenOf>  ?b	<Gaijinworks>	<isCitizenOf>	<California>	ManualEvaluation	False
?a  <isCitizenOf>  ?b   => ?a  <livesIn>  ?b	<Adrian_Archibald>	<livesIn>	<Northern_Ireland>	ManualEvaluation	True
?a  <isCitizenOf>  ?b   => ?a  <livesIn>  ?b	<Mirza_Salaamat_Ali_Dabeer>	<livesIn>	<India>	ManualEvaluation	True
?a  <isCitizenOf>  ?b   => ?a  <livesIn>  ?b	<Manoli_Olympitis>	<livesIn>	<United_Kingdom>	ManualEvaluation	True
?a  <isCitizenOf>  ?b   => ?a  <livesIn>  ?b	<Annette_Brooke>	<livesIn>	<United_Kingdom>	ManualEvaluation	True
?a  <isCitizenOf>  ?b   => ?a  <livesIn>  ?b	<Edmund_Capon>	<livesIn>	<United_Kingdom>	ManualEvaluation	True
?a  <isCitizenOf>  ?b   => ?a  <livesIn>  ?b	<Harry_Everts>	<livesIn>	<Belgium>	ManualEvaluation	True
?a  <isCitizenOf>  ?b   => ?a  <livesIn>  ?b	<Akhtar_ul_Iman>	<livesIn>	<India>	ManualEvaluation	True
?a  <isCitizenOf>  ?b   => ?a  <livesIn>  ?b	<Mordecai_Ardon>	<livesIn>	<Israel>	ManualEvaluation	True
?a  <isCitizenOf>  ?b   => ?a  <livesIn>  ?b	<Rafi_Muhammad_Chaudhry>	<livesIn>	<Pakistan>	ManualEvaluation	True
?a  <isCitizenOf>  ?b   => ?a  <livesIn>  ?b	<Richard_Oram>	<livesIn>	<United_Kingdom>	ManualEvaluation	True
?a  <isCitizenOf>  ?b   => ?a  <livesIn>  ?b	<Meg_Munn>	<livesIn>	<United_Kingdom>	ManualEvaluation	True
?a  <isCitizenOf>  ?b   => ?a  <livesIn>  ?b	<John_Gunnell>	<livesIn>	<United_Kingdom>	ManualEvaluation	True
?a  <isCitizenOf>  ?b   => ?a  <livesIn>  ?b	<Kousuke_Akiyoshi>	<livesIn>	<Japan>	ManualEvaluation	True
?a  <isCitizenOf>  ?b   => ?a  <livesIn>  ?b	<John_Holt_(author)>	<livesIn>	<England>	ManualEvaluation	True
?a  <isCitizenOf>  ?b   => ?a  <livesIn>  ?b	<Grant_Haskin>	<livesIn>	<South_Africa>	ManualEvaluation	True
?a  <isCitizenOf>  ?b   => ?a  <livesIn>  ?b	<R._Muthiah>	<livesIn>	<India>	ManualEvaluation	True
?a  <isCitizenOf>  ?b   => ?a  <livesIn>  ?b	<Adolf_Waldinger>	<livesIn>	<Croatia>	ManualEvaluation	True
?a  <isCitizenOf>  ?b   => ?a  <livesIn>  ?b	<Dave_Stone>	<livesIn>	<United_Kingdom>	ManualEvaluation	True
?a  <isCitizenOf>  ?b   => ?a  <livesIn>  ?b	<Joseph_Parecattil>	<livesIn>	<India>	ManualEvaluation	True
?a  <isCitizenOf>  ?b   => ?a  <livesIn>  ?b	<Paul_Daisley>	<livesIn>	<United_Kingdom>	ManualEvaluation	True
?a  <isCitizenOf>  ?b   => ?a  <livesIn>  ?b	<John_Gabriel_Stedman>	<livesIn>	<Netherlands>	ManualEvaluation	True
?a  <isCitizenOf>  ?b   => ?a  <livesIn>  ?b	<Santiago_Herrero>	<livesIn>	<Spain>	ManualEvaluation	True
?a  <isCitizenOf>  ?b   => ?a  <livesIn>  ?b	<Arthur_Wynn>	<livesIn>	<United_Kingdom>	ManualEvaluation	True
?a  <isCitizenOf>  ?b   => ?a  <livesIn>  ?b	<Tanel_Leok>	<livesIn>	<Estonia>	ManualEvaluation	Unknown
?a  <isCitizenOf>  ?b   => ?a  <livesIn>  ?b	<Gordon_Campbell_(Canadian_politician)>	<livesIn>	<Canada>	ManualEvaluation	True
?a  <isCitizenOf>  ?b   => ?a  <livesIn>  ?b	<Bruno_Spaggiari>	<livesIn>	<Italy>	ManualEvaluation	True
?a  <isCitizenOf>  ?b   => ?a  <livesIn>  ?b	<Ekaterina_Vaganova>	<livesIn>	<Russia>	ManualEvaluation	True
?a  <isCitizenOf>  ?b   => ?a  <livesIn>  ?b	<Paolo_Coloni>	<livesIn>	<Italy>	ManualEvaluation	True
?a  <isCitizenOf>  ?b   => ?a  <livesIn>  ?b	<Ella_McSweeney>	<livesIn>	<Republic_of_Ireland>	ManualEvaluation	True
?a  <isCitizenOf>  ?b   => ?a  <livesIn>  ?b	<Kovvali_Lakshmi_Narasimha_Rao>	<livesIn>	<India>	ManualEvaluation	True
?a  <livesIn>  ?c  ?c  <isLocatedIn>  ?b   => ?a  <isCitizenOf>  ?b	<Matt_Huffman>	<isCitizenOf>	<Ohio>	ManualEvaluation	False
?a  <livesIn>  ?c  ?c  <isLocatedIn>  ?b   => ?a  <isCitizenOf>  ?b	<Greg_Chalmers>	<isCitizenOf>	<Western_Australia>	ManualEvaluation	False
?a  <livesIn>  ?c  ?c  <isLocatedIn>  ?b   => ?a  <isCitizenOf>  ?b	<Eli_M._Saulsbury>	<isCitizenOf>	<Delaware>	ManualEvaluation	False
?a  <livesIn>  ?c  ?c  <isLocatedIn>  ?b   => ?a  <isCitizenOf>  ?b	<Minnie_Caldwell>	<isCitizenOf>	<Derbyshire>	ManualEvaluation	False
?a  <livesIn>  ?c  ?c  <isLocatedIn>  ?b   => ?a  <isCitizenOf>  ?b	<Robert_Tingle>	<isCitizenOf>	<Rhode_Island>	ManualEvaluation	
?a  <livesIn>  ?c  ?c  <isLocatedIn>  ?b   => ?a  <isCitizenOf>  ?b	<John_Charles_Haines>	<isCitizenOf>	<Illinois>	ManualEvaluation	False
?a  <livesIn>  ?c  ?c  <isLocatedIn>  ?b   => ?a  <isCitizenOf>  ?b	<Carlos_Mariani>	<isCitizenOf>	<Minnesota>	ManualEvaluation	False
?a  <livesIn>  ?c  ?c  <isLocatedIn>  ?b   => ?a  <isCitizenOf>  ?b	<Nancy_Karetak-Lindell>	<isCitizenOf>	<geoent_Canada_6251999>	ManualEvaluation	
?a  <livesIn>  ?c  ?c  <isLocatedIn>  ?b   => ?a  <isCitizenOf>  ?b	<Chalene_Johnson>	<isCitizenOf>	<Orange_County,_California>	ManualEvaluation	False
?a  <livesIn>  ?c  ?c  <isLocatedIn>  ?b   => ?a  <isCitizenOf>  ?b	<Chris_Bravacos>	<isCitizenOf>	<Pennsylvania>	ManualEvaluation	False
?a  <livesIn>  ?c  ?c  <isLocatedIn>  ?b   => ?a  <isCitizenOf>  ?b	<Sue_Schafer>	<isCitizenOf>	<Colorado>	ManualEvaluation	False
?a  <livesIn>  ?c  ?c  <isLocatedIn>  ?b   => ?a  <isCitizenOf>  ?b	<Dan_Lipinski>	<isCitizenOf>	<Illinois>	ManualEvaluation	False
?a  <livesIn>  ?c  ?c  <isLocatedIn>  ?b   => ?a  <isCitizenOf>  ?b	<Steve_Lacy_(Runner)>	<isCitizenOf>	<Wisconsin>	ManualEvaluation	False
?a  <livesIn>  ?c  ?c  <isLocatedIn>  ?b   => ?a  <isCitizenOf>  ?b	<Joseph_Griffo>	<isCitizenOf>	<New_York>	ManualEvaluation	False
?a  <livesIn>  ?c  ?c  <isLocatedIn>  ?b   => ?a  <isCitizenOf>  ?b	<John_Magnier>	<isCitizenOf>	<Northern_Europe>	ManualEvaluation	False
?a  <livesIn>  ?c  ?c  <isLocatedIn>  ?b   => ?a  <isCitizenOf>  ?b	<Jon_Woods_(programmer)>	<isCitizenOf>	<Greater_Manchester>	ManualEvaluation	False
?a  <livesIn>  ?c  ?c  <isLocatedIn>  ?b   => ?a  <isCitizenOf>  ?b	<Dirk_Kempthorne>	<isCitizenOf>	<Idaho>	ManualEvaluation	False
?a  <livesIn>  ?c  ?c  <isLocatedIn>  ?b   => ?a  <isCitizenOf>  ?b	<Percy_Grainger>	<isCitizenOf>	<New_York>	ManualEvaluation	False
?a  <livesIn>  ?c  ?c  <isLocatedIn>  ?b   => ?a  <isCitizenOf>  ?b	<Steve_Denton>	<isCitizenOf>	<Texas>	ManualEvaluation	False
?a  <livesIn>  ?c  ?c  <isLocatedIn>  ?b   => ?a  <isCitizenOf>  ?b	<Jay_Goyal>	<isCitizenOf>	<Ohio>	ManualEvaluation	False
?a  <livesIn>  ?c  ?c  <isLocatedIn>  ?b   => ?a  <isCitizenOf>  ?b	<T._C._Russell>	<isCitizenOf>	<Louisiana>	ManualEvaluation	False
?a  <livesIn>  ?c  ?c  <isLocatedIn>  ?b   => ?a  <isCitizenOf>  ?b	<Matthew_Paul_Moyle>	<isCitizenOf>	<Isles_of_Scilly>	ManualEvaluation	False
?a  <livesIn>  ?c  ?c  <isLocatedIn>  ?b   => ?a  <isCitizenOf>  ?b	<Brad_Gilbert>	<isCitizenOf>	<California>	ManualEvaluation	False
?a  <livesIn>  ?c  ?c  <isLocatedIn>  ?b   => ?a  <isCitizenOf>  ?b	<Brent_H._Goodfellow>	<isCitizenOf>	<Utah>	ManualEvaluation	False
?a  <livesIn>  ?c  ?c  <isLocatedIn>  ?b   => ?a  <isCitizenOf>  ?b	<Randy_Hopper>	<isCitizenOf>	<Wisconsin>	ManualEvaluation	False
?a  <livesIn>  ?c  ?c  <isLocatedIn>  ?b   => ?a  <isCitizenOf>  ?b	<David_Senjem>	<isCitizenOf>	<Minnesota>	ManualEvaluation	False
?a  <livesIn>  ?c  ?c  <isLocatedIn>  ?b   => ?a  <isCitizenOf>  ?b	<Dave_Obey>	<isCitizenOf>	<Wisconsin>	ManualEvaluation	False
?a  <livesIn>  ?c  ?c  <isLocatedIn>  ?b   => ?a  <isCitizenOf>  ?b	<Outerbridge_Horsey_(senator)>	<isCitizenOf>	<Sussex_County,_Delaware>	ManualEvaluation	False
?a  <diedIn>  ?c  ?c  <isLocatedIn>  ?b   => ?a  <isCitizenOf>  ?b	<Pope_Honorius_II>	<isCitizenOf>	<Ciampino>	ManualEvaluation	False
?a  <diedIn>  ?c  ?c  <isLocatedIn>  ?b   => ?a  <isCitizenOf>  ?b	<Alfred_Mouton>	<isCitizenOf>	<Louisiana>	ManualEvaluation	False
?a  <diedIn>  ?c  ?c  <isLocatedIn>  ?b   => ?a  <isCitizenOf>  ?b	<William_Harrow>	<isCitizenOf>	<Indiana>	ManualEvaluation	False
?a  <diedIn>  ?c  ?c  <isLocatedIn>  ?b   => ?a  <isCitizenOf>  ?b	<William_Vandever>	<isCitizenOf>	<Ventura_County,_California>	ManualEvaluation	False
?a  <diedIn>  ?c  ?c  <isLocatedIn>  ?b   => ?a  <isCitizenOf>  ?b	<Chen_Gongbo>	<isCitizenOf>	<Jiangsu>	ManualEvaluation	False
?a  <diedIn>  ?c  ?c  <isLocatedIn>  ?b   => ?a  <isCitizenOf>  ?b	<Clifford_Berry>	<isCitizenOf>	<New_York>	ManualEvaluation	False
?a  <diedIn>  ?c  ?c  <isLocatedIn>  ?b   => ?a  <isCitizenOf>  ?b	<Aubrey_W._Young>	<isCitizenOf>	<Louisiana>	ManualEvaluation	False
?a  <diedIn>  ?c  ?c  <isLocatedIn>  ?b   => ?a  <isCitizenOf>  ?b	<Washington_King>	<isCitizenOf>	<Missouri>	ManualEvaluation	False
?a  <diedIn>  ?c  ?c  <isLocatedIn>  ?b   => ?a  <isCitizenOf>  ?b	<Joseph_Asajiro_Satowaki>	<isCitizenOf>	<Nagasaki_Prefecture>	ManualEvaluation	False
?a  <diedIn>  ?c  ?c  <isLocatedIn>  ?b   => ?a  <isCitizenOf>  ?b	<Francis_Fletcher>	<isCitizenOf>	<Oregon>	ManualEvaluation	False
?a  <diedIn>  ?c  ?c  <isLocatedIn>  ?b   => ?a  <isCitizenOf>  ?b	<Ralph_Tyler_Smith>	<isCitizenOf>	<Illinois>	ManualEvaluation	False
?a  <diedIn>  ?c  ?c  <isLocatedIn>  ?b   => ?a  <isCitizenOf>  ?b	<Manuel_Benitez>	<isCitizenOf>	<California>	ManualEvaluation	False
?a  <diedIn>  ?c  ?c  <isLocatedIn>  ?b   => ?a  <isCitizenOf>  ?b	<Winthrop_Rockefeller>	<isCitizenOf>	<Riverside_County,_California>	ManualEvaluation	False
?a  <diedIn>  ?c  ?c  <isLocatedIn>  ?b   => ?a  <isCitizenOf>  ?b	<William_E._Stanley>	<isCitizenOf>	<Kansas>	ManualEvaluation	False
?a  <diedIn>  ?c  ?c  <isLocatedIn>  ?b   => ?a  <isCitizenOf>  ?b	<Alonzo_B._Cornell>	<isCitizenOf>	<New_York>	ManualEvaluation	False
?a  <diedIn>  ?c  ?c  <isLocatedIn>  ?b   => ?a  <isCitizenOf>  ?b	<Franklin_F._Korell>	<isCitizenOf>	<Virginia>	ManualEvaluation	False
?a  <diedIn>  ?c  ?c  <isLocatedIn>  ?b   => ?a  <isCitizenOf>  ?b	<Jules_Bender>	<isCitizenOf>	<Palm_Beach_County,_Florida>	ManualEvaluation	False
?a  <diedIn>  ?c  ?c  <isLocatedIn>  ?b   => ?a  <isCitizenOf>  ?b	<Pierre_Frieden>	<isCitizenOf>	<Kloten>	ManualEvaluation	False
?a  <diedIn>  ?c  ?c  <isLocatedIn>  ?b   => ?a  <isCitizenOf>  ?b	<Choudhary_Rahmat_Ali>	<isCitizenOf>	<East_of_England>	ManualEvaluation	False
?a  <diedIn>  ?c  ?c  <isLocatedIn>  ?b   => ?a  <isCitizenOf>  ?b	<Alida_Valli>	<isCitizenOf>	<Ciampino>	ManualEvaluation	False
?a  <diedIn>  ?c  ?c  <isLocatedIn>  ?b   => ?a  <isCitizenOf>  ?b	<Anthony_Russo_(whistleblower)>	<isCitizenOf>	<Virginia>	ManualEvaluation	False
?a  <diedIn>  ?c  ?c  <isLocatedIn>  ?b   => ?a  <isCitizenOf>  ?b	<Kenneth_McMillan_(actor)>	<isCitizenOf>	<Los_Angeles_County,_California>	ManualEvaluation	False
?a  <actedIn>  ?b  ?a  <created>  ?b   => ?a  <produced>  ?b	<Graham_Stark>	<produced>	<Simon,_Simon>	ManualEvaluation	False
?a  <actedIn>  ?b  ?a  <created>  ?b   => ?a  <produced>  ?b	<Anne_Carlisle>	<produced>	<Liquid_Sky>	ManualEvaluation	False
?a  <actedIn>  ?b  ?a  <created>  ?b   => ?a  <produced>  ?b	<Mario_Almada_(actor)>	<produced>	<Puerto_Maldito>	ManualEvaluation	Unknown
?a  <actedIn>  ?b  ?a  <created>  ?b   => ?a  <produced>  ?b	<Jackie_Chan>	<produced>	<The_Young_Master>	ManualEvaluation	False
?a  <actedIn>  ?b  ?a  <created>  ?b   => ?a  <produced>  ?b	<Rob_Stefaniuk>	<produced>	<Phil_the_Alien>	ManualEvaluation	False
?a  <actedIn>  ?b  ?a  <created>  ?b   => ?a  <produced>  ?b	<Edwin_Neal>	<produced>	<Future-Kill>	ManualEvaluation	False
?a  <actedIn>  ?b  ?a  <created>  ?b   => ?a  <produced>  ?b	<Richard_Harris>	<produced>	<Bloomfield_(film)>	ManualEvaluation	False
?a  <actedIn>  ?b  ?a  <created>  ?b   => ?a  <produced>  ?b	<Harry_Carey_(actor_born_1878)>	<produced>	<Soft_Shoes>	ManualEvaluation	Unknown
?a  <actedIn>  ?b  ?a  <created>  ?b   => ?a  <produced>  ?b	<Vittorio_Gassman>	<produced>	<Alibi_(1969_film)>	ManualEvaluation	False
?a  <actedIn>  ?b  ?a  <created>  ?b   => ?a  <produced>  ?b	<Lon_Chaney,_Sr.>	<produced>	<The_Chimney's_Secret>	ManualEvaluation	Unknown
?a  <actedIn>  ?b  ?a  <created>  ?b   => ?a  <produced>  ?b	<Sreenivasan_(actor)>	<produced>	<Nadodikkattu>	ManualEvaluation	False
?a  <actedIn>  ?b  ?a  <created>  ?b   => ?a  <produced>  ?b	<Tina_Fey>	<produced>	<Mean_Girls>	ManualEvaluation	False
?a  <actedIn>  ?b  ?a  <created>  ?b   => ?a  <produced>  ?b	<Buster_Keaton>	<produced>	<The_Balloonatic>	ManualEvaluation	False
?a  <actedIn>  ?b  ?a  <created>  ?b   => ?a  <produced>  ?b	<Fritz_Kortner>	<produced>	<The_Last_Illusion>	ManualEvaluation	False
?a  <actedIn>  ?b  ?a  <created>  ?b   => ?a  <produced>  ?b	<George_Eastman_(actor)>	<produced>	<Absurd_(film)>	ManualEvaluation	False
?a  <actedIn>  ?b  ?a  <created>  ?b   => ?a  <produced>  ?b	<John_Turturro>	<produced>	<Illuminata_(film)>	ManualEvaluation	Unknown
?a  <actedIn>  ?b  ?a  <created>  ?b   => ?a  <produced>  ?b	<Antara_Mali>	<produced>	<Mr_Ya_Miss>	ManualEvaluation	False
?a  <actedIn>  ?b  ?a  <created>  ?b   => ?a  <produced>  ?b	<Rodney_Dangerfield>	<produced>	<Meet_Wally_Sparks>	ManualEvaluation	False
?a  <actedIn>  ?b  ?a  <created>  ?b   => ?a  <produced>  ?b	<Curly_Howard>	<produced>	<Punch_Drunks>	ManualEvaluation	False
?a  <actedIn>  ?b  ?a  <created>  ?b   => ?a  <produced>  ?b	<Elvis_Presley>	<produced>	<Viva_Las_Vegas>	ManualEvaluation	False
?a  <actedIn>  ?b  ?a  <created>  ?b   => ?a  <produced>  ?b	<Patrick_Bauchau>	<produced>	<La_Collectionneuse>	ManualEvaluation	False
?a  <actedIn>  ?b  ?a  <created>  ?b   => ?a  <produced>  ?b	<Eduardo_De_Filippo>	<produced>	<Non_ti_pago!>	ManualEvaluation	Unknown
?a  <actedIn>  ?b  ?a  <created>  ?b   => ?a  <produced>  ?b	<Roscoe_Arbuckle>	<produced>	<The_Sheriff>	ManualEvaluation	Unknown
?a  <actedIn>  ?b  ?a  <created>  ?b   => ?a  <produced>  ?b	<Steve_Buscemi>	<produced>	<Interview_(2007_film)>	ManualEvaluation	False
?a  <actedIn>  ?b  ?a  <created>  ?b   => ?a  <produced>  ?b	<Salman_Khan>	<produced>	<Veer_(film)>	ManualEvaluation	False
?a  <actedIn>  ?b  ?a  <created>  ?b   => ?a  <produced>  ?b	<Aldo_Fabrizi>	<produced>	<Immigrants_(1948_film)>	ManualEvaluation	Unknown
?a  <actedIn>  ?b  ?a  <created>  ?b   => ?a  <produced>  ?b	<Ravi_Babu>	<produced>	<Amaravathi_(2009_film)>	ManualEvaluation	False
?a  <actedIn>  ?b  ?a  <created>  ?b   => ?a  <produced>  ?b	<Harry_Carey_(actor_born_1878)>	<produced>	<Under_the_Shadow_of_the_Law>	ManualEvaluation	Unknown
?a  <actedIn>  ?b  ?a  <created>  ?b   => ?a  <produced>  ?b	<Jill_Hennessy>	<produced>	<The_Acting_Class>	ManualEvaluation	Unknown
?a  <actedIn>  ?b  ?a  <created>  ?b   => ?a  <produced>  ?b	<Andy_Griffith>	<produced>	<Return_to_Mayberry>	ManualEvaluation	False
?a  <diedIn>  ?b   => ?a  <livesIn>  ?b	<Hazel_Miner>	<livesIn>	<Center,_North_Dakota>	ManualEvaluation	True
?a  <diedIn>  ?b   => ?a  <livesIn>  ?b	<William_E._Stevenson>	<livesIn>	<Parkersburg,_West_Virginia>	ManualEvaluation	True
?a  <diedIn>  ?b   => ?a  <livesIn>  ?b	<Guglielmo_Marconi>	<livesIn>	<Rome>	ManualEvaluation	True
?a  <diedIn>  ?b   => ?a  <livesIn>  ?b	<Prince_Maximilian_of_Saxony_(18701951)>	<livesIn>	<Fribourg>	ManualEvaluation	True
?a  <diedIn>  ?b   => ?a  <livesIn>  ?b	<Rudolf_Kurz>	<livesIn>	<Cuxhaven>	ManualEvaluation	Unknown
?a  <diedIn>  ?b   => ?a  <livesIn>  ?b	<Alva_J._Brasted>	<livesIn>	<Washington,_D.C.>	ManualEvaluation	Unknown
?a  <diedIn>  ?b   => ?a  <livesIn>  ?b	<Victor_Varconi>	<livesIn>	<Santa_Barbara,_California>	ManualEvaluation	Unknown
?a  <diedIn>  ?b   => ?a  <livesIn>  ?b	<Erna_Morena>	<livesIn>	<Munich>	ManualEvaluation	True
?a  <diedIn>  ?b   => ?a  <livesIn>  ?b	<RenÃ©_Havard>	<livesIn>	<Paris>	ManualEvaluation	True
?a  <diedIn>  ?b   => ?a  <livesIn>  ?b	<Farouk_of_Egypt>	<livesIn>	<Rome>	ManualEvaluation	True
?a  <diedIn>  ?b   => ?a  <livesIn>  ?b	<Barney_Stanley>	<livesIn>	<Edmonton>	ManualEvaluation	True
?a  <diedIn>  ?b   => ?a  <livesIn>  ?b	<Mervyn_Middlecoat>	<livesIn>	<Okha,_India>	ManualEvaluation	False
?a  <diedIn>  ?b   => ?a  <livesIn>  ?b	<Howard_Hawks>	<livesIn>	<Palm_Springs,_California>	ManualEvaluation	False
?a  <diedIn>  ?b   => ?a  <livesIn>  ?b	<Robert_Kotei>	<livesIn>	<Accra>	ManualEvaluation	False
?a  <diedIn>  ?b   => ?a  <livesIn>  ?b	<Ambika_Charan_Guha>	<livesIn>	<Kolkata>	ManualEvaluation	True
?a  <diedIn>  ?b   => ?a  <livesIn>  ?b	<Charles,_6th_Prince_of_LÃ¶wenstein-Wertheim-Rosenberg>	<livesIn>	<Cologne>	ManualEvaluation	True
?a  <diedIn>  ?b   => ?a  <livesIn>  ?b	<Kamal-ol-molk>	<livesIn>	<Nishapur>	ManualEvaluation	True
?a  <diedIn>  ?b   => ?a  <livesIn>  ?b	<Parke_S._Rouse,_Jr.>	<livesIn>	<Williamsburg,_Virginia>	ManualEvaluation	True
?a  <diedIn>  ?b   => ?a  <livesIn>  ?b	<Vittoria_della_Rovere>	<livesIn>	<Pisa>	ManualEvaluation	False
?a  <diedIn>  ?b   => ?a  <livesIn>  ?b	<Gloria_Holden>	<livesIn>	<Redlands,_California>	ManualEvaluation	Unknown
?a  <diedIn>  ?b   => ?a  <livesIn>  ?b	<James_Dickey>	<livesIn>	<Columbia,_South_Carolina>	ManualEvaluation	True
?a  <diedIn>  ?b   => ?a  <livesIn>  ?b	<Viktor_Eisymont>	<livesIn>	<Moscow>	ManualEvaluation	Unknown
?a  <diedIn>  ?b   => ?a  <livesIn>  ?b	<Anecy_Rocha>	<livesIn>	<Rio_de_Janeiro>	ManualEvaluation	True
?a  <diedIn>  ?b   => ?a  <livesIn>  ?b	<Doug_Wickenheiser>	<livesIn>	<St._Louis,_Missouri>	ManualEvaluation	True
?a  <diedIn>  ?b   => ?a  <livesIn>  ?b	<Rune_Waldekranz>	<livesIn>	<SÃ¶dertÃ¤lje>	ManualEvaluation	True
?a  <diedIn>  ?b   => ?a  <livesIn>  ?b	<Kenji_Miyazawa>	<livesIn>	<Hanamaki,_Iwate>	ManualEvaluation	True
?a  <diedIn>  ?b   => ?a  <livesIn>  ?b	<Daniel_J._Terra>	<livesIn>	<Washington,_D.C.>	ManualEvaluation	True
?a  <diedIn>  ?b   => ?a  <livesIn>  ?b	<Maximos_V_Hakim>	<livesIn>	<Beirut>	ManualEvaluation	True
?a  <diedIn>  ?b   => ?a  <livesIn>  ?b	<Ricardo_Acevedo_Bernal>	<livesIn>	<Rome>	ManualEvaluation	True
?a  <diedIn>  ?b   => ?a  <livesIn>  ?b	<Mike_Merlo>	<livesIn>	<Chicago>	ManualEvaluation	True
?a  <hasChild>  ?c  ?b  <hasChild>  ?c   => ?a  <isMarriedTo>  ?b	<Edu_Manzano>	<isMarriedTo>	<Ralph_Recto>	ManualEvaluation	False
?a  <hasChild>  ?c  ?b  <hasChild>  ?c   => ?a  <isMarriedTo>  ?b	<Orson_Hodge>	<isMarriedTo>	<Bree_Van_de_Kamp>	ManualEvaluation	True
?a  <hasChild>  ?c  ?b  <hasChild>  ?c   => ?a  <isMarriedTo>  ?b	<Kim_Sullivan_Hughes>	<isMarriedTo>	<Alison_Stewart_(As_the_World_Turns)>	ManualEvaluation	False
?a  <hasChild>  ?c  ?b  <hasChild>  ?c   => ?a  <isMarriedTo>  ?b	<Noah_Drake>	<isMarriedTo>	<Robin_Scorpio>	ManualEvaluation	False
?a  <hasChild>  ?c  ?b  <hasChild>  ?c   => ?a  <isMarriedTo>  ?b	<Henri,_Duke_of_Montpensier>	<isMarriedTo>	<Henriette_Catherine_de_Joyeuse>	ManualEvaluation	True
?a  <hasChild>  ?c  ?b  <hasChild>  ?c   => ?a  <isMarriedTo>  ?b	<Margaret_Thatcher>	<isMarriedTo>	<Premiership_of_Margaret_Thatcher>	ManualEvaluation	False
?a  <hasChild>  ?c  ?b  <hasChild>  ?c   => ?a  <isMarriedTo>  ?b	<Ptolemy_XII_Auletes>	<isMarriedTo>	<Cleopatra_V_of_Egypt>	ManualEvaluation	True
?a  <hasChild>  ?c  ?b  <hasChild>  ?c   => ?a  <isMarriedTo>  ?b	<Marie_Juliette_Louvet>	<isMarriedTo>	<Louis_II,_Prince_of_Monaco>	ManualEvaluation	False
?a  <hasChild>  ?c  ?b  <hasChild>  ?c   => ?a  <isMarriedTo>  ?b	<Janet_Ciccone>	<isMarriedTo>	<Carly_Tenney_Snyder>	ManualEvaluation	False
?a  <hasChild>  ?c  ?b  <hasChild>  ?c   => ?a  <isMarriedTo>  ?b	<Philippe_II,_Duke_of_OrlÃ©ans>	<isMarriedTo>	<Duke_of_OrlÃ©ans>	ManualEvaluation	False
?a  <hasChild>  ?c  ?b  <hasChild>  ?c   => ?a  <isMarriedTo>  ?b	<Sir_Richard_Pole>	<isMarriedTo>	<Margaret_Pole,_8th_Countess_of_Salisbury>	ManualEvaluation	True
?a  <hasChild>  ?c  ?b  <hasChild>  ?c   => ?a  <isMarriedTo>  ?b	<Mickey_Horton>	<isMarriedTo>	<Maggie_Horton>	ManualEvaluation	True
?a  <hasChild>  ?c  ?b  <hasChild>  ?c   => ?a  <isMarriedTo>  ?b	<Charlie_Banks_(One_Life_to_Live)>	<isMarriedTo>	<Jennifer_Rappaport>	ManualEvaluation	False
?a  <hasChild>  ?c  ?b  <hasChild>  ?c   => ?a  <isMarriedTo>  ?b	<Stefano_DiMera>	<isMarriedTo>	<Daphne_DiMera>	ManualEvaluation	True
?a  <hasChild>  ?c  ?b  <hasChild>  ?c   => ?a  <isMarriedTo>  ?b	<Nicole_Coste>	<isMarriedTo>	<Albert_II,_Prince_of_Monaco>	ManualEvaluation	False
?a  <hasChild>  ?c  ?b  <hasChild>  ?c   => ?a  <isMarriedTo>  ?b	<Caroline,_Lady_Worsley>	<isMarriedTo>	<James_Carnegie,_3rd_Duke_of_Fife>	ManualEvaluation	True
?a  <hasChild>  ?c  ?b  <hasChild>  ?c   => ?a  <isMarriedTo>  ?b	<Mary_of_Avesnes>	<isMarriedTo>	<Louis_I,_Duke_of_Bourbon>	ManualEvaluation	True
?a  <hasChild>  ?c  ?b  <hasChild>  ?c   => ?a  <isMarriedTo>  ?b	<Ida_Marie_HonorÃ©>	<isMarriedTo>	<Frederick_Dent_Grant>	ManualEvaluation	True
?a  <hasChild>  ?c  ?b  <hasChild>  ?c   => ?a  <isMarriedTo>  ?b	<James_Hamilton,_1st_Duke_of_Abercorn>	<isMarriedTo>	<Louisa_Hamilton,_Duchess_of_Abercorn>	ManualEvaluation	True
?a  <diedIn>  ?c  ?b  <hasCapital>  ?c   => ?a  <isPoliticianOf>  ?b	<Georges_Painvin>	<isPoliticianOf>	<France>	ManualEvaluation	False
?a  <diedIn>  ?c  ?b  <hasCapital>  ?c   => ?a  <isPoliticianOf>  ?b	<Amilcare_Cipriani>	<isPoliticianOf>	<Bourbon_Restoration>	ManualEvaluation	False
?a  <diedIn>  ?c  ?b  <hasCapital>  ?c   => ?a  <isPoliticianOf>  ?b	<Felix_Graf_von_Bothmer>	<isPoliticianOf>	<Upper_Bavaria>	ManualEvaluation	False
?a  <diedIn>  ?c  ?b  <hasCapital>  ?c   => ?a  <isPoliticianOf>  ?b	<Ãke_SÃ¶derblom>	<isPoliticianOf>	<Gothenburg_Municipality>	ManualEvaluation	Unknown
?a  <diedIn>  ?c  ?b  <hasCapital>  ?c   => ?a  <isPoliticianOf>  ?b	<Gayk_Bzhishkyan>	<isPoliticianOf>	<Tsardom_of_Russia>	ManualEvaluation	False
?a  <diedIn>  ?c  ?b  <hasCapital>  ?c   => ?a  <isPoliticianOf>  ?b	<Ivan_III_of_Russia>	<isPoliticianOf>	<Tsardom_of_Russia>	ManualEvaluation	True
?a  <diedIn>  ?c  ?b  <hasCapital>  ?c   => ?a  <isPoliticianOf>  ?b	<GenzM_Murakami>	<isPoliticianOf>	<Occupation_of_Japan>	ManualEvaluation	False
?a  <diedIn>  ?c  ?b  <hasCapital>  ?c   => ?a  <isPoliticianOf>  ?b	<James_Field_(criminal)>	<isPoliticianOf>	<England>	ManualEvaluation	False
?a  <diedIn>  ?c  ?b  <hasCapital>  ?c   => ?a  <isPoliticianOf>  ?b	<Peng_Dehuai>	<isPoliticianOf>	<People's_Republic_of_China>	ManualEvaluation	True
?a  <diedIn>  ?c  ?b  <hasCapital>  ?c   => ?a  <isPoliticianOf>  ?b	<Isaiah_Berlin_(rabbi)>	<isPoliticianOf>	<Silesia_Province>	ManualEvaluation	False
?a  <diedIn>  ?c  ?b  <hasCapital>  ?c   => ?a  <isPoliticianOf>  ?b	<Ulf_Miehe>	<isPoliticianOf>	<Upper_Bavaria>	ManualEvaluation	False
?a  <diedIn>  ?c  ?b  <hasCapital>  ?c   => ?a  <isPoliticianOf>  ?b	<Denis_Thatcher>	<isPoliticianOf>	<United_Kingdom>	ManualEvaluation	False
?a  <diedIn>  ?c  ?b  <hasCapital>  ?c   => ?a  <isPoliticianOf>  ?b	<Tony_Anholt>	<isPoliticianOf>	<England>	ManualEvaluation	False
?a  <diedIn>  ?c  ?b  <hasCapital>  ?c   => ?a  <isPoliticianOf>  ?b	<Johan_Arnold_Smellekamp>	<isPoliticianOf>	<Orange_Free_State>	ManualEvaluation	True
?a  <diedIn>  ?c  ?b  <hasCapital>  ?c   => ?a  <isPoliticianOf>  ?b	<Gherasim_Rudi>	<isPoliticianOf>	<Moldova>	ManualEvaluation	True
?a  <diedIn>  ?c  ?b  <hasCapital>  ?c   => ?a  <isPoliticianOf>  ?b	<Mavriky_Slepnyov>	<isPoliticianOf>	<Reichskommissariat_Moskowien>	ManualEvaluation	False
?a  <diedIn>  ?c  ?b  <hasCapital>  ?c   => ?a  <isPoliticianOf>  ?b	<Polina_Zhemchuzhina>	<isPoliticianOf>	<Tsardom_of_Russia>	ManualEvaluation	True
?a  <diedIn>  ?c  ?b  <hasCapital>  ?c   => ?a  <isPoliticianOf>  ?b	<Henny_Porten>	<isPoliticianOf>	<Germany>	ManualEvaluation	False
?a  <diedIn>  ?c  ?b  <hasCapital>  ?c   => ?a  <isPoliticianOf>  ?b	<Paul_Dirac>	<isPoliticianOf>	<Florida_Territory>	ManualEvaluation	False
?a  <diedIn>  ?c  ?b  <hasCapital>  ?c   => ?a  <isPoliticianOf>  ?b	<YasujirM_Ozu>	<isPoliticianOf>	<Japan>	ManualEvaluation	False
?a  <diedIn>  ?c  ?b  <hasCapital>  ?c   => ?a  <isPoliticianOf>  ?b	<Stephanie_of_Hohenzollern-Sigmaringen>	<isPoliticianOf>	<Estado_Novo_(Portugal)>	ManualEvaluation	False
?a  <diedIn>  ?c  ?b  <hasCapital>  ?c   => ?a  <isPoliticianOf>  ?b	<Iskander_Mirza>	<isPoliticianOf>	<British_America>	ManualEvaluation	False
?a  <diedIn>  ?c  ?b  <hasCapital>  ?c   => ?a  <isPoliticianOf>  ?b	<Willy_Ronis>	<isPoliticianOf>	<France>	ManualEvaluation	False
?a  <diedIn>  ?c  ?b  <hasCapital>  ?c   => ?a  <isPoliticianOf>  ?b	<Eduard_David>	<isPoliticianOf>	<Germany>	ManualEvaluation	True
?a  <diedIn>  ?c  ?b  <hasCapital>  ?c   => ?a  <isPoliticianOf>  ?b	<Bernt_StrÃ¶m>	<isPoliticianOf>	<LuleÃ¥_Municipality>	ManualEvaluation	False
?a  <diedIn>  ?c  ?b  <hasCapital>  ?c   => ?a  <isPoliticianOf>  ?b	<Emanuel_Gregers>	<isPoliticianOf>	<Denmark>	ManualEvaluation	False
?a  <diedIn>  ?c  ?b  <hasCapital>  ?c   => ?a  <isPoliticianOf>  ?b	<Vladimir_Tributs>	<isPoliticianOf>	<Soviet_Union>	ManualEvaluation	False
?a  <diedIn>  ?c  ?b  <hasCapital>  ?c   => ?a  <isPoliticianOf>  ?b	<George_Wellesley>	<isPoliticianOf>	<British_America>	ManualEvaluation	False
?a  <diedIn>  ?c  ?b  <hasCapital>  ?c   => ?a  <isPoliticianOf>  ?b	<Evert_Hingst>	<isPoliticianOf>	<United_Kingdom_of_the_Netherlands>	ManualEvaluation	False
?a  <diedIn>  ?c  ?b  <hasCapital>  ?c   => ?a  <isPoliticianOf>  ?b	<TeÃ³filo_Braga>	<isPoliticianOf>	<Ditadura_Nacional>	ManualEvaluation	False
?c  <hasAcademicAdvisor>  ?a  ?c  <graduatedFrom>  ?b   => ?a  <worksAt>  ?b	<Sidney_Coleman>	<worksAt>	<Hampshire_College>	ManualEvaluation	False
?c  <hasAcademicAdvisor>  ?a  ?c  <graduatedFrom>  ?b   => ?a  <worksAt>  ?b	<Ernst_G._Straus>	<worksAt>	<University_of_Tsukuba>	ManualEvaluation	False
?a  <diedIn>  ?c  ?c  <isLocatedIn>  ?b   => ?a  <livesIn>  ?b	<Frans-Andries_Durlet>	<livesIn>	<Belgium>	ManualEvaluation	True
?a  <diedIn>  ?c  ?c  <isLocatedIn>  ?b   => ?a  <livesIn>  ?b	<Prince_Ferdinand_Pius,_Duke_of_Calabria>	<livesIn>	<Germany>	ManualEvaluation	True
?a  <diedIn>  ?c  ?c  <isLocatedIn>  ?b   => ?a  <livesIn>  ?b	<Karl-Heinz_Jaeger>	<livesIn>	<North_Rhine-Westphalia>	ManualEvaluation	True
?a  <diedIn>  ?c  ?c  <isLocatedIn>  ?b   => ?a  <livesIn>  ?b	<James_FitzGibbon>	<livesIn>	<United_Kingdom>	ManualEvaluation	True
?a  <diedIn>  ?c  ?c  <isLocatedIn>  ?b   => ?a  <livesIn>  ?b	<Elisabeth_Bergner>	<livesIn>	<United_Kingdom>	ManualEvaluation	True
?a  <diedIn>  ?c  ?c  <isLocatedIn>  ?b   => ?a  <livesIn>  ?b	<Hannibal_Boone>	<livesIn>	<Texas>	ManualEvaluation	True
?a  <diedIn>  ?c  ?c  <isLocatedIn>  ?b   => ?a  <livesIn>  ?b	<Edward_Wightman>	<livesIn>	<Staffordshire>	ManualEvaluation	True
?a  <diedIn>  ?c  ?c  <isLocatedIn>  ?b   => ?a  <livesIn>  ?b	<Phelan_Beale,_Jr.>	<livesIn>	<Oklahoma>	ManualEvaluation	True
?a  <diedIn>  ?c  ?c  <isLocatedIn>  ?b   => ?a  <livesIn>  ?b	<Japie_Louw>	<livesIn>	<South_Africa>	ManualEvaluation	True
?a  <diedIn>  ?c  ?c  <isLocatedIn>  ?b   => ?a  <livesIn>  ?b	<Carel_Hendrik_Ver_Huell>	<livesIn>	<geoent_RÃ©gion_Ãle-de-France_3012874>	ManualEvaluation	True
?a  <diedIn>  ?c  ?c  <isLocatedIn>  ?b   => ?a  <livesIn>  ?b	<Beriah_Magoffin>	<livesIn>	<Kentucky>	ManualEvaluation	True
?a  <diedIn>  ?c  ?c  <isLocatedIn>  ?b   => ?a  <livesIn>  ?b	<Frederic_Calland_Williams>	<livesIn>	<North_West_England>	ManualEvaluation	True
?a  <diedIn>  ?c  ?c  <isLocatedIn>  ?b   => ?a  <livesIn>  ?b	<Dorothea_Dix>	<livesIn>	<New_Jersey>	ManualEvaluation	True
?a  <diedIn>  ?c  ?c  <isLocatedIn>  ?b   => ?a  <livesIn>  ?b	<Kurt_Mendelssohn>	<livesIn>	<South_East_England>	ManualEvaluation	True
?a  <diedIn>  ?c  ?c  <isLocatedIn>  ?b   => ?a  <livesIn>  ?b	<Prentiss_M._Brown>	<livesIn>	<Michigan>	ManualEvaluation	True
?a  <diedIn>  ?c  ?c  <isLocatedIn>  ?b   => ?a  <livesIn>  ?b	<Patricia_Dunn_(actress)>	<livesIn>	<New_York>	ManualEvaluation	True
?a  <diedIn>  ?c  ?c  <isLocatedIn>  ?b   => ?a  <livesIn>  ?b	<Thomas_Barker_(painter)>	<livesIn>	<Somerset>	ManualEvaluation	True
?a  <diedIn>  ?c  ?c  <isLocatedIn>  ?b   => ?a  <livesIn>  ?b	<Nilde_Iotti>	<livesIn>	<Ciampino>	ManualEvaluation	True
?a  <diedIn>  ?c  ?c  <isLocatedIn>  ?b   => ?a  <livesIn>  ?b	<Maniam_Moorthy>	<livesIn>	<Malaysia>	ManualEvaluation	True
?a  <diedIn>  ?c  ?c  <isLocatedIn>  ?b   => ?a  <livesIn>  ?b	<Jerry_Elliott>	<livesIn>	<Kansas>	ManualEvaluation	True
?a  <diedIn>  ?c  ?c  <isLocatedIn>  ?b   => ?a  <livesIn>  ?b	<Peter_Sellers>	<livesIn>	<United_Kingdom>	ManualEvaluation	True
?a  <diedIn>  ?c  ?c  <isLocatedIn>  ?b   => ?a  <livesIn>  ?b	<Dmitry_Maevsky>	<livesIn>	<Russia>	ManualEvaluation	True
?a  <diedIn>  ?c  ?c  <isLocatedIn>  ?b   => ?a  <livesIn>  ?b	<Antonio_Gonzalez>	<livesIn>	<Nagasaki_Prefecture>	ManualEvaluation	True
?a  <diedIn>  ?c  ?c  <isLocatedIn>  ?b   => ?a  <livesIn>  ?b	<Desiderius_Erasmus>	<livesIn>	<Switzerland>	ManualEvaluation	True
?a  <diedIn>  ?c  ?c  <isLocatedIn>  ?b   => ?a  <livesIn>  ?b	<Nevada_Stoody_Hayes>	<livesIn>	<Hillsborough_County,_Florida>	ManualEvaluation	True
?a  <diedIn>  ?c  ?c  <isLocatedIn>  ?b   => ?a  <livesIn>  ?b	<Leonard_Barr>	<livesIn>	<Los_Angeles_County,_California>	ManualEvaluation	Unknown
?a  <diedIn>  ?c  ?c  <isLocatedIn>  ?b   => ?a  <livesIn>  ?b	<E._Power_Biggs>	<livesIn>	<Middlesex_County,_Massachusetts>	ManualEvaluation	True
?a  <diedIn>  ?c  ?c  <isLocatedIn>  ?b   => ?a  <livesIn>  ?b	<Bryant_Butler_Brooks>	<livesIn>	<Wyoming>	ManualEvaluation	True
?a  <diedIn>  ?c  ?c  <isLocatedIn>  ?b   => ?a  <livesIn>  ?b	<Jack_Hulbert>	<livesIn>	<United_Kingdom>	ManualEvaluation	True
?a  <diedIn>  ?c  ?c  <isLocatedIn>  ?b   => ?a  <livesIn>  ?b	<Frank_B._Jewett>	<livesIn>	<New_Jersey>	ManualEvaluation	True
?a  <isCitizenOf>  ?c  ?c  <hasCapital>  ?b   => ?a  <diedIn>  ?b	<SÃ¡ndor_Festetics>	<diedIn>	<Budapest>	ManualEvaluation	False
?a  <created>  ?b   => ?a  <isKnownFor>  ?b	<Sony_Computer_Entertainment>	<isKnownFor>	<EGO_(game_engine)>	ManualEvaluation	
?a  <created>  ?b   => ?a  <isKnownFor>  ?b	<Tony_Barwick>	<isKnownFor>	<Flight_104>	ManualEvaluation	
?a  <created>  ?b   => ?a  <isKnownFor>  ?b	<Mercedes_Lackey>	<isKnownFor>	<The_Black_Swan_(Lackey_novel)>	ManualEvaluation	
?a  <created>  ?b   => ?a  <isKnownFor>  ?b	<The_Rapture_(band)>	<isKnownFor>	<Mirror_(The_Rapture_album)>	ManualEvaluation	
?a  <created>  ?b   => ?a  <isKnownFor>  ?b	<Oprah_Winfrey>	<isKnownFor>	<Oprah_After_the_Show>	ManualEvaluation	
?a  <created>  ?b   => ?a  <isKnownFor>  ?b	<Martin_Glover>	<isKnownFor>	<Tripping_on_Your_Love>	ManualEvaluation	
?a  <created>  ?b   => ?a  <isKnownFor>  ?b	<Frank_Dux>	<isKnownFor>	<The_Quest_(film)>	ManualEvaluation	
?a  <created>  ?b   => ?a  <isKnownFor>  ?b	<Sam_Lantinga>	<isKnownFor>	<Simple_DirectMedia_Layer>	ManualEvaluation	
?a  <created>  ?b   => ?a  <isKnownFor>  ?b	<Dave_Genn>	<isKnownFor>	<Rico_(song)>	ManualEvaluation	
?a  <created>  ?b   => ?a  <isKnownFor>  ?b	<Karl_Tunberg>	<isKnownFor>	<The_Scarlet_Coat>	ManualEvaluation	
?a  <created>  ?b   => ?a  <isKnownFor>  ?b	<Jackson_Browne>	<isKnownFor>	<For_Everyman_(song)>	ManualEvaluation	
?a  <created>  ?b   => ?a  <isKnownFor>  ?b	<Hoodoo_Gurus>	<isKnownFor>	<Mars_Needs_Guitars!>	ManualEvaluation	
?a  <created>  ?b   => ?a  <isKnownFor>  ?b	<Ian_Gillan>	<isKnownFor>	<Never_Before>	ManualEvaluation	
?a  <created>  ?b   => ?a  <isKnownFor>  ?b	<Jeremy_Kagan>	<isKnownFor>	<Katherine_(film)>	ManualEvaluation	
?a  <created>  ?b   => ?a  <isKnownFor>  ?b	<Ubisoft_Montreal>	<isKnownFor>	<Battles_of_Prince_of_Persia>	ManualEvaluation	
?a  <created>  ?b   => ?a  <isKnownFor>  ?b	<Celldweller>	<isKnownFor>	<Eon_(Celldweller)>	ManualEvaluation	
?a  <created>  ?b   => ?a  <isKnownFor>  ?b	<Carole_King>	<isKnownFor>	<Pleasant_Valley_Sunday>	ManualEvaluation	
?a  <created>  ?b   => ?a  <isKnownFor>  ?b	<Johnny_Marr>	<isKnownFor>	<Shakespeare's_Sister_(song)>	ManualEvaluation	
?a  <created>  ?b   => ?a  <isKnownFor>  ?b	<Chip_Morningstar>	<isKnownFor>	<Habitat_(video_game)>	ManualEvaluation	
?a  <created>  ?b   => ?a  <isKnownFor>  ?b	<The_Donnas>	<isKnownFor>	<Greatest_Hits_Volume_16>	ManualEvaluation	
?a  <created>  ?b   => ?a  <isKnownFor>  ?b	<Scott_Walker_(singer)>	<isKnownFor>	<'Til_the_Band_Comes_In>	ManualEvaluation	
?a  <created>  ?b   => ?a  <isKnownFor>  ?b	<Art_Pepper>	<isKnownFor>	<Art_Pepper_Meets_the_Rhythm_Section>	ManualEvaluation	
?a  <created>  ?b   => ?a  <isKnownFor>  ?b	<Collin_Raye>	<isKnownFor>	<All_I_Can_Be>	ManualEvaluation	
?a  <created>  ?b   => ?a  <isKnownFor>  ?b	<Logical_Design_Works>	<isKnownFor>	<Street_Rod_2>	ManualEvaluation	
?a  <created>  ?b   => ?a  <isKnownFor>  ?b	<Emir_Kusturica>	<isKnownFor>	<Promise_Me_This>	ManualEvaluation	
?a  <created>  ?b   => ?a  <isKnownFor>  ?b	<James_E._Reilly>	<isKnownFor>	<T._C._Russell>	ManualEvaluation	
?a  <created>  ?b   => ?a  <isKnownFor>  ?b	<Linda_Ronstadt>	<isKnownFor>	<When_Will_I_Be_Loved_(song)>	ManualEvaluation	
?a  <created>  ?b   => ?a  <isKnownFor>  ?b	<The_Used>	<isKnownFor>	<Lunacy_Fringe>	ManualEvaluation	
?a  <created>  ?b   => ?a  <isKnownFor>  ?b	<Face_to_Face_(punk_band)>	<isKnownFor>	<Live_(Face_to_Face_album)>	ManualEvaluation	
?a  <created>  ?b   => ?a  <isKnownFor>  ?b	<Terry_Goodkind>	<isKnownFor>	<Confessor_(novel)>	ManualEvaluation	
?a  <created>  ?b  ?a  <directed>  ?b   => ?a  <produced>  ?b	<Tancred_Ibsen>	<produced>	<Struggle_for_Eagle_Peak>	ManualEvaluation	False
?a  <created>  ?b  ?a  <directed>  ?b   => ?a  <produced>  ?b	<Ida_Lupino>	<produced>	<Outrage_(1950_film)>	ManualEvaluation	False
?a  <created>  ?b  ?a  <directed>  ?b   => ?a  <produced>  ?b	<Richard_Shepard>	<produced>	<Mercy_(1995_film)>	ManualEvaluation	False
?a  <created>  ?b  ?a  <directed>  ?b   => ?a  <produced>  ?b	<Claude_Miller>	<produced>	<The_Little_Thief>	ManualEvaluation	Unknown
?a  <created>  ?b  ?a  <directed>  ?b   => ?a  <produced>  ?b	<Manuel_GarcÃ­a_FerrÃ©>	<produced>	<Anteojito_y_Antifaz,_mil_intentos_y_un_invento>	ManualEvaluation	False
?a  <created>  ?b  ?a  <directed>  ?b   => ?a  <produced>  ?b	<Pavel_Lungin>	<produced>	<The_Wedding_(2000_film)>	ManualEvaluation	False
?a  <created>  ?b  ?a  <directed>  ?b   => ?a  <produced>  ?b	<Poj_Arnon>	<produced>	<Bangkok_Love_Story>	ManualEvaluation	Unknown
?a  <created>  ?b  ?a  <directed>  ?b   => ?a  <produced>  ?b	<John_Kent_Harrison>	<produced>	<The_Courageous_Heart_of_Irena_Sendler>	ManualEvaluation	False
?a  <created>  ?b  ?a  <directed>  ?b   => ?a  <produced>  ?b	<Stefan_Schaefer>	<produced>	<Confess_(film)>	ManualEvaluation	False
?a  <created>  ?b  ?a  <directed>  ?b   => ?a  <produced>  ?b	<Alexandr_Hackenschmied>	<produced>	<To_Be_Alive!>	ManualEvaluation	False
?a  <created>  ?b  ?a  <directed>  ?b   => ?a  <produced>  ?b	<Alex_De_Rakoff>	<produced>	<Dead_Man_Running>	ManualEvaluation	False
?a  <created>  ?b  ?a  <directed>  ?b   => ?a  <produced>  ?b	<Kaspar_Rostrup>	<produced>	<Waltzing_Regitze>	ManualEvaluation	False
?a  <created>  ?b  ?a  <directed>  ?b   => ?a  <produced>  ?b	<David_Mamet>	<produced>	<House_of_Games>	ManualEvaluation	False
?a  <created>  ?b  ?a  <directed>  ?b   => ?a  <produced>  ?b	<Sergei_Gerasimov_(film_director)>	<produced>	<And_Quiet_Flows_the_Don_(1958_film)>	ManualEvaluation	Unknown
?a  <created>  ?b  ?a  <directed>  ?b   => ?a  <produced>  ?b	<Rithy_Panh>	<produced>	<Rice_People>	ManualEvaluation	False
?a  <created>  ?b  ?a  <directed>  ?b   => ?a  <produced>  ?b	<Selvaraghavan>	<produced>	<Aayirathil_Oruvan_(2010_film)>	ManualEvaluation	False
?a  <created>  ?b  ?a  <directed>  ?b   => ?a  <produced>  ?b	<Krzysztof_Zanussi>	<produced>	<Spiral_(1978_film)>	ManualEvaluation	Unknown
?a  <created>  ?b  ?a  <directed>  ?b   => ?a  <produced>  ?b	<Puri_Jagannadh>	<produced>	<Neninthe>	ManualEvaluation	False
?a  <created>  ?b  ?a  <directed>  ?b   => ?a  <produced>  ?b	<Asia_Argento>	<produced>	<Scarlet_Diva>	ManualEvaluation	False
?a  <created>  ?b  ?a  <directed>  ?b   => ?a  <produced>  ?b	<Steve_Taylor>	<produced>	<The_Second_Chance>	ManualEvaluation	True
?a  <created>  ?b  ?a  <directed>  ?b   => ?a  <produced>  ?b	<Alexander_Mackendrick>	<produced>	<The_Man_in_the_White_Suit>	ManualEvaluation	False
?a  <created>  ?b  ?a  <directed>  ?b   => ?a  <produced>  ?b	<Charles_Lamont>	<produced>	<The_E-Flat_Man>	ManualEvaluation	False
?a  <created>  ?b  ?a  <directed>  ?b   => ?a  <produced>  ?b	<Ion_Popescu-Gopo>	<produced>	<A_Bomb_Was_Stolen>	ManualEvaluation	Unknown
?a  <created>  ?b  ?a  <directed>  ?b   => ?a  <produced>  ?b	<Robert_Green_Hall>	<produced>	<Laid_to_Rest_(film)>	ManualEvaluation	False
?a  <created>  ?b  ?a  <directed>  ?b   => ?a  <produced>  ?b	<Ulli_Lommel>	<produced>	<The_Green_River_Killer_(film)>	ManualEvaluation	False
?a  <created>  ?b  ?a  <directed>  ?b   => ?a  <produced>  ?b	<Michael_Roesch>	<produced>	<Alone_in_the_Dark_II>	ManualEvaluation	False
?a  <created>  ?b  ?a  <directed>  ?b   => ?a  <produced>  ?b	<Kiyoshi_Kurosawa>	<produced>	<Loft_(2005_film)>	ManualEvaluation	Unknown
?a  <created>  ?b  ?a  <directed>  ?b   => ?a  <produced>  ?b	<Nick_Castle>	<produced>	<The_Boy_Who_Could_Fly>	ManualEvaluation	False
?a  <created>  ?b  ?a  <directed>  ?b   => ?a  <produced>  ?b	<Apichatpong_Weerasethakul>	<produced>	<The_Adventure_of_Iron_Pussy>	ManualEvaluation	Unknown
?a  <created>  ?b  ?a  <directed>  ?b   => ?a  <produced>  ?b	<Luis_Mandoki>	<produced>	<Voces_inocentes>	ManualEvaluation	False
?a  <livesIn>  ?b   => ?a  <isCitizenOf>  ?b	<Marissa_Secundy>	<isCitizenOf>	<Colorado>	ManualEvaluation	False
?a  <livesIn>  ?b   => ?a  <isCitizenOf>  ?b	<John_J._Finnegan>	<isCitizenOf>	<Dorchester,_Boston>	ManualEvaluation	False
?a  <livesIn>  ?b   => ?a  <isCitizenOf>  ?b	<Zheng_Jie>	<isCitizenOf>	<Chengdu>	ManualEvaluation	False
?a  <livesIn>  ?b   => ?a  <isCitizenOf>  ?b	<Richard_Krajicek>	<isCitizenOf>	<Muiderberg>	ManualEvaluation	False
?a  <livesIn>  ?b   => ?a  <isCitizenOf>  ?b	<Cecil_K._Carter,_Jr.>	<isCitizenOf>	<Louisiana>	ManualEvaluation	False
?a  <livesIn>  ?b   => ?a  <isCitizenOf>  ?b	<Walter_W._Bacon>	<isCitizenOf>	<Wilmington,_Delaware>	ManualEvaluation	False
?a  <livesIn>  ?b   => ?a  <isCitizenOf>  ?b	<Teresa_Henry>	<isCitizenOf>	<Missoula,_Montana>	ManualEvaluation	False
?a  <livesIn>  ?b   => ?a  <isCitizenOf>  ?b	<Jill_Bolte_Taylor>	<isCitizenOf>	<Indiana>	ManualEvaluation	False
?a  <livesIn>  ?b   => ?a  <isCitizenOf>  ?b	<Orly_Taitz>	<isCitizenOf>	<Laguna_Niguel,_California>	ManualEvaluation	False
?a  <livesIn>  ?b   => ?a  <isCitizenOf>  ?b	<Thomas_J._Mabry>	<isCitizenOf>	<Clovis,_New_Mexico>	ManualEvaluation	False
?a  <livesIn>  ?b   => ?a  <isCitizenOf>  ?b	<Shelley_Unwin>	<isCitizenOf>	<Peak_District>	ManualEvaluation	False
?a  <livesIn>  ?b   => ?a  <isCitizenOf>  ?b	<Bob_Durgin>	<isCitizenOf>	<Harrisburg,_Pennsylvania>	ManualEvaluation	False
?a  <livesIn>  ?b   => ?a  <isCitizenOf>  ?b	<Petra_Marti>	<isCitizenOf>	<Split_(city)>	ManualEvaluation	False
?a  <livesIn>  ?b   => ?a  <isCitizenOf>  ?b	<Kurt_Zellers>	<isCitizenOf>	<Maple_Grove,_Minnesota>	ManualEvaluation	False
?a  <livesIn>  ?b   => ?a  <isCitizenOf>  ?b	<Don_Pooley>	<isCitizenOf>	<Tucson,_Arizona>	ManualEvaluation	False
?a  <livesIn>  ?b   => ?a  <isCitizenOf>  ?b	<Marco_AurÃ©lio_Garcia>	<isCitizenOf>	<BrasÃ­lia>	ManualEvaluation	False
?a  <livesIn>  ?b   => ?a  <isCitizenOf>  ?b	<Toomas_Vitsut>	<isCitizenOf>	<Tallinn>	ManualEvaluation	False
?a  <livesIn>  ?b   => ?a  <isCitizenOf>  ?b	<Nimmie_Amee>	<isCitizenOf>	<Munchkin_Country>	ManualEvaluation	False
?a  <livesIn>  ?b   => ?a  <isCitizenOf>  ?b	<Don_Svaty>	<isCitizenOf>	<Kansas>	ManualEvaluation	False
?a  <livesIn>  ?b   => ?a  <isCitizenOf>  ?b	<William_Thomson,_1st_Baron_Kelvin>	<isCitizenOf>	<Glasgow>	ManualEvaluation	False
?a  <livesIn>  ?b   => ?a  <isCitizenOf>  ?b	<Paul_Y._Hoskisson>	<isCitizenOf>	<USA>	ManualEvaluation	True
?a  <livesIn>  ?b   => ?a  <isCitizenOf>  ?b	<Alma_Wheeler_Smith>	<isCitizenOf>	<Ypsilanti,_Michigan>	ManualEvaluation	False
?a  <livesIn>  ?b   => ?a  <isCitizenOf>  ?b	<Weldon_B._Heyburn>	<isCitizenOf>	<Wallace,_Idaho>	ManualEvaluation	False
?a  <directed>  ?b   => ?a  <created>  ?b	<Del_Lord>	<created>	<Kansas_City_Kitty>	ManualEvaluation	Unknown
?a  <directed>  ?b   => ?a  <created>  ?b	<Roger_Michell>	<created>	<Changing_Lanes>	ManualEvaluation	False
?a  <directed>  ?b   => ?a  <created>  ?b	<George_Sluizer>	<created>	<Dark_Blood>	ManualEvaluation	False
?a  <directed>  ?b   => ?a  <created>  ?b	<William_Dieterle>	<created>	<Fog_Over_Frisco>	ManualEvaluation	False
?a  <directed>  ?b   => ?a  <created>  ?b	<John_Gilling>	<created>	<The_Reptile>	ManualEvaluation	False
?a  <directed>  ?b   => ?a  <created>  ?b	<Eiji_Tsuburaya>	<created>	<Ultraman_(1967_film)>	ManualEvaluation	False
?a  <directed>  ?b   => ?a  <created>  ?b	<Herbert_Brenon>	<created>	<A_Kiss_for_Cinderella_(film)>	ManualEvaluation	False
?a  <directed>  ?b   => ?a  <created>  ?b	<Mohit_Suri>	<created>	<Zeher>	ManualEvaluation	False
?a  <directed>  ?b   => ?a  <created>  ?b	<TarM_Araki>	<created>	<Sister-in-Law's_Wet_Thighs>	ManualEvaluation	False
?a  <directed>  ?b   => ?a  <created>  ?b	<Stuart_Heisler>	<created>	<Storm_Warning_(1951_film)>	ManualEvaluation	Unknown
?a  <directed>  ?b   => ?a  <created>  ?b	<Roy_William_Neill>	<created>	<The_Pearl_of_Death>	ManualEvaluation	False
?a  <directed>  ?b   => ?a  <created>  ?b	<Robert_De_Niro>	<created>	<A_Bronx_Tale>	ManualEvaluation	False
?a  <directed>  ?b   => ?a  <created>  ?b	<Michael_Bennett_(film_director)>	<created>	<Matariki_(film)>	ManualEvaluation	False
?a  <directed>  ?b   => ?a  <created>  ?b	<Hara_Patnaik>	<created>	<I_Love_You_(2005_film)>	ManualEvaluation	Unknown
?a  <directed>  ?b   => ?a  <created>  ?b	<Fred_Schepisi>	<created>	<I.Q._(film)>	ManualEvaluation	False
?a  <directed>  ?b   => ?a  <created>  ?b	<H._Bruce_Humberstone>	<created>	<Iceland_(film)>	ManualEvaluation	False
?a  <directed>  ?b   => ?a  <created>  ?b	<Richard_Brooks>	<created>	<Lord_Jim_(1965_film)>	ManualEvaluation	False
?a  <directed>  ?b   => ?a  <created>  ?b	<Hal_Roach>	<created>	<Luke_Foils_the_Villain>	ManualEvaluation	Unknown
?a  <directed>  ?b   => ?a  <created>  ?b	<Nicholas_Hytner>	<created>	<Center_Stage>	ManualEvaluation	False
?a  <directed>  ?b   => ?a  <created>  ?b	<Bert_Convy>	<created>	<Weekend_Warriors_(film)>	ManualEvaluation	Unknown
?a  <directed>  ?b   => ?a  <created>  ?b	<KM_Nakahira>	<created>	<Kurenai_no_tsubasa>	ManualEvaluation	Unknown
?a  <directed>  ?b   => ?a  <created>  ?b	<Samson_Chiu>	<created>	<Golden_Chicken>	ManualEvaluation	True
?a  <directed>  ?b   => ?a  <created>  ?b	<Wayne_Coles-Janess>	<created>	<In_the_Shadow_of_the_Palms>	ManualEvaluation	True
?a  <directed>  ?b   => ?a  <created>  ?b	<Jonathan_Hensleigh>	<created>	<The_Irishman_(2010_film)>	ManualEvaluation	True
?a  <directed>  ?b   => ?a  <created>  ?b	<Hideyuki_Hirayama>	<created>	<Lady_Joker>	ManualEvaluation	False
?a  <directed>  ?b   => ?a  <created>  ?b	<David_Boreanaz>	<created>	<Soul_Purpose_(Angel)>	ManualEvaluation	False
?a  <directed>  ?b   => ?a  <created>  ?b	<Marc_Evans>	<created>	<Trauma_(2004_film)>	ManualEvaluation	False
?a  <directed>  ?b   => ?a  <created>  ?b	<Steven_Soderbergh>	<created>	<Kafka_(film)>	ManualEvaluation	False
?a  <livesIn>  ?b   => ?a  <isLeaderOf>  ?b	<Fernando_GonzÃ¡lez>	<isLeaderOf>	<La_Reina>	ManualEvaluation	False
?a  <livesIn>  ?b   => ?a  <isLeaderOf>  ?b	<Jerry_Thomas_(Louisiana_politician)>	<isLeaderOf>	<Louisiana>	ManualEvaluation	True
?a  <livesIn>  ?b   => ?a  <isLeaderOf>  ?b	<Javier_SÃ¡nchez>	<isLeaderOf>	<Andorra>	ManualEvaluation	False
?a  <livesIn>  ?b   => ?a  <isLeaderOf>  ?b	<Sophie_Maxwell>	<isLeaderOf>	<California>	ManualEvaluation	False
?a  <livesIn>  ?b   => ?a  <isLeaderOf>  ?b	<Raj_Goyle>	<isLeaderOf>	<Wichita,_Kansas>	ManualEvaluation	False
?a  <livesIn>  ?b   => ?a  <isLeaderOf>  ?b	<Louise_Thibault>	<isLeaderOf>	<Quebec>	ManualEvaluation	False
?a  <livesIn>  ?b   => ?a  <isLeaderOf>  ?b	<Harold_Ford,_Jr.>	<isLeaderOf>	<The_New_York_Times>	ManualEvaluation	False
?a  <livesIn>  ?b   => ?a  <isLeaderOf>  ?b	<Yana_Buchina>	<isLeaderOf>	<Russia>	ManualEvaluation	False
?a  <livesIn>  ?b   => ?a  <isLeaderOf>  ?b	<Paula_Kania>	<isLeaderOf>	<Poland>	ManualEvaluation	False
?a  <livesIn>  ?b   => ?a  <isLeaderOf>  ?b	<Christian_Bergmann>	<isLeaderOf>	<Rostock>	ManualEvaluation	False
?a  <livesIn>  ?b   => ?a  <isLeaderOf>  ?b	<Dana_MacDuff>	<isLeaderOf>	<Washoe_County,_Nevada>	ManualEvaluation	False
?a  <livesIn>  ?b   => ?a  <isLeaderOf>  ?b	<John_C._Dvorak>	<isLeaderOf>	<Washington_(U.S._state)>	ManualEvaluation	False
?a  <livesIn>  ?b   => ?a  <isLeaderOf>  ?b	<Melissa_Hortman>	<isLeaderOf>	<Brooklyn_Park,_Minnesota>	ManualEvaluation	False
?a  <livesIn>  ?b   => ?a  <isLeaderOf>  ?b	<Daniel_Frank_Walls>	<isLeaderOf>	<New_Zealand>	ManualEvaluation	False
?a  <livesIn>  ?b   => ?a  <isLeaderOf>  ?b	<Frank_Lauren_Hitchcock>	<isLeaderOf>	<USA>	ManualEvaluation	False
?a  <livesIn>  ?b   => ?a  <isLeaderOf>  ?b	<Taylor_Dent>	<isLeaderOf>	<Bradenton,_Florida>	ManualEvaluation	False
?a  <livesIn>  ?b   => ?a  <isLeaderOf>  ?b	<Jeff_Pyle>	<isLeaderOf>	<Ford_City,_Pennsylvania>	ManualEvaluation	False
?a  <livesIn>  ?b   => ?a  <isLeaderOf>  ?b	<Gordon_B._Hinckley>	<isLeaderOf>	<Salt_Lake_City>	ManualEvaluation	False
?a  <livesIn>  ?b   => ?a  <isLeaderOf>  ?b	<Yilun_Yang>	<isLeaderOf>	<California>	ManualEvaluation	False
?a  <livesIn>  ?b   => ?a  <isLeaderOf>  ?b	<Krystal_Carey>	<isLeaderOf>	<Pine_Valley,_Pennsylvania>	ManualEvaluation	False
?a  <livesIn>  ?b   => ?a  <isLeaderOf>  ?b	<Binyamin_Ze'ev_Kahane>	<isLeaderOf>	<Kfar_Tapuach>	ManualEvaluation	False
?a  <livesIn>  ?b   => ?a  <isLeaderOf>  ?b	<Ro_Foege>	<isLeaderOf>	<Mount_Vernon,_Iowa>	ManualEvaluation	False
?a  <livesIn>  ?b   => ?a  <isLeaderOf>  ?b	<Per_Aunet>	<isLeaderOf>	<Levanger>	ManualEvaluation	False
?a  <livesIn>  ?b   => ?a  <isLeaderOf>  ?b	<Heath_Shuler>	<isLeaderOf>	<Waynesville,_North_Carolina>	ManualEvaluation	False
?a  <livesIn>  ?b   => ?a  <isLeaderOf>  ?b	<James_T._Walsh>	<isLeaderOf>	<Syracuse,_New_York>	ManualEvaluation	False
?a  <livesIn>  ?b   => ?a  <isLeaderOf>  ?b	<Rebecca_Marino>	<isLeaderOf>	<Vancouver>	ManualEvaluation	False
?a  <livesIn>  ?b   => ?a  <isLeaderOf>  ?b	<Alma_Wheeler_Smith>	<isLeaderOf>	<Ypsilanti,_Michigan>	ManualEvaluation	False
?a  <livesIn>  ?b   => ?a  <isLeaderOf>  ?b	<Bethany_Veney>	<isLeaderOf>	<Worcester,_Massachusetts>	ManualEvaluation	False
?a  <livesIn>  ?b   => ?a  <isLeaderOf>  ?b	<Angie_Bolen>	<isLeaderOf>	<Fairview_(Desperate_Housewives)>	ManualEvaluation	False
?a  <livesIn>  ?b   => ?a  <isLeaderOf>  ?b	<Polona_Hercog>	<isLeaderOf>	<Maribor>	ManualEvaluation	False
?a  <livesIn>  ?b   => ?a  <diedIn>  ?b	<Marc_Basnight>	<diedIn>	<Manteo,_North_Carolina>	ManualEvaluation	Unknown
?a  <livesIn>  ?b   => ?a  <diedIn>  ?b	<Jason_Morgan>	<diedIn>	<Port_Charles,_New_York_(fictional_city)>	ManualEvaluation	Unknown
?a  <livesIn>  ?b   => ?a  <diedIn>  ?b	<Marcello_Dell'Utri>	<diedIn>	<Milan>	ManualEvaluation	Unknown
?a  <livesIn>  ?b   => ?a  <diedIn>  ?b	<Vincent_Davis>	<diedIn>	<Prentiss,_Mississippi>	ManualEvaluation	Unknown
?a  <livesIn>  ?b   => ?a  <diedIn>  ?b	<Janko_Tipsarevi>	<diedIn>	<Serbia>	ManualEvaluation	False
?a  <livesIn>  ?b   => ?a  <diedIn>  ?b	<Victor_Frederick_Weisskopf>	<diedIn>	<Switzerland>	ManualEvaluation	False
?a  <livesIn>  ?b   => ?a  <diedIn>  ?b	<Marc_Silk>	<diedIn>	<Solihull>	ManualEvaluation	Unknown
?a  <livesIn>  ?b   => ?a  <diedIn>  ?b	<Karen_Weldin_Stewart>	<diedIn>	<Delaware>	ManualEvaluation	Unknown
?a  <livesIn>  ?b   => ?a  <diedIn>  ?b	<Sir_Lachlan_Maclean,_12th_Baronet>	<diedIn>	<Glenfarg>	ManualEvaluation	Unknown
?a  <livesIn>  ?b   => ?a  <diedIn>  ?b	<Atsushi_Tsuruyama>	<diedIn>	<Japan>	ManualEvaluation	False
?a  <livesIn>  ?b   => ?a  <diedIn>  ?b	<Jim_Benton>	<diedIn>	<Bloomfield_Township,_Oakland_County,_Michigan>	ManualEvaluation	Unknown
?a  <livesIn>  ?b   => ?a  <diedIn>  ?b	<Raymond_Russell>	<diedIn>	<Prestonpans>	ManualEvaluation	Unknown
?a  <livesIn>  ?b   => ?a  <diedIn>  ?b	<Iveta_BeneaovÃ¡>	<diedIn>	<Most>	ManualEvaluation	Unknown
?a  <livesIn>  ?b   => ?a  <diedIn>  ?b	<Laura-Ann_Petitto>	<diedIn>	<Canada>	ManualEvaluation	False
?a  <livesIn>  ?b   => ?a  <diedIn>  ?b	<Yash_Tonk>	<diedIn>	<India>	ManualEvaluation	False
?a  <livesIn>  ?b   => ?a  <diedIn>  ?b	<John_Caswell_Davis>	<diedIn>	<Saint_Boniface,_Manitoba>	ManualEvaluation	True
?a  <livesIn>  ?b   => ?a  <diedIn>  ?b	<Randy_Kamp>	<diedIn>	<Maple_Ridge,_British_Columbia>	ManualEvaluation	Unknown
?a  <livesIn>  ?b   => ?a  <diedIn>  ?b	<Antigoni_Douka>	<diedIn>	<Greece>	ManualEvaluation	False
?a  <livesIn>  ?b   => ?a  <diedIn>  ?b	<Patrick_Brown_(politician)>	<diedIn>	<Ontario>	ManualEvaluation	Unknown
?a  <livesIn>  ?b   => ?a  <diedIn>  ?b	<Margot_James>	<diedIn>	<South_Kensington>	ManualEvaluation	Unknown
?a  <livesIn>  ?b   => ?a  <diedIn>  ?b	<Suzie_Pierrepont>	<diedIn>	<Greenwich,_Connecticut>	ManualEvaluation	Unknown
